Time,tot-run-time,num-cmds-ok,num-cmds-fail-timeout,num-cmds-default-ok,num-cmds-mapn-ok,num-cmds-aapn-ok,time-default,time-mapn,time-aapn,login-time,timeout-occured,session-backout-fail,total_commands,timeout_rate,command_success_rate,avg_runtime_per_command,avg_login_time,configuration_time,mapn_ratio,aapn_ratio,default_command_ratio
2026-06-02 11:33:01,35,38,0,18,12,8,8,20,7,0,0,0,38,0.0,1.0,0.9210526315789473,0.0,35,0.3157894736842105,0.21052631578947367,0.47368421052631576
2026-06-02 11:48:02,45,38,0,18,12,8,11,24,10,0,0,0,38,0.0,1.0,1.1842105263157894,0.0,45,0.3157894736842105,0.21052631578947367,0.47368421052631576
2026-06-02 12:03:01,33,38,0,18,12,8,9,17,6,1,0,0,38,0.0,1.0,0.868421052631579,0.02631578947368421,32,0.3157894736842105,0.21052631578947367,0.47368421052631576
2026-06-02 12:18:01,37,38,0,18,12,8,15,9,13,0,0,0,38,0.0,1.0,0.9736842105263158,0.0,37,0.3157894736842105,0.21052631578947367,0.47368421052631576
2026-06-02 12:33:02,33,38,0,18,12,8,10,12,11,0,0,0,38,0.0,1.0,0.868421052631579,0.0,33,0.3157894736842105,0.21052631578947367,0.47368421052631576
2026-06-02 12:48:01,28,38,0,18,12,8,8,10,9,1,0,0,38,0.0,1.0,0.7368421052631579,0.02631578947368421,27,0.3157894736842105,0.21052631578947367,0.47368421052631576
2026-06-02 13:03:02,40,38,0,18,12,8,12,16,12,0,0,0,38,0.0,1.0,1.0526315789473684,0.0,40,0.3157894736842105,0.21052631578947367,0.47368421052631576
2026-06-02 13:18:01,34,38,0,18,12,8,10,16,8,0,0,0,38,0.0,1.0,0.8947368421052632,0.0,34,0.3157894736842105,0.21052631578947367,0.47368421052631576
2026-06-02 13:33:01,31,38,0,18,12,8,11,13,6,1,0,0,38,0.0,1.0,0.8157894736842105,0.02631578947368421,30,0.3157894736842105,0.21052631578947367,0.47368421052631576
2026-06-02 13:48:01,30,38,0,18,12,8,12,13,5,0,0,0,38,0.0,1.0,0.7894736842105263,0.0,30,0.3157894736842105,0.21052631578947367,0.47368421052631576
2026-06-02 14:03:01,40,38,0,18,12,8,10,12,18,0,0,0,38,0.0,1.0,1.0526315789473684,0.0,40,0.3157894736842105,0.21052631578947367,0.47368421052631576
2026-06-02 14:18:01,40,38,0,18,12,8,11,15,14,0,0,0,38,0.0,1.0,1.0526315789473684,0.0,40,0.3157894736842105,0.21052631578947367,0.47368421052631576
2026-06-02 14:33:01,32,38,0,18,12,8,8,17,6,1,0,0,38,0.0,1.0,0.8421052631578947,0.02631578947368421,31,0.3157894736842105,0.21052631578947367,0.47368421052631576
2026-06-02 14:48:01,38,38,0,18,12,8,20,11,7,0,0,0,38,0.0,1.0,1.0,0.0,38,0.3157894736842105,0.21052631578947367,0.47368421052631576
2026-06-02 15:03:01,40,38,0,18,12,8,11,21,8,0,0,0,38,0.0,1.0,1.0526315789473684,0.0,40,0.3157894736842105,0.21052631578947367,0.47368421052631576
2026-06-02 15:18:01,38,38,0,18,12,8,15,16,6,1,0,0,38,0.0,1.0,1.0,0.02631578947368421,37,0.3157894736842105,0.21052631578947367,0.47368421052631576
2026-06-02 15:33:01,42,38,0,18,12,8,10,21,11,0,0,0,38,0.0,1.0,1.105263157894737,0.0,42,0.3157894736842105,0.21052631578947367,0.47368421052631576
2026-06-02 15:48:01,41,38,0,18,12,8,20,15,6,0,0,0,38,0.0,1.0,1.0789473684210527,0.0,41,0.3157894736842105,0.21052631578947367,0.47368421052631576
2026-06-02 16:03:02,32,38,0,18,12,8,12,14,6,0,0,0,38,0.0,1.0,0.8421052631578947,0.0,32,0.3157894736842105,0.21052631578947367,0.47368421052631576
2026-06-02 16:18:02,28,38,0,18,12,8,10,11,6,1,0,0,38,0.0,1.0,0.7368421052631579,0.02631578947368421,27,0.3157894736842105,0.21052631578947367,0.47368421052631576
2026-06-02 16:33:02,37,38,0,18,12,8,20,11,6,0,0,0,38,0.0,1.0,0.9736842105263158,0.0,37,0.3157894736842105,0.21052631578947367,0.47368421052631576
2026-06-02 16:48:01,41,38,0,18,12,8,14,20,7,0,0,0,38,0.0,1.0,1.0789473684210527,0.0,41,0.3157894736842105,0.21052631578947367,0.47368421052631576
2026-06-02 17:03:02,36,38,0,18,12,8,14,12,10,0,0,0,38,0.0,1.0,0.9473684210526315,0.0,36,0.3157894736842105,0.21052631578947367,0.47368421052631576
2026-06-02 17:18:01,39,38,0,18,12,8,12,19,7,1,0,0,38,0.0,1.0,1.0263157894736843,0.02631578947368421,38,0.3157894736842105,0.21052631578947367,0.47368421052631576
2026-06-02 17:33:01,41,38,0,18,12,8,13,18,9,1,0,0,38,0.0,1.0,1.0789473684210527,0.02631578947368421,40,0.3157894736842105,0.21052631578947367,0.47368421052631576
2026-06-02 17:48:01,36,38,0,18,12,8,9,21,6,0,0,0,38,0.0,1.0,0.9473684210526315,0.0,36,0.3157894736842105,0.21052631578947367,0.47368421052631576
2026-06-02 18:03:02,40,38,0,18,12,8,11,13,16,0,0,0,38,0.0,1.0,1.0526315789473684,0.0,40,0.3157894736842105,0.21052631578947367,0.47368421052631576
2026-06-02 18:18:01,39,38,0,18,12,8,14,18,7,0,0,0,38,0.0,1.0,1.0263157894736843,0.0,39,0.3157894736842105,0.21052631578947367,0.47368421052631576
2026-06-02 18:33:01,32,38,0,18,12,8,9,10,12,1,0,0,38,0.0,1.0,0.8421052631578947,0.02631578947368421,31,0.3157894736842105,0.21052631578947367,0.47368421052631576
2026-06-02 18:48:01,44,38,0,18,12,8,10,23,11,0,0,0,38,0.0,1.0,1.1578947368421053,0.0,44,0.3157894736842105,0.21052631578947367,0.47368421052631576
2026-06-02 19:03:01,37,38,0,18,12,8,14,17,6,0,0,0,38,0.0,1.0,0.9736842105263158,0.0,37,0.3157894736842105,0.21052631578947367,0.47368421052631576
2026-06-02 19:18:01,37,38,0,18,12,8,12,18,7,0,0,0,38,0.0,1.0,0.9736842105263158,0.0,37,0.3157894736842105,0.21052631578947367,0.47368421052631576
2026-06-02 19:33:01,26,38,0,18,12,8,11,10,5,0,0,0,38,0.0,1.0,0.6842105263157895,0.0,26,0.3157894736842105,0.21052631578947367,0.47368421052631576
2026-06-02 19:48:01,41,38,0,18,12,8,17,17,7,0,0,0,38,0.0,1.0,1.0789473684210527,0.0,41,0.3157894736842105,0.21052631578947367,0.47368421052631576
2026-06-02 20:03:01,32,38,0,18,12,8,11,15,6,0,0,0,38,0.0,1.0,0.8421052631578947,0.0,32,0.3157894736842105,0.21052631578947367,0.47368421052631576
2026-06-02 20:18:04,48,38,0,18,12,8,15,15,18,0,0,0,38,0.0,1.0,1.263157894736842,0.0,48,0.3157894736842105,0.21052631578947367,0.47368421052631576
2026-06-02 20:33:01,40,38,0,18,12,8,9,22,8,1,0,0,38,0.0,1.0,1.0526315789473684,0.02631578947368421,39,0.3157894736842105,0.21052631578947367,0.47368421052631576
2026-06-02 20:48:01,43,38,0,18,12,8,13,22,7,1,0,0,38,0.0,1.0,1.131578947368421,0.02631578947368421,42,0.3157894736842105,0.21052631578947367,0.47368421052631576
2026-06-02 21:03:01,39,38,0,18,12,8,11,21,6,1,0,0,38,0.0,1.0,1.0263157894736843,0.02631578947368421,38,0.3157894736842105,0.21052631578947367,0.47368421052631576
2026-06-02 21:18:01,44,38,0,18,12,8,11,26,7,0,0,0,38,0.0,1.0,1.1578947368421053,0.0,44,0.3157894736842105,0.21052631578947367,0.47368421052631576
2026-06-02 21:33:01,35,38,0,18,12,8,14,14,6,1,0,0,38,0.0,1.0,0.9210526315789473,0.02631578947368421,34,0.3157894736842105,0.21052631578947367,0.47368421052631576
2026-06-02 21:48:01,28,38,0,18,12,8,12,10,6,0,0,0,38,0.0,1.0,0.7368421052631579,0.0,28,0.3157894736842105,0.21052631578947367,0.47368421052631576
2026-06-02 22:03:01,46,38,0,18,12,8,12,10,24,0,0,0,38,0.0,1.0,1.2105263157894737,0.0,46,0.3157894736842105,0.21052631578947367,0.47368421052631576
2026-06-02 22:18:01,54,38,0,18,12,8,22,15,17,0,0,0,38,0.0,1.0,1.4210526315789473,0.0,54,0.3157894736842105,0.21052631578947367,0.47368421052631576
2026-06-02 22:33:01,31,38,0,18,12,8,14,11,6,0,0,0,38,0.0,1.0,0.8157894736842105,0.0,31,0.3157894736842105,0.21052631578947367,0.47368421052631576
2026-06-02 22:48:01,38,38,0,18,12,8,12,12,14,0,0,0,38,0.0,1.0,1.0,0.0,38,0.3157894736842105,0.21052631578947367,0.47368421052631576
2026-06-02 23:03:02,33,38,0,18,12,8,10,14,9,0,0,0,38,0.0,1.0,0.868421052631579,0.0,33,0.3157894736842105,0.21052631578947367,0.47368421052631576
2026-06-02 23:18:01,45,38,0,18,12,8,8,21,16,0,0,0,38,0.0,1.0,1.1842105263157894,0.0,45,0.3157894736842105,0.21052631578947367,0.47368421052631576
2026-06-02 23:33:01,54,38,0,18,12,8,18,26,9,0,0,0,38,0.0,1.0,1.4210526315789473,0.0,53,0.3157894736842105,0.21052631578947367,0.47368421052631576
2026-06-02 23:48:01,39,38,0,18,12,8,14,11,14,0,0,0,38,0.0,1.0,1.0263157894736843,0.0,39,0.3157894736842105,0.21052631578947367,0.47368421052631576
2026-06-03 00:03:04,35,38,0,18,12,8,11,10,14,0,0,0,38,0.0,1.0,0.9210526315789473,0.0,35,0.3157894736842105,0.21052631578947367,0.47368421052631576
2026-06-03 00:18:01,31,38,0,18,12,8,8,15,7,1,0,0,38,0.0,1.0,0.8157894736842105,0.02631578947368421,30,0.3157894736842105,0.21052631578947367,0.47368421052631576
2026-06-03 00:33:01,37,38,0,18,12,8,10,15,11,1,0,0,38,0.0,1.0,0.9736842105263158,0.02631578947368421,36,0.3157894736842105,0.21052631578947367,0.47368421052631576
2026-06-03 00:48:01,33,38,0,18,12,8,13,9,10,1,0,0,38,0.0,1.0,0.868421052631579,0.02631578947368421,32,0.3157894736842105,0.21052631578947367,0.47368421052631576
2026-06-03 01:03:03,35,38,0,18,12,8,12,15,7,1,0,0,38,0.0,1.0,0.9210526315789473,0.02631578947368421,34,0.3157894736842105,0.21052631578947367,0.47368421052631576
2026-06-03 01:18:02,40,38,0,18,12,8,18,16,6,0,0,0,38,0.0,1.0,1.0526315789473684,0.0,40,0.3157894736842105,0.21052631578947367,0.47368421052631576
2026-06-03 01:33:01,39,38,0,18,12,8,11,21,6,1,0,0,38,0.0,1.0,1.0263157894736843,0.02631578947368421,38,0.3157894736842105,0.21052631578947367,0.47368421052631576
2026-06-03 01:48:01,48,38,0,18,12,8,20,16,11,1,0,0,38,0.0,1.0,1.263157894736842,0.02631578947368421,47,0.3157894736842105,0.21052631578947367,0.47368421052631576
2026-06-03 02:03:01,38,38,0,18,12,8,17,10,11,0,0,0,38,0.0,1.0,1.0,0.0,38,0.3157894736842105,0.21052631578947367,0.47368421052631576
2026-06-03 02:18:01,41,38,0,18,12,8,14,13,14,0,0,0,38,0.0,1.0,1.0789473684210527,0.0,41,0.3157894736842105,0.21052631578947367,0.47368421052631576
2026-06-03 02:33:01,44,38,0,18,12,8,20,11,12,1,0,0,38,0.0,1.0,1.1578947368421053,0.02631578947368421,43,0.3157894736842105,0.21052631578947367,0.47368421052631576
2026-06-03 02:48:01,49,38,0,18,12,8,13,17,19,0,0,0,38,0.0,1.0,1.2894736842105263,0.0,49,0.3157894736842105,0.21052631578947367,0.47368421052631576
2026-06-03 03:03:01,36,38,0,18,12,8,11,11,6,1,0,0,38,0.0,1.0,0.9473684210526315,0.02631578947368421,28,0.3157894736842105,0.21052631578947367,0.47368421052631576
2026-06-03 03:18:02,37,38,0,18,12,8,11,13,13,0,0,0,38,0.0,1.0,0.9736842105263158,0.0,37,0.3157894736842105,0.21052631578947367,0.47368421052631576
2026-06-03 03:33:01,49,38,0,18,12,8,19,21,8,1,0,0,38,0.0,1.0,1.2894736842105263,0.02631578947368421,48,0.3157894736842105,0.21052631578947367,0.47368421052631576
2026-06-03 03:48:01,41,38,0,18,12,8,11,15,15,0,0,0,38,0.0,1.0,1.0789473684210527,0.0,41,0.3157894736842105,0.21052631578947367,0.47368421052631576
2026-06-03 04:03:01,45,38,0,18,12,8,11,27,7,0,0,0,38,0.0,1.0,1.1842105263157894,0.0,45,0.3157894736842105,0.21052631578947367,0.47368421052631576
2026-06-03 04:18:01,52,38,0,18,12,8,18,21,13,0,0,0,38,0.0,1.0,1.368421052631579,0.0,52,0.3157894736842105,0.21052631578947367,0.47368421052631576
2026-06-03 04:33:01,49,38,0,18,12,8,12,15,21,1,0,0,38,0.0,1.0,1.2894736842105263,0.02631578947368421,48,0.3157894736842105,0.21052631578947367,0.47368421052631576
2026-06-03 04:48:01,40,38,0,18,12,8,22,12,6,0,0,0,38,0.0,1.0,1.0526315789473684,0.0,40,0.3157894736842105,0.21052631578947367,0.47368421052631576
2026-06-03 05:03:01,51,38,0,18,12,8,23,14,14,0,0,0,38,0.0,1.0,1.3421052631578947,0.0,51,0.3157894736842105,0.21052631578947367,0.47368421052631576
2026-06-03 05:18:01,42,38,0,18,12,8,21,15,5,1,0,0,38,0.0,1.0,1.105263157894737,0.02631578947368421,41,0.3157894736842105,0.21052631578947367,0.47368421052631576
2026-06-03 05:33:02,38,38,0,18,12,8,11,16,11,0,0,0,38,0.0,1.0,1.0,0.0,38,0.3157894736842105,0.21052631578947367,0.47368421052631576
2026-06-03 05:48:02,34,38,0,18,12,8,15,11,6,2,0,0,38,0.0,1.0,0.8947368421052632,0.05263157894736842,32,0.3157894736842105,0.21052631578947367,0.47368421052631576
2026-06-03 06:03:01,38,38,0,18,12,8,11,11,16,0,0,0,38,0.0,1.0,1.0,0.0,38,0.3157894736842105,0.21052631578947367,0.47368421052631576
2026-06-03 06:18:01,41,38,0,18,12,8,13,14,14,0,0,0,38,0.0,1.0,1.0789473684210527,0.0,41,0.3157894736842105,0.21052631578947367,0.47368421052631576
2026-06-03 06:33:02,32,38,0,18,12,8,12,12,8,0,0,0,38,0.0,1.0,0.8421052631578947,0.0,32,0.3157894736842105,0.21052631578947367,0.47368421052631576
2026-06-03 06:48:02,38,38,0,18,12,8,9,19,9,1,0,0,38,0.0,1.0,1.0,0.02631578947368421,37,0.3157894736842105,0.21052631578947367,0.47368421052631576
2026-06-03 07:03:01,43,38,0,18,12,8,15,15,12,1,0,0,38,0.0,1.0,1.131578947368421,0.02631578947368421,42,0.3157894736842105,0.21052631578947367,0.47368421052631576
2026-06-03 07:18:01,43,38,0,18,12,8,12,19,12,0,0,0,38,0.0,1.0,1.131578947368421,0.0,43,0.3157894736842105,0.21052631578947367,0.47368421052631576
2026-06-03 07:33:01,31,38,0,18,12,8,9,13,9,0,0,0,38,0.0,1.0,0.8157894736842105,0.0,31,0.3157894736842105,0.21052631578947367,0.47368421052631576
2026-06-03 07:48:01,38,38,0,18,12,8,12,13,13,0,0,0,38,0.0,1.0,1.0,0.0,38,0.3157894736842105,0.21052631578947367,0.47368421052631576
2026-06-03 08:03:02,34,38,0,18,12,8,13,11,10,0,0,0,38,0.0,1.0,0.8947368421052632,0.0,34,0.3157894736842105,0.21052631578947367,0.47368421052631576
2026-06-03 08:18:01,43,38,0,18,12,8,14,21,7,1,0,0,38,0.0,1.0,1.131578947368421,0.02631578947368421,42,0.3157894736842105,0.21052631578947367,0.47368421052631576
2026-06-03 08:33:02,43,38,0,18,12,8,16,21,6,0,0,0,38,0.0,1.0,1.131578947368421,0.0,43,0.3157894736842105,0.21052631578947367,0.47368421052631576
2026-06-03 08:48:01,46,38,0,18,12,8,16,23,7,0,0,0,38,0.0,1.0,1.2105263157894737,0.0,46,0.3157894736842105,0.21052631578947367,0.47368421052631576
2026-06-03 09:03:02,36,38,0,18,12,8,9,13,14,0,0,0,38,0.0,1.0,0.9473684210526315,0.0,36,0.3157894736842105,0.21052631578947367,0.47368421052631576
2026-06-03 09:18:01,32,38,0,18,12,8,11,14,7,0,0,0,38,0.0,1.0,0.8421052631578947,0.0,32,0.3157894736842105,0.21052631578947367,0.47368421052631576
2026-06-03 09:33:02,27,38,0,18,12,8,9,12,6,0,0,0,38,0.0,1.0,0.7105263157894737,0.0,27,0.3157894736842105,0.21052631578947367,0.47368421052631576
2026-06-03 09:48:01,25,38,0,18,12,8,9,9,7,0,0,0,38,0.0,1.0,0.6578947368421053,0.0,25,0.3157894736842105,0.21052631578947367,0.47368421052631576
2026-06-03 10:03:01,29,38,0,18,12,8,8,14,7,0,0,0,38,0.0,1.0,0.7631578947368421,0.0,29,0.3157894736842105,0.21052631578947367,0.47368421052631576
2026-06-03 10:18:01,32,38,0,18,12,8,12,14,6,0,0,0,38,0.0,1.0,0.8421052631578947,0.0,32,0.3157894736842105,0.21052631578947367,0.47368421052631576
2026-06-03 10:33:01,40,38,0,18,12,8,9,12,18,1,0,0,38,0.0,1.0,1.0526315789473684,0.02631578947368421,39,0.3157894736842105,0.21052631578947367,0.47368421052631576
2026-06-03 10:48:01,48,38,0,18,12,8,10,13,25,0,0,0,38,0.0,1.0,1.263157894736842,0.0,48,0.3157894736842105,0.21052631578947367,0.47368421052631576
2026-06-03 11:03:01,33,38,0,18,12,8,13,10,9,1,0,0,38,0.0,1.0,0.868421052631579,0.02631578947368421,32,0.3157894736842105,0.21052631578947367,0.47368421052631576
2026-06-03 11:18:01,35,38,0,18,12,8,18,11,6,0,0,0,38,0.0,1.0,0.9210526315789473,0.0,35,0.3157894736842105,0.21052631578947367,0.47368421052631576
2026-06-03 11:33:01,47,38,0,18,12,8,12,26,8,1,0,0,38,0.0,1.0,1.236842105263158,0.02631578947368421,46,0.3157894736842105,0.21052631578947367,0.47368421052631576
2026-06-03 11:48:01,42,38,0,18,12,8,10,20,12,0,0,0,38,0.0,1.0,1.105263157894737,0.0,42,0.3157894736842105,0.21052631578947367,0.47368421052631576
2026-06-03 12:03:01,48,38,0,18,12,8,15,25,8,0,0,0,38,0.0,1.0,1.263157894736842,0.0,48,0.3157894736842105,0.21052631578947367,0.47368421052631576
2026-06-03 12:18:01,42,38,0,18,12,8,16,18,8,0,0,0,38,0.0,1.0,1.105263157894737,0.0,42,0.3157894736842105,0.21052631578947367,0.47368421052631576
2026-06-03 12:33:01,38,38,0,18,12,8,15,17,5,1,0,0,38,0.0,1.0,1.0,0.02631578947368421,37,0.3157894736842105,0.21052631578947367,0.47368421052631576
2026-06-03 12:48:01,34,38,0,18,12,8,8,13,13,0,0,0,38,0.0,1.0,0.8947368421052632,0.0,34,0.3157894736842105,0.21052631578947367,0.47368421052631576
2026-06-03 13:03:02,37,38,0,18,12,8,16,15,6,0,0,0,38,0.0,1.0,0.9736842105263158,0.0,37,0.3157894736842105,0.21052631578947367,0.47368421052631576
2026-06-03 13:18:01,37,38,0,18,12,8,12,13,12,0,0,0,38,0.0,1.0,0.9736842105263158,0.0,37,0.3157894736842105,0.21052631578947367,0.47368421052631576
2026-06-03 13:33:01,53,38,0,18,12,8,11,16,25,1,0,0,38,0.0,1.0,1.394736842105263,0.02631578947368421,52,0.3157894736842105,0.21052631578947367,0.47368421052631576
2026-06-03 13:48:01,30,38,0,18,12,8,10,15,5,0,0,0,38,0.0,1.0,0.7894736842105263,0.0,30,0.3157894736842105,0.21052631578947367,0.47368421052631576
2026-06-03 14:03:01,48,38,0,18,12,8,11,19,17,1,0,0,38,0.0,1.0,1.263157894736842,0.02631578947368421,47,0.3157894736842105,0.21052631578947367,0.47368421052631576
2026-06-03 14:18:02,34,38,0,18,12,8,11,17,6,0,0,0,38,0.0,1.0,0.8947368421052632,0.0,34,0.3157894736842105,0.21052631578947367,0.47368421052631576
2026-06-03 14:33:01,47,38,0,18,12,8,15,19,13,0,0,0,38,0.0,1.0,1.236842105263158,0.0,47,0.3157894736842105,0.21052631578947367,0.47368421052631576
2026-06-03 14:48:01,35,38,0,18,12,8,13,13,8,1,0,0,38,0.0,1.0,0.9210526315789473,0.02631578947368421,34,0.3157894736842105,0.21052631578947367,0.47368421052631576
2026-06-03 15:03:01,34,38,0,18,12,8,10,13,11,0,0,0,38,0.0,1.0,0.8947368421052632,0.0,34,0.3157894736842105,0.21052631578947367,0.47368421052631576
2026-06-03 15:18:01,39,38,0,18,12,8,12,10,16,1,0,0,38,0.0,1.0,1.0263157894736843,0.02631578947368421,38,0.3157894736842105,0.21052631578947367,0.47368421052631576
2026-06-03 15:33:01,43,38,0,18,12,8,15,18,10,0,0,0,38,0.0,1.0,1.131578947368421,0.0,43,0.3157894736842105,0.21052631578947367,0.47368421052631576
2026-06-03 15:48:02,46,38,0,18,12,8,10,18,18,0,0,0,38,0.0,1.0,1.2105263157894737,0.0,46,0.3157894736842105,0.21052631578947367,0.47368421052631576
2026-06-03 16:03:02,31,38,0,18,12,8,16,10,5,0,0,0,38,0.0,1.0,0.8157894736842105,0.0,31,0.3157894736842105,0.21052631578947367,0.47368421052631576
2026-06-03 16:18:01,40,38,0,18,12,8,11,14,14,1,0,0,38,0.0,1.0,1.0526315789473684,0.02631578947368421,39,0.3157894736842105,0.21052631578947367,0.47368421052631576
2026-06-03 16:33:01,60,38,0,18,12,8,14,12,34,0,0,0,38,0.0,1.0,1.5789473684210527,0.0,60,0.3157894736842105,0.21052631578947367,0.47368421052631576
2026-06-03 16:48:01,36,38,0,18,12,8,12,17,6,1,0,0,38,0.0,1.0,0.9473684210526315,0.02631578947368421,35,0.3157894736842105,0.21052631578947367,0.47368421052631576
2026-06-03 17:03:01,47,38,0,18,12,8,16,20,11,0,0,0,38,0.0,1.0,1.236842105263158,0.0,47,0.3157894736842105,0.21052631578947367,0.47368421052631576
2026-06-03 17:18:01,36,38,0,18,12,8,12,13,11,0,0,0,38,0.0,1.0,0.9473684210526315,0.0,36,0.3157894736842105,0.21052631578947367,0.47368421052631576
2026-06-03 17:33:01,40,38,0,18,12,8,22,10,8,0,0,0,38,0.0,1.0,1.0526315789473684,0.0,40,0.3157894736842105,0.21052631578947367,0.47368421052631576
2026-06-03 17:48:01,41,37,1,18,11,8,14,20,6,1,1,0,38,0.02631578947368421,0.9736842105263158,1.0789473684210527,0.02631578947368421,40,0.2894736842105263,0.21052631578947367,0.47368421052631576
2026-06-03 18:03:01,54,38,0,18,12,8,21,26,7,0,0,0,38,0.0,1.0,1.4210526315789473,0.0,54,0.3157894736842105,0.21052631578947367,0.47368421052631576
2026-06-03 18:18:02,36,38,0,18,12,8,11,16,9,0,0,0,38,0.0,1.0,0.9473684210526315,0.0,36,0.3157894736842105,0.21052631578947367,0.47368421052631576
2026-06-03 18:33:01,40,38,0,18,12,8,19,14,7,0,0,0,38,0.0,1.0,1.0526315789473684,0.0,40,0.3157894736842105,0.21052631578947367,0.47368421052631576
2026-06-03 18:48:02,41,38,0,18,12,8,13,15,12,0,0,0,38,0.0,1.0,1.0789473684210527,0.0,40,0.3157894736842105,0.21052631578947367,0.47368421052631576
2026-06-03 19:03:01,40,38,0,18,12,8,15,19,6,0,0,0,38,0.0,1.0,1.0526315789473684,0.0,40,0.3157894736842105,0.21052631578947367,0.47368421052631576
2026-06-03 19:18:03,51,38,0,18,12,8,17,11,23,0,0,0,38,0.0,1.0,1.3421052631578947,0.0,51,0.3157894736842105,0.21052631578947367,0.47368421052631576
2026-06-03 19:33:02,40,38,0,18,12,8,16,18,6,0,0,0,38,0.0,1.0,1.0526315789473684,0.0,40,0.3157894736842105,0.21052631578947367,0.47368421052631576
2026-06-03 19:48:01,36,38,0,18,12,8,16,10,10,0,0,0,38,0.0,1.0,0.9473684210526315,0.0,36,0.3157894736842105,0.21052631578947367,0.47368421052631576
2026-06-03 20:03:02,63,38,0,18,12,8,12,42,9,0,0,0,38,0.0,1.0,1.6578947368421053,0.0,63,0.3157894736842105,0.21052631578947367,0.47368421052631576
2026-06-03 20:18:01,29,38,0,18,12,8,8,13,8,0,0,0,38,0.0,1.0,0.7631578947368421,0.0,29,0.3157894736842105,0.21052631578947367,0.47368421052631576
2026-06-03 20:33:01,36,38,0,18,12,8,11,18,6,1,0,0,38,0.0,1.0,0.9473684210526315,0.02631578947368421,35,0.3157894736842105,0.21052631578947367,0.47368421052631576
2026-06-03 20:48:01,30,38,0,18,12,8,12,11,6,1,0,0,38,0.0,1.0,0.7894736842105263,0.02631578947368421,29,0.3157894736842105,0.21052631578947367,0.47368421052631576
2026-06-03 21:03:01,52,38,0,18,12,8,8,35,9,0,0,0,38,0.0,1.0,1.368421052631579,0.0,52,0.3157894736842105,0.21052631578947367,0.47368421052631576
2026-06-03 21:18:01,43,38,0,18,12,8,14,12,17,0,0,0,38,0.0,1.0,1.131578947368421,0.0,43,0.3157894736842105,0.21052631578947367,0.47368421052631576
2026-06-03 21:33:01,49,38,0,18,12,8,10,17,22,0,0,0,38,0.0,1.0,1.2894736842105263,0.0,49,0.3157894736842105,0.21052631578947367,0.47368421052631576
2026-06-03 21:48:01,40,38,0,18,12,8,14,19,7,0,0,0,38,0.0,1.0,1.0526315789473684,0.0,40,0.3157894736842105,0.21052631578947367,0.47368421052631576
2026-06-03 22:03:01,48,38,0,18,12,8,14,24,10,0,0,0,38,0.0,1.0,1.263157894736842,0.0,48,0.3157894736842105,0.21052631578947367,0.47368421052631576
2026-06-03 22:18:02,31,38,0,18,12,8,12,13,6,0,0,0,38,0.0,1.0,0.8157894736842105,0.0,31,0.3157894736842105,0.21052631578947367,0.47368421052631576
2026-06-03 22:33:01,37,38,0,18,12,8,8,13,15,1,0,0,38,0.0,1.0,0.9736842105263158,0.02631578947368421,36,0.3157894736842105,0.21052631578947367,0.47368421052631576
2026-06-03 22:48:02,56,38,0,18,12,8,15,28,10,3,0,0,38,0.0,1.0,1.4736842105263157,0.07894736842105263,53,0.3157894736842105,0.21052631578947367,0.47368421052631576
2026-06-03 23:03:01,36,38,0,18,12,8,8,14,13,1,0,0,38,0.0,1.0,0.9473684210526315,0.02631578947368421,35,0.3157894736842105,0.21052631578947367,0.47368421052631576
2026-06-03 23:18:01,38,38,0,18,12,8,15,17,6,0,0,0,38,0.0,1.0,1.0,0.0,38,0.3157894736842105,0.21052631578947367,0.47368421052631576
2026-06-03 23:33:01,28,38,0,18,12,8,10,12,6,0,0,0,38,0.0,1.0,0.7368421052631579,0.0,28,0.3157894736842105,0.21052631578947367,0.47368421052631576
2026-06-03 23:48:01,42,38,0,18,12,8,18,12,12,0,0,0,38,0.0,1.0,1.105263157894737,0.0,42,0.3157894736842105,0.21052631578947367,0.47368421052631576
2026-06-04 00:03:04,37,38,0,18,12,8,15,15,7,0,0,0,38,0.0,1.0,0.9736842105263158,0.0,37,0.3157894736842105,0.21052631578947367,0.47368421052631576
2026-06-04 00:18:01,39,38,0,18,12,8,12,12,15,0,0,0,38,0.0,1.0,1.0263157894736843,0.0,39,0.3157894736842105,0.21052631578947367,0.47368421052631576
2026-06-04 00:33:01,41,38,0,18,12,8,19,16,6,0,0,0,38,0.0,1.0,1.0789473684210527,0.0,41,0.3157894736842105,0.21052631578947367,0.47368421052631576
2026-06-04 00:48:01,33,38,0,18,12,8,9,12,11,1,0,0,38,0.0,1.0,0.868421052631579,0.02631578947368421,32,0.3157894736842105,0.21052631578947367,0.47368421052631576
2026-06-04 01:03:01,36,38,0,18,12,8,13,12,10,1,0,0,38,0.0,1.0,0.9473684210526315,0.02631578947368421,35,0.3157894736842105,0.21052631578947367,0.47368421052631576
2026-06-04 01:18:01,35,38,0,18,12,8,13,14,8,0,0,0,38,0.0,1.0,0.9210526315789473,0.0,35,0.3157894736842105,0.21052631578947367,0.47368421052631576
2026-06-04 01:33:01,33,38,0,18,12,8,9,16,7,1,0,0,38,0.0,1.0,0.868421052631579,0.02631578947368421,32,0.3157894736842105,0.21052631578947367,0.47368421052631576
2026-06-04 01:48:01,30,38,0,18,12,8,12,12,6,0,0,0,38,0.0,1.0,0.7894736842105263,0.0,30,0.3157894736842105,0.21052631578947367,0.47368421052631576
2026-06-04 02:03:01,55,38,0,18,12,8,15,31,9,0,0,0,38,0.0,1.0,1.4473684210526316,0.0,55,0.3157894736842105,0.21052631578947367,0.47368421052631576
2026-06-04 02:18:01,38,38,0,18,12,8,15,13,10,0,0,0,38,0.0,1.0,1.0,0.0,38,0.3157894736842105,0.21052631578947367,0.47368421052631576
2026-06-04 02:33:01,29,38,0,18,12,8,12,12,5,0,0,0,38,0.0,1.0,0.7631578947368421,0.0,29,0.3157894736842105,0.21052631578947367,0.47368421052631576
2026-06-04 02:48:01,30,38,0,18,12,8,11,12,7,0,0,0,38,0.0,1.0,0.7894736842105263,0.0,30,0.3157894736842105,0.21052631578947367,0.47368421052631576
2026-06-04 03:03:01,34,38,0,18,12,8,14,15,5,0,0,0,38,0.0,1.0,0.8947368421052632,0.0,34,0.3157894736842105,0.21052631578947367,0.47368421052631576
2026-06-04 03:18:01,42,38,0,18,12,8,9,27,6,0,0,0,38,0.0,1.0,1.105263157894737,0.0,42,0.3157894736842105,0.21052631578947367,0.47368421052631576
2026-06-04 03:33:01,38,38,0,18,12,8,15,16,6,1,0,0,38,0.0,1.0,1.0,0.02631578947368421,37,0.3157894736842105,0.21052631578947367,0.47368421052631576
2026-06-04 03:48:01,36,38,0,18,12,8,11,17,8,0,0,0,38,0.0,1.0,0.9473684210526315,0.0,36,0.3157894736842105,0.21052631578947367,0.47368421052631576
2026-06-04 04:03:01,46,38,0,18,12,8,17,13,16,0,0,0,38,0.0,1.0,1.2105263157894737,0.0,46,0.3157894736842105,0.21052631578947367,0.47368421052631576
2026-06-04 04:18:02,34,38,0,18,12,8,16,10,8,0,0,0,38,0.0,1.0,0.8947368421052632,0.0,34,0.3157894736842105,0.21052631578947367,0.47368421052631576
2026-06-04 04:33:01,30,38,0,18,12,8,11,14,5,0,0,0,38,0.0,1.0,0.7894736842105263,0.0,30,0.3157894736842105,0.21052631578947367,0.47368421052631576
2026-06-04 04:48:01,50,38,0,18,12,8,18,22,10,0,0,0,38,0.0,1.0,1.3157894736842106,0.0,50,0.3157894736842105,0.21052631578947367,0.47368421052631576
2026-06-04 05:03:01,46,38,0,18,12,8,16,13,17,0,0,0,38,0.0,1.0,1.2105263157894737,0.0,46,0.3157894736842105,0.21052631578947367,0.47368421052631576
2026-06-04 05:18:01,35,38,0,18,12,8,13,15,7,0,0,0,38,0.0,1.0,0.9210526315789473,0.0,35,0.3157894736842105,0.21052631578947367,0.47368421052631576
2026-06-04 05:33:01,45,38,0,18,12,8,16,23,6,0,0,0,38,0.0,1.0,1.1842105263157894,0.0,45,0.3157894736842105,0.21052631578947367,0.47368421052631576
2026-06-04 05:48:01,34,38,0,18,12,8,16,12,6,0,0,0,38,0.0,1.0,0.8947368421052632,0.0,34,0.3157894736842105,0.21052631578947367,0.47368421052631576
2026-06-04 06:03:01,29,38,0,18,12,8,11,12,6,0,0,0,38,0.0,1.0,0.7631578947368421,0.0,29,0.3157894736842105,0.21052631578947367,0.47368421052631576
2026-06-04 06:18:01,28,38,0,18,12,8,8,12,7,1,0,0,38,0.0,1.0,0.7368421052631579,0.02631578947368421,27,0.3157894736842105,0.21052631578947367,0.47368421052631576
2026-06-04 06:33:01,38,38,0,18,12,8,15,12,11,0,0,0,38,0.0,1.0,1.0,0.0,38,0.3157894736842105,0.21052631578947367,0.47368421052631576
2026-06-04 06:48:02,52,38,0,18,12,8,15,30,7,0,0,0,38,0.0,1.0,1.368421052631579,0.0,52,0.3157894736842105,0.21052631578947367,0.47368421052631576
2026-06-04 07:03:01,32,38,0,18,12,8,13,14,5,0,0,0,38,0.0,1.0,0.8421052631578947,0.0,32,0.3157894736842105,0.21052631578947367,0.47368421052631576
2026-06-04 07:18:01,35,38,0,18,12,8,17,11,7,0,0,0,38,0.0,1.0,0.9210526315789473,0.0,35,0.3157894736842105,0.21052631578947367,0.47368421052631576
2026-06-04 07:33:01,40,38,0,18,12,8,14,20,6,0,0,0,38,0.0,1.0,1.0526315789473684,0.0,40,0.3157894736842105,0.21052631578947367,0.47368421052631576
2026-06-04 07:48:02,38,38,0,18,12,8,11,20,7,0,0,0,38,0.0,1.0,1.0,0.0,38,0.3157894736842105,0.21052631578947367,0.47368421052631576
2026-06-04 08:03:02,55,37,1,18,11,8,7,41,7,1,1,0,38,0.02631578947368421,0.9736842105263158,1.4473684210526316,0.02631578947368421,55,0.2894736842105263,0.21052631578947367,0.47368421052631576
2026-06-04 08:18:01,45,38,0,18,12,8,10,14,21,0,0,0,38,0.0,1.0,1.1842105263157894,0.0,45,0.3157894736842105,0.21052631578947367,0.47368421052631576
2026-06-04 08:33:01,49,38,0,18,12,8,23,16,9,1,0,0,38,0.0,1.0,1.2894736842105263,0.02631578947368421,48,0.3157894736842105,0.21052631578947367,0.47368421052631576
2026-06-04 08:48:01,44,38,0,18,12,8,13,14,17,0,0,0,38,0.0,1.0,1.1578947368421053,0.0,44,0.3157894736842105,0.21052631578947367,0.47368421052631576
2026-06-04 09:03:01,41,38,0,18,12,8,19,13,8,1,0,0,38,0.0,1.0,1.0789473684210527,0.02631578947368421,40,0.3157894736842105,0.21052631578947367,0.47368421052631576
2026-06-04 09:18:02,37,38,0,18,12,8,10,13,14,0,0,0,38,0.0,1.0,0.9736842105263158,0.0,37,0.3157894736842105,0.21052631578947367,0.47368421052631576
2026-06-04 09:33:01,32,38,0,18,12,8,12,13,7,0,0,0,38,0.0,1.0,0.8421052631578947,0.0,32,0.3157894736842105,0.21052631578947367,0.47368421052631576
2026-06-04 09:48:01,40,38,0,18,12,8,14,16,10,0,0,0,38,0.0,1.0,1.0526315789473684,0.0,40,0.3157894736842105,0.21052631578947367,0.47368421052631576
2026-06-04 10:03:01,41,38,0,18,12,8,14,13,14,0,0,0,38,0.0,1.0,1.0789473684210527,0.0,41,0.3157894736842105,0.21052631578947367,0.47368421052631576
2026-06-04 10:18:01,41,38,0,18,12,8,11,21,8,1,0,0,38,0.0,1.0,1.0789473684210527,0.02631578947368421,40,0.3157894736842105,0.21052631578947367,0.47368421052631576
2026-06-04 10:33:04,32,38,0,18,12,8,12,12,8,0,0,0,38,0.0,1.0,0.8421052631578947,0.0,32,0.3157894736842105,0.21052631578947367,0.47368421052631576
2026-06-04 10:48:01,50,38,0,18,12,8,11,18,21,0,0,0,38,0.0,1.0,1.3157894736842106,0.0,50,0.3157894736842105,0.21052631578947367,0.47368421052631576
2026-06-04 11:03:01,31,38,0,18,12,8,12,9,9,1,0,0,38,0.0,1.0,0.8157894736842105,0.02631578947368421,30,0.3157894736842105,0.21052631578947367,0.47368421052631576
2026-06-04 11:18:01,33,38,0,18,12,8,10,14,9,0,0,0,38,0.0,1.0,0.868421052631579,0.0,33,0.3157894736842105,0.21052631578947367,0.47368421052631576
2026-06-04 11:33:02,50,38,0,18,12,8,23,22,5,0,0,0,38,0.0,1.0,1.3157894736842106,0.0,50,0.3157894736842105,0.21052631578947367,0.47368421052631576
2026-06-04 11:48:01,48,38,0,18,12,8,15,14,16,0,0,0,38,0.0,1.0,1.263157894736842,0.0,45,0.3157894736842105,0.21052631578947367,0.47368421052631576
2026-06-04 12:03:01,38,38,0,18,12,8,14,11,12,1,0,0,38,0.0,1.0,1.0,0.02631578947368421,37,0.3157894736842105,0.21052631578947367,0.47368421052631576
2026-06-04 12:18:03,30,38,0,18,12,8,12,11,7,0,0,0,38,0.0,1.0,0.7894736842105263,0.0,30,0.3157894736842105,0.21052631578947367,0.47368421052631576
2026-06-04 12:33:02,41,38,0,18,12,8,12,11,6,1,0,0,38,0.0,1.0,1.0789473684210527,0.02631578947368421,29,0.3157894736842105,0.21052631578947367,0.47368421052631576
2026-06-04 12:48:01,32,38,0,18,12,8,11,14,7,0,0,0,38,0.0,1.0,0.8421052631578947,0.0,32,0.3157894736842105,0.21052631578947367,0.47368421052631576
2026-06-04 13:03:02,41,38,0,18,12,8,12,20,8,1,0,0,38,0.0,1.0,1.0789473684210527,0.02631578947368421,40,0.3157894736842105,0.21052631578947367,0.47368421052631576
2026-06-04 13:18:01,38,38,0,18,12,8,14,18,5,1,0,0,38,0.0,1.0,1.0,0.02631578947368421,37,0.3157894736842105,0.21052631578947367,0.47368421052631576
2026-06-04 13:33:01,40,38,0,18,12,8,15,14,11,0,0,0,38,0.0,1.0,1.0526315789473684,0.0,40,0.3157894736842105,0.21052631578947367,0.47368421052631576
2026-06-04 13:48:01,32,38,0,18,12,8,13,10,8,1,0,0,38,0.0,1.0,0.8421052631578947,0.02631578947368421,31,0.3157894736842105,0.21052631578947367,0.47368421052631576
2026-06-04 14:03:02,33,38,0,18,12,8,9,12,12,0,0,0,38,0.0,1.0,0.868421052631579,0.0,33,0.3157894736842105,0.21052631578947367,0.47368421052631576
2026-06-04 14:18:02,35,38,0,18,12,8,9,20,6,0,0,0,38,0.0,1.0,0.9210526315789473,0.0,35,0.3157894736842105,0.21052631578947367,0.47368421052631576
2026-06-04 14:33:02,42,38,0,18,12,8,21,16,5,0,0,0,38,0.0,1.0,1.105263157894737,0.0,42,0.3157894736842105,0.21052631578947367,0.47368421052631576
2026-06-04 14:48:01,40,38,0,18,12,8,14,11,14,0,0,0,38,0.0,1.0,1.0526315789473684,0.0,39,0.3157894736842105,0.21052631578947367,0.47368421052631576
2026-06-04 15:03:01,34,38,0,18,12,8,9,10,14,1,0,0,38,0.0,1.0,0.8947368421052632,0.02631578947368421,33,0.3157894736842105,0.21052631578947367,0.47368421052631576
2026-06-04 15:18:01,32,38,0,18,12,8,10,12,10,0,0,0,38,0.0,1.0,0.8421052631578947,0.0,32,0.3157894736842105,0.21052631578947367,0.47368421052631576
2026-06-04 15:33:01,44,38,0,18,12,8,21,10,6,0,0,0,38,0.0,1.0,1.1578947368421053,0.0,37,0.3157894736842105,0.21052631578947367,0.47368421052631576
2026-06-04 15:48:02,27,38,0,18,12,8,9,12,6,0,0,0,38,0.0,1.0,0.7105263157894737,0.0,27,0.3157894736842105,0.21052631578947367,0.47368421052631576
2026-06-04 16:03:01,26,38,0,18,12,8,9,11,6,0,0,0,38,0.0,1.0,0.6842105263157895,0.0,26,0.3157894736842105,0.21052631578947367,0.47368421052631576
2026-06-04 16:18:02,31,38,0,18,12,8,11,14,6,0,0,0,38,0.0,1.0,0.8157894736842105,0.0,31,0.3157894736842105,0.21052631578947367,0.47368421052631576
2026-06-04 16:33:01,47,38,0,18,12,8,14,17,15,0,0,0,38,0.0,1.0,1.236842105263158,0.0,46,0.3157894736842105,0.21052631578947367,0.47368421052631576
2026-06-04 16:48:01,60,38,0,18,12,8,18,31,10,1,0,0,38,0.0,1.0,1.5789473684210527,0.02631578947368421,59,0.3157894736842105,0.21052631578947367,0.47368421052631576
2026-06-04 17:03:01,29,38,0,18,12,8,9,13,6,1,0,0,38,0.0,1.0,0.7631578947368421,0.02631578947368421,28,0.3157894736842105,0.21052631578947367,0.47368421052631576
2026-06-04 17:18:01,37,38,0,18,12,8,10,21,6,0,0,0,38,0.0,1.0,0.9736842105263158,0.0,37,0.3157894736842105,0.21052631578947367,0.47368421052631576
2026-06-04 17:33:01,49,38,0,18,12,8,13,29,6,1,0,0,38,0.0,1.0,1.2894736842105263,0.02631578947368421,48,0.3157894736842105,0.21052631578947367,0.47368421052631576
2026-06-04 17:48:01,37,38,0,18,12,8,12,15,10,0,0,0,38,0.0,1.0,0.9736842105263158,0.0,37,0.3157894736842105,0.21052631578947367,0.47368421052631576
2026-06-04 18:03:01,44,38,0,18,12,8,10,17,5,0,0,0,38,0.0,1.0,1.1578947368421053,0.0,32,0.3157894736842105,0.21052631578947367,0.47368421052631576
2026-06-04 18:18:01,29,38,0,18,12,8,12,11,6,0,0,0,38,0.0,1.0,0.7631578947368421,0.0,29,0.3157894736842105,0.21052631578947367,0.47368421052631576
2026-06-04 18:33:01,32,38,0,18,12,8,12,12,8,0,0,0,38,0.0,1.0,0.8421052631578947,0.0,32,0.3157894736842105,0.21052631578947367,0.47368421052631576
2026-06-04 18:48:02,27,38,0,18,12,8,10,11,6,0,0,0,38,0.0,1.0,0.7105263157894737,0.0,27,0.3157894736842105,0.21052631578947367,0.47368421052631576
2026-06-04 19:03:01,36,38,0,18,12,8,11,10,15,0,0,0,38,0.0,1.0,0.9473684210526315,0.0,36,0.3157894736842105,0.21052631578947367,0.47368421052631576
2026-06-04 19:18:02,30,38,0,18,12,8,8,14,8,0,0,0,38,0.0,1.0,0.7894736842105263,0.0,30,0.3157894736842105,0.21052631578947367,0.47368421052631576
2026-06-04 19:33:01,59,38,0,18,12,8,20,33,6,0,0,0,38,0.0,1.0,1.5526315789473684,0.0,59,0.3157894736842105,0.21052631578947367,0.47368421052631576
2026-06-04 19:48:01,32,38,0,18,12,8,16,10,6,0,0,0,38,0.0,1.0,0.8421052631578947,0.0,32,0.3157894736842105,0.21052631578947367,0.47368421052631576
2026-06-04 20:03:01,47,38,0,18,12,8,12,29,6,0,0,0,38,0.0,1.0,1.236842105263158,0.0,47,0.3157894736842105,0.21052631578947367,0.47368421052631576
2026-06-04 20:18:01,45,38,0,18,12,8,14,22,8,1,0,0,38,0.0,1.0,1.1842105263157894,0.02631578947368421,44,0.3157894736842105,0.21052631578947367,0.47368421052631576
2026-06-04 20:33:01,37,38,0,18,12,8,9,10,17,1,0,0,38,0.0,1.0,0.9736842105263158,0.02631578947368421,36,0.3157894736842105,0.21052631578947367,0.47368421052631576
2026-06-04 20:48:01,29,38,0,18,12,8,11,10,8,0,0,0,38,0.0,1.0,0.7631578947368421,0.0,29,0.3157894736842105,0.21052631578947367,0.47368421052631576
2026-06-04 21:03:01,61,38,0,18,12,8,25,23,12,1,0,0,38,0.0,1.0,1.605263157894737,0.02631578947368421,60,0.3157894736842105,0.21052631578947367,0.47368421052631576
2026-06-04 21:18:01,44,38,0,18,12,8,12,14,18,0,0,0,38,0.0,1.0,1.1578947368421053,0.0,44,0.3157894736842105,0.21052631578947367,0.47368421052631576
2026-06-04 21:33:01,47,38,0,18,12,8,18,24,5,0,0,0,38,0.0,1.0,1.236842105263158,0.0,47,0.3157894736842105,0.21052631578947367,0.47368421052631576
2026-06-04 21:48:01,45,38,0,18,12,8,12,15,18,0,0,0,38,0.0,1.0,1.1842105263157894,0.0,45,0.3157894736842105,0.21052631578947367,0.47368421052631576
2026-06-04 22:03:01,37,38,0,18,12,8,16,15,5,1,0,0,38,0.0,1.0,0.9736842105263158,0.02631578947368421,36,0.3157894736842105,0.21052631578947367,0.47368421052631576
2026-06-04 22:18:02,30,38,0,18,12,8,10,11,9,0,0,0,38,0.0,1.0,0.7894736842105263,0.0,30,0.3157894736842105,0.21052631578947367,0.47368421052631576
2026-06-04 22:33:01,29,38,0,18,12,8,11,11,6,1,0,0,38,0.0,1.0,0.7631578947368421,0.02631578947368421,28,0.3157894736842105,0.21052631578947367,0.47368421052631576
2026-06-04 22:48:01,49,38,0,18,12,8,17,24,7,1,0,0,38,0.0,1.0,1.2894736842105263,0.02631578947368421,48,0.3157894736842105,0.21052631578947367,0.47368421052631576
2026-06-04 23:03:01,40,38,0,18,12,8,14,13,12,1,0,0,38,0.0,1.0,1.0526315789473684,0.02631578947368421,39,0.3157894736842105,0.21052631578947367,0.47368421052631576
2026-06-04 23:18:01,40,38,0,18,12,8,9,24,7,0,0,0,38,0.0,1.0,1.0526315789473684,0.0,40,0.3157894736842105,0.21052631578947367,0.47368421052631576
2026-06-04 23:33:01,52,38,0,18,12,8,10,32,10,0,0,0,38,0.0,1.0,1.368421052631579,0.0,52,0.3157894736842105,0.21052631578947367,0.47368421052631576
2026-06-04 23:48:01,40,38,0,18,12,8,14,19,7,0,0,0,38,0.0,1.0,1.0526315789473684,0.0,40,0.3157894736842105,0.21052631578947367,0.47368421052631576
2026-06-05 00:03:03,63,38,0,18,12,8,18,26,19,0,0,0,38,0.0,1.0,1.6578947368421053,0.0,63,0.3157894736842105,0.21052631578947367,0.47368421052631576
2026-06-05 00:18:01,24,38,0,18,12,8,8,10,6,0,0,0,38,0.0,1.0,0.631578947368421,0.0,24,0.3157894736842105,0.21052631578947367,0.47368421052631576
2026-06-05 00:33:02,51,38,0,18,12,8,11,31,9,0,0,0,38,0.0,1.0,1.3421052631578947,0.0,51,0.3157894736842105,0.21052631578947367,0.47368421052631576
2026-06-05 00:48:01,47,38,0,18,12,8,12,29,6,0,0,0,38,0.0,1.0,1.236842105263158,0.0,47,0.3157894736842105,0.21052631578947367,0.47368421052631576
2026-06-05 01:03:02,36,38,0,18,12,8,10,19,7,0,0,0,38,0.0,1.0,0.9473684210526315,0.0,36,0.3157894736842105,0.21052631578947367,0.47368421052631576
2026-06-05 01:18:01,31,38,0,18,12,8,10,15,6,0,0,0,38,0.0,1.0,0.8157894736842105,0.0,31,0.3157894736842105,0.21052631578947367,0.47368421052631576
2026-06-05 01:33:01,58,38,0,18,12,8,20,21,17,0,0,0,38,0.0,1.0,1.5263157894736843,0.0,58,0.3157894736842105,0.21052631578947367,0.47368421052631576
2026-06-05 01:48:01,52,38,0,18,12,8,11,22,18,1,0,0,38,0.0,1.0,1.368421052631579,0.02631578947368421,51,0.3157894736842105,0.21052631578947367,0.47368421052631576
2026-06-05 02:03:01,35,38,0,18,12,8,14,14,7,0,0,0,38,0.0,1.0,0.9210526315789473,0.0,35,0.3157894736842105,0.21052631578947367,0.47368421052631576
2026-06-05 02:18:01,55,38,0,18,12,8,17,17,21,0,0,0,38,0.0,1.0,1.4473684210526316,0.0,55,0.3157894736842105,0.21052631578947367,0.47368421052631576
2026-06-05 02:33:01,40,38,0,18,12,8,9,24,7,0,0,0,38,0.0,1.0,1.0526315789473684,0.0,40,0.3157894736842105,0.21052631578947367,0.47368421052631576
2026-06-05 02:48:01,27,38,0,18,12,8,10,12,5,0,0,0,38,0.0,1.0,0.7105263157894737,0.0,27,0.3157894736842105,0.21052631578947367,0.47368421052631576
2026-06-05 03:03:01,36,38,0,18,12,8,14,16,6,0,0,0,38,0.0,1.0,0.9473684210526315,0.0,36,0.3157894736842105,0.21052631578947367,0.47368421052631576
2026-06-05 03:18:01,49,38,0,18,12,8,11,19,19,0,0,0,38,0.0,1.0,1.2894736842105263,0.0,49,0.3157894736842105,0.21052631578947367,0.47368421052631576
2026-06-05 03:33:01,33,38,0,18,12,8,9,18,6,0,0,0,38,0.0,1.0,0.868421052631579,0.0,33,0.3157894736842105,0.21052631578947367,0.47368421052631576
2026-06-05 03:48:01,43,38,0,18,12,8,22,13,8,0,0,0,38,0.0,1.0,1.131578947368421,0.0,43,0.3157894736842105,0.21052631578947367,0.47368421052631576
2026-06-05 04:03:01,56,38,0,18,12,8,12,28,16,0,0,0,38,0.0,1.0,1.4736842105263157,0.0,56,0.3157894736842105,0.21052631578947367,0.47368421052631576
2026-06-05 04:18:01,33,38,0,18,12,8,10,14,8,0,0,0,38,0.0,1.0,0.868421052631579,0.0,32,0.3157894736842105,0.21052631578947367,0.47368421052631576
2026-06-05 04:33:01,34,38,0,18,12,8,13,15,6,0,0,0,38,0.0,1.0,0.8947368421052632,0.0,34,0.3157894736842105,0.21052631578947367,0.47368421052631576
2026-06-05 04:48:02,36,38,0,18,12,8,10,14,12,0,0,0,38,0.0,1.0,0.9473684210526315,0.0,36,0.3157894736842105,0.21052631578947367,0.47368421052631576
2026-06-05 05:03:04,38,38,0,18,12,8,13,16,9,0,0,0,38,0.0,1.0,1.0,0.0,38,0.3157894736842105,0.21052631578947367,0.47368421052631576
2026-06-05 05:18:01,44,38,0,18,12,8,14,22,7,1,0,0,38,0.0,1.0,1.1578947368421053,0.02631578947368421,43,0.3157894736842105,0.21052631578947367,0.47368421052631576
2026-06-05 05:33:01,51,38,0,18,12,8,12,21,18,0,0,0,38,0.0,1.0,1.3421052631578947,0.0,51,0.3157894736842105,0.21052631578947367,0.47368421052631576
2026-06-05 05:48:01,34,38,0,18,12,8,13,13,8,0,0,0,38,0.0,1.0,0.8947368421052632,0.0,34,0.3157894736842105,0.21052631578947367,0.47368421052631576
2026-06-05 06:03:01,43,38,0,18,12,8,10,10,23,0,0,0,38,0.0,1.0,1.131578947368421,0.0,43,0.3157894736842105,0.21052631578947367,0.47368421052631576
2026-06-05 06:18:01,47,38,0,18,12,8,14,16,16,1,0,0,38,0.0,1.0,1.236842105263158,0.02631578947368421,46,0.3157894736842105,0.21052631578947367,0.47368421052631576
2026-06-05 06:33:01,40,38,0,18,12,8,20,12,7,1,0,0,38,0.0,1.0,1.0526315789473684,0.02631578947368421,39,0.3157894736842105,0.21052631578947367,0.47368421052631576
2026-06-05 06:48:02,59,38,0,18,12,8,10,31,17,1,0,0,38,0.0,1.0,1.5526315789473684,0.02631578947368421,58,0.3157894736842105,0.21052631578947367,0.47368421052631576
2026-06-05 07:03:01,35,38,0,18,12,8,13,10,12,0,0,0,38,0.0,1.0,0.9210526315789473,0.0,35,0.3157894736842105,0.21052631578947367,0.47368421052631576
2026-06-05 07:18:02,32,38,0,18,12,8,10,14,8,0,0,0,38,0.0,1.0,0.8421052631578947,0.0,32,0.3157894736842105,0.21052631578947367,0.47368421052631576
2026-06-05 07:33:01,39,38,0,18,12,8,15,17,6,1,0,0,38,0.0,1.0,1.0263157894736843,0.02631578947368421,38,0.3157894736842105,0.21052631578947367,0.47368421052631576
2026-06-05 07:48:01,47,38,0,18,12,8,9,29,8,1,0,0,38,0.0,1.0,1.236842105263158,0.02631578947368421,46,0.3157894736842105,0.21052631578947367,0.47368421052631576
2026-06-05 08:03:01,28,38,0,18,12,8,10,9,9,0,0,0,38,0.0,1.0,0.7368421052631579,0.0,28,0.3157894736842105,0.21052631578947367,0.47368421052631576
2026-06-05 08:18:01,34,38,0,18,12,8,11,14,6,0,0,0,38,0.0,1.0,0.8947368421052632,0.0,31,0.3157894736842105,0.21052631578947367,0.47368421052631576
2026-06-05 08:33:01,48,38,0,18,12,8,13,25,9,1,0,0,38,0.0,1.0,1.263157894736842,0.02631578947368421,47,0.3157894736842105,0.21052631578947367,0.47368421052631576
2026-06-05 08:48:01,38,38,0,18,12,8,18,12,8,0,0,0,38,0.0,1.0,1.0,0.0,38,0.3157894736842105,0.21052631578947367,0.47368421052631576
2026-06-05 09:03:02,39,38,0,18,12,8,17,16,6,0,0,0,38,0.0,1.0,1.0263157894736843,0.0,39,0.3157894736842105,0.21052631578947367,0.47368421052631576
2026-06-05 09:18:01,32,38,0,18,12,8,14,11,7,0,0,0,38,0.0,1.0,0.8421052631578947,0.0,32,0.3157894736842105,0.21052631578947367,0.47368421052631576
2026-06-05 09:33:02,32,38,0,18,12,8,12,11,9,0,0,0,38,0.0,1.0,0.8421052631578947,0.0,32,0.3157894736842105,0.21052631578947367,0.47368421052631576
2026-06-05 09:48:01,39,38,0,18,12,8,12,20,7,0,0,0,38,0.0,1.0,1.0263157894736843,0.0,39,0.3157894736842105,0.21052631578947367,0.47368421052631576
2026-06-05 10:03:01,45,38,0,18,12,8,11,14,20,0,0,0,38,0.0,1.0,1.1842105263157894,0.0,45,0.3157894736842105,0.21052631578947367,0.47368421052631576
2026-06-05 10:18:01,39,38,0,18,12,8,17,16,5,1,0,0,38,0.0,1.0,1.0263157894736843,0.02631578947368421,38,0.3157894736842105,0.21052631578947367,0.47368421052631576
2026-06-05 10:33:01,50,38,0,18,12,8,20,12,17,1,0,0,38,0.0,1.0,1.3157894736842106,0.02631578947368421,49,0.3157894736842105,0.21052631578947367,0.47368421052631576
2026-06-05 10:48:01,32,38,0,18,12,8,11,15,6,0,0,0,38,0.0,1.0,0.8421052631578947,0.0,32,0.3157894736842105,0.21052631578947367,0.47368421052631576
2026-06-05 11:03:01,38,38,0,18,12,8,13,14,11,0,0,0,38,0.0,1.0,1.0,0.0,38,0.3157894736842105,0.21052631578947367,0.47368421052631576
2026-06-05 11:18:01,35,38,0,18,12,8,11,17,7,0,0,0,38,0.0,1.0,0.9210526315789473,0.0,35,0.3157894736842105,0.21052631578947367,0.47368421052631576
2026-06-05 11:33:02,38,38,0,18,12,8,13,17,8,0,0,0,38,0.0,1.0,1.0,0.0,38,0.3157894736842105,0.21052631578947367,0.47368421052631576
2026-06-05 11:48:01,45,38,0,18,12,8,16,18,10,0,0,0,38,0.0,1.0,1.1842105263157894,0.0,44,0.3157894736842105,0.21052631578947367,0.47368421052631576
2026-06-05 12:03:01,35,38,0,18,12,8,16,11,7,1,0,0,38,0.0,1.0,0.9210526315789473,0.02631578947368421,34,0.3157894736842105,0.21052631578947367,0.47368421052631576
2026-06-05 12:18:01,46,38,0,18,12,8,18,19,9,0,0,0,38,0.0,1.0,1.2105263157894737,0.0,46,0.3157894736842105,0.21052631578947367,0.47368421052631576
2026-06-05 12:33:01,37,38,0,18,12,8,17,13,7,0,0,0,38,0.0,1.0,0.9736842105263158,0.0,37,0.3157894736842105,0.21052631578947367,0.47368421052631576
2026-06-05 12:48:01,29,38,0,18,12,8,9,13,6,1,0,0,38,0.0,1.0,0.7631578947368421,0.02631578947368421,28,0.3157894736842105,0.21052631578947367,0.47368421052631576
2026-06-05 13:03:03,37,38,0,18,12,8,12,14,10,1,0,0,38,0.0,1.0,0.9736842105263158,0.02631578947368421,36,0.3157894736842105,0.21052631578947367,0.47368421052631576
2026-06-05 13:18:02,36,38,0,18,12,8,16,13,7,0,0,0,38,0.0,1.0,0.9473684210526315,0.0,36,0.3157894736842105,0.21052631578947367,0.47368421052631576
2026-06-05 13:33:02,40,38,0,18,12,8,14,16,10,0,0,0,38,0.0,1.0,1.0526315789473684,0.0,40,0.3157894736842105,0.21052631578947367,0.47368421052631576
2026-06-05 13:48:01,36,38,0,18,12,8,8,16,12,0,0,0,38,0.0,1.0,0.9473684210526315,0.0,36,0.3157894736842105,0.21052631578947367,0.47368421052631576
2026-06-05 14:03:01,61,38,0,18,12,8,23,25,13,0,0,0,38,0.0,1.0,1.605263157894737,0.0,61,0.3157894736842105,0.21052631578947367,0.47368421052631576
2026-06-05 14:18:03,32,38,0,18,12,8,12,10,9,1,0,0,38,0.0,1.0,0.8421052631578947,0.02631578947368421,31,0.3157894736842105,0.21052631578947367,0.47368421052631576
2026-06-05 14:33:01,44,38,0,18,12,8,11,12,21,0,0,0,38,0.0,1.0,1.1578947368421053,0.0,44,0.3157894736842105,0.21052631578947367,0.47368421052631576
2026-06-05 14:48:01,42,38,0,18,12,8,12,21,9,0,0,0,38,0.0,1.0,1.105263157894737,0.0,42,0.3157894736842105,0.21052631578947367,0.47368421052631576
2026-06-05 15:03:02,29,38,0,18,12,8,12,10,6,1,0,0,38,0.0,1.0,0.7631578947368421,0.02631578947368421,28,0.3157894736842105,0.21052631578947367,0.47368421052631576
2026-06-05 15:18:01,59,38,0,18,12,8,16,33,9,1,0,0,38,0.0,1.0,1.5526315789473684,0.02631578947368421,58,0.3157894736842105,0.21052631578947367,0.47368421052631576
2026-06-05 15:33:01,48,38,0,18,12,8,12,28,7,1,0,0,38,0.0,1.0,1.263157894736842,0.02631578947368421,47,0.3157894736842105,0.21052631578947367,0.47368421052631576
2026-06-05 15:48:01,34,38,0,18,12,8,9,11,13,1,0,0,38,0.0,1.0,0.8947368421052632,0.02631578947368421,33,0.3157894736842105,0.21052631578947367,0.47368421052631576
2026-06-05 16:03:01,39,38,0,18,12,8,10,17,11,1,0,0,38,0.0,1.0,1.0263157894736843,0.02631578947368421,38,0.3157894736842105,0.21052631578947367,0.47368421052631576
2026-06-05 16:18:02,46,38,0,18,12,8,22,19,5,0,0,0,38,0.0,1.0,1.2105263157894737,0.0,46,0.3157894736842105,0.21052631578947367,0.47368421052631576
2026-06-05 16:33:02,49,37,1,18,12,7,14,14,21,1,1,0,38,0.02631578947368421,0.9736842105263158,1.2894736842105263,0.02631578947368421,49,0.3157894736842105,0.18421052631578946,0.47368421052631576
2026-06-05 16:48:01,31,38,0,18,12,8,8,15,7,0,0,0,38,0.0,1.0,0.8157894736842105,0.0,30,0.3157894736842105,0.21052631578947367,0.47368421052631576
2026-06-05 17:03:01,58,38,0,18,12,8,11,24,23,0,0,0,38,0.0,1.0,1.5263157894736843,0.0,58,0.3157894736842105,0.21052631578947367,0.47368421052631576
2026-06-05 17:18:01,30,38,0,18,12,8,8,12,10,0,0,0,38,0.0,1.0,0.7894736842105263,0.0,30,0.3157894736842105,0.21052631578947367,0.47368421052631576
2026-06-05 17:33:01,31,38,0,18,12,8,9,17,5,0,0,0,38,0.0,1.0,0.8157894736842105,0.0,31,0.3157894736842105,0.21052631578947367,0.47368421052631576
2026-06-05 17:48:01,42,38,0,18,12,8,16,18,8,0,0,0,38,0.0,1.0,1.105263157894737,0.0,42,0.3157894736842105,0.21052631578947367,0.47368421052631576
2026-06-05 18:03:01,52,38,0,18,12,8,13,24,14,1,0,0,38,0.0,1.0,1.368421052631579,0.02631578947368421,51,0.3157894736842105,0.21052631578947367,0.47368421052631576
2026-06-05 18:18:01,49,38,0,18,12,8,12,29,8,0,0,0,38,0.0,1.0,1.2894736842105263,0.0,49,0.3157894736842105,0.21052631578947367,0.47368421052631576
2026-06-05 18:33:02,58,38,0,18,12,8,19,14,25,0,0,0,38,0.0,1.0,1.5263157894736843,0.0,58,0.3157894736842105,0.21052631578947367,0.47368421052631576
2026-06-05 18:48:01,50,38,0,18,12,8,14,24,11,1,0,0,38,0.0,1.0,1.3157894736842106,0.02631578947368421,49,0.3157894736842105,0.21052631578947367,0.47368421052631576
2026-06-05 19:03:01,34,38,0,18,12,8,11,10,13,0,0,0,38,0.0,1.0,0.8947368421052632,0.0,34,0.3157894736842105,0.21052631578947367,0.47368421052631576
2026-06-05 19:18:01,51,38,0,18,12,8,10,17,24,0,0,0,38,0.0,1.0,1.3421052631578947,0.0,51,0.3157894736842105,0.21052631578947367,0.47368421052631576
2026-06-05 19:33:01,41,38,0,18,12,8,14,15,7,1,0,0,38,0.0,1.0,1.0789473684210527,0.02631578947368421,36,0.3157894736842105,0.21052631578947367,0.47368421052631576
2026-06-05 19:48:01,39,38,0,18,12,8,11,21,6,1,0,0,38,0.0,1.0,1.0263157894736843,0.02631578947368421,38,0.3157894736842105,0.21052631578947367,0.47368421052631576
2026-06-05 20:03:01,48,38,0,18,12,8,15,26,6,1,0,0,38,0.0,1.0,1.263157894736842,0.02631578947368421,47,0.3157894736842105,0.21052631578947367,0.47368421052631576
2026-06-05 20:18:01,44,38,0,18,12,8,12,25,6,1,0,0,38,0.0,1.0,1.1578947368421053,0.02631578947368421,43,0.3157894736842105,0.21052631578947367,0.47368421052631576
2026-06-05 20:33:01,64,38,0,18,12,8,16,25,22,1,0,0,38,0.0,1.0,1.6842105263157894,0.02631578947368421,63,0.3157894736842105,0.21052631578947367,0.47368421052631576
2026-06-05 20:48:01,28,38,0,18,12,8,11,10,7,0,0,0,38,0.0,1.0,0.7368421052631579,0.0,28,0.3157894736842105,0.21052631578947367,0.47368421052631576
2026-06-05 21:03:01,31,38,0,18,12,8,14,11,6,0,0,0,38,0.0,1.0,0.8157894736842105,0.0,31,0.3157894736842105,0.21052631578947367,0.47368421052631576
2026-06-05 21:18:01,57,38,0,18,12,8,21,19,17,0,0,0,38,0.0,1.0,1.5,0.0,57,0.3157894736842105,0.21052631578947367,0.47368421052631576
2026-06-05 21:33:01,46,38,0,18,12,8,8,31,7,0,0,0,38,0.0,1.0,1.2105263157894737,0.0,46,0.3157894736842105,0.21052631578947367,0.47368421052631576
2026-06-05 21:48:02,41,38,0,18,12,8,14,10,17,0,0,0,38,0.0,1.0,1.0789473684210527,0.0,41,0.3157894736842105,0.21052631578947367,0.47368421052631576
2026-06-05 22:03:01,48,38,0,18,12,8,18,22,7,1,0,0,38,0.0,1.0,1.263157894736842,0.02631578947368421,47,0.3157894736842105,0.21052631578947367,0.47368421052631576
2026-06-05 22:18:01,47,38,0,18,12,8,12,27,7,1,0,0,38,0.0,1.0,1.236842105263158,0.02631578947368421,46,0.3157894736842105,0.21052631578947367,0.47368421052631576
2026-06-05 22:33:01,41,38,0,18,12,8,13,22,6,0,0,0,38,0.0,1.0,1.0789473684210527,0.0,41,0.3157894736842105,0.21052631578947367,0.47368421052631576
2026-06-05 22:48:01,39,38,0,18,12,8,13,10,16,0,0,0,38,0.0,1.0,1.0263157894736843,0.0,39,0.3157894736842105,0.21052631578947367,0.47368421052631576
2026-06-05 23:03:01,42,38,0,18,12,8,17,16,9,0,0,0,38,0.0,1.0,1.105263157894737,0.0,42,0.3157894736842105,0.21052631578947367,0.47368421052631576
2026-06-05 23:18:01,41,38,0,18,12,8,17,17,6,1,0,0,38,0.0,1.0,1.0789473684210527,0.02631578947368421,40,0.3157894736842105,0.21052631578947367,0.47368421052631576
2026-06-05 23:33:04,25,38,0,18,12,8,8,10,7,0,0,0,38,0.0,1.0,0.6578947368421053,0.0,25,0.3157894736842105,0.21052631578947367,0.47368421052631576
2026-06-05 23:48:02,33,38,0,18,12,8,11,16,6,0,0,0,38,0.0,1.0,0.868421052631579,0.0,33,0.3157894736842105,0.21052631578947367,0.47368421052631576
2026-06-06 00:03:04,42,38,0,18,12,8,23,11,8,0,0,0,38,0.0,1.0,1.105263157894737,0.0,42,0.3157894736842105,0.21052631578947367,0.47368421052631576
2026-06-06 00:18:01,36,38,0,18,12,8,15,12,9,0,0,0,38,0.0,1.0,0.9473684210526315,0.0,36,0.3157894736842105,0.21052631578947367,0.47368421052631576
2026-06-06 00:33:01,35,38,0,18,12,8,12,18,5,0,0,0,38,0.0,1.0,0.9210526315789473,0.0,35,0.3157894736842105,0.21052631578947367,0.47368421052631576
2026-06-06 00:48:01,24,38,0,18,12,8,8,11,5,0,0,0,38,0.0,1.0,0.631578947368421,0.0,24,0.3157894736842105,0.21052631578947367,0.47368421052631576
2026-06-06 01:03:02,50,37,1,18,12,7,12,13,24,1,1,0,38,0.02631578947368421,0.9736842105263158,1.3157894736842106,0.02631578947368421,49,0.3157894736842105,0.18421052631578946,0.47368421052631576
2026-06-06 01:18:01,54,38,0,18,12,8,17,20,17,0,0,0,38,0.0,1.0,1.4210526315789473,0.0,54,0.3157894736842105,0.21052631578947367,0.47368421052631576
2026-06-06 01:33:01,34,38,0,18,12,8,8,14,11,1,0,0,38,0.0,1.0,0.8947368421052632,0.02631578947368421,33,0.3157894736842105,0.21052631578947367,0.47368421052631576
2026-06-06 01:48:02,34,38,0,18,12,8,16,10,8,0,0,0,38,0.0,1.0,0.8947368421052632,0.0,34,0.3157894736842105,0.21052631578947367,0.47368421052631576
2026-06-06 02:03:01,36,38,0,18,12,8,16,14,6,0,0,0,38,0.0,1.0,0.9473684210526315,0.0,36,0.3157894736842105,0.21052631578947367,0.47368421052631576
2026-06-06 02:18:01,36,38,0,18,12,8,12,16,8,0,0,0,38,0.0,1.0,0.9473684210526315,0.0,36,0.3157894736842105,0.21052631578947367,0.47368421052631576
2026-06-06 02:33:01,31,38,0,18,12,8,13,12,6,0,0,0,38,0.0,1.0,0.8157894736842105,0.0,31,0.3157894736842105,0.21052631578947367,0.47368421052631576
2026-06-06 02:48:01,48,38,0,18,12,8,23,16,9,0,0,0,38,0.0,1.0,1.263157894736842,0.0,48,0.3157894736842105,0.21052631578947367,0.47368421052631576
2026-06-06 03:03:01,42,38,0,18,12,8,10,24,8,0,0,0,38,0.0,1.0,1.105263157894737,0.0,42,0.3157894736842105,0.21052631578947367,0.47368421052631576
2026-06-06 03:18:02,50,38,0,18,12,8,9,35,6,0,0,0,38,0.0,1.0,1.3157894736842106,0.0,50,0.3157894736842105,0.21052631578947367,0.47368421052631576
2026-06-06 03:33:01,30,38,0,18,12,8,12,10,8,0,0,0,38,0.0,1.0,0.7894736842105263,0.0,30,0.3157894736842105,0.21052631578947367,0.47368421052631576
2026-06-06 03:48:01,44,38,0,18,12,8,11,13,19,1,0,0,38,0.0,1.0,1.1578947368421053,0.02631578947368421,43,0.3157894736842105,0.21052631578947367,0.47368421052631576
2026-06-06 04:03:01,35,38,0,18,12,8,14,13,8,0,0,0,38,0.0,1.0,0.9210526315789473,0.0,35,0.3157894736842105,0.21052631578947367,0.47368421052631576
2026-06-06 04:18:01,38,38,0,18,12,8,14,13,11,0,0,0,38,0.0,1.0,1.0,0.0,38,0.3157894736842105,0.21052631578947367,0.47368421052631576
2026-06-06 04:33:01,44,38,0,18,12,8,18,19,7,0,0,0,38,0.0,1.0,1.1578947368421053,0.0,44,0.3157894736842105,0.21052631578947367,0.47368421052631576
2026-06-06 04:48:01,40,38,0,18,12,8,14,12,14,0,0,0,38,0.0,1.0,1.0526315789473684,0.0,40,0.3157894736842105,0.21052631578947367,0.47368421052631576
2026-06-06 05:03:02,33,38,0,18,12,8,13,14,6,0,0,0,38,0.0,1.0,0.868421052631579,0.0,33,0.3157894736842105,0.21052631578947367,0.47368421052631576
2026-06-06 05:18:02,43,38,0,18,12,8,14,20,7,2,0,0,38,0.0,1.0,1.131578947368421,0.05263157894736842,41,0.3157894736842105,0.21052631578947367,0.47368421052631576
2026-06-06 05:33:01,38,38,0,18,12,8,10,21,7,0,0,0,38,0.0,1.0,1.0,0.0,38,0.3157894736842105,0.21052631578947367,0.47368421052631576
2026-06-06 05:48:01,40,38,0,18,12,8,11,22,7,0,0,0,38,0.0,1.0,1.0526315789473684,0.0,40,0.3157894736842105,0.21052631578947367,0.47368421052631576
2026-06-06 06:03:02,37,38,0,18,12,8,10,13,14,0,0,0,38,0.0,1.0,0.9736842105263158,0.0,37,0.3157894736842105,0.21052631578947367,0.47368421052631576
2026-06-06 06:18:01,46,38,0,18,12,8,17,19,9,1,0,0,38,0.0,1.0,1.2105263157894737,0.02631578947368421,45,0.3157894736842105,0.21052631578947367,0.47368421052631576
2026-06-06 06:33:01,44,38,0,18,12,8,13,25,6,0,0,0,38,0.0,1.0,1.1578947368421053,0.0,44,0.3157894736842105,0.21052631578947367,0.47368421052631576
2026-06-06 06:48:01,33,38,0,18,12,8,11,16,6,0,0,0,38,0.0,1.0,0.868421052631579,0.0,33,0.3157894736842105,0.21052631578947367,0.47368421052631576
2026-06-06 07:03:01,45,38,0,18,12,8,10,27,7,1,0,0,38,0.0,1.0,1.1842105263157894,0.02631578947368421,44,0.3157894736842105,0.21052631578947367,0.47368421052631576
2026-06-06 07:18:01,36,38,0,18,12,8,20,10,6,0,0,0,38,0.0,1.0,0.9473684210526315,0.0,36,0.3157894736842105,0.21052631578947367,0.47368421052631576
2026-06-06 07:33:01,47,38,0,18,12,8,14,14,19,0,0,0,38,0.0,1.0,1.236842105263158,0.0,47,0.3157894736842105,0.21052631578947367,0.47368421052631576
2026-06-06 07:48:02,30,38,0,18,12,8,10,15,5,0,0,0,38,0.0,1.0,0.7894736842105263,0.0,30,0.3157894736842105,0.21052631578947367,0.47368421052631576
2026-06-06 08:03:01,46,38,0,18,12,8,8,31,7,0,0,0,38,0.0,1.0,1.2105263157894737,0.0,46,0.3157894736842105,0.21052631578947367,0.47368421052631576
2026-06-06 08:18:02,54,38,0,18,12,8,18,20,16,0,0,0,38,0.0,1.0,1.4210526315789473,0.0,54,0.3157894736842105,0.21052631578947367,0.47368421052631576
2026-06-06 08:33:01,39,38,0,18,12,8,10,12,17,0,0,0,38,0.0,1.0,1.0263157894736843,0.0,39,0.3157894736842105,0.21052631578947367,0.47368421052631576
2026-06-06 08:48:01,39,38,0,18,12,8,21,13,5,0,0,0,38,0.0,1.0,1.0263157894736843,0.0,39,0.3157894736842105,0.21052631578947367,0.47368421052631576
2026-06-06 09:03:01,59,38,0,18,12,8,13,32,14,0,0,0,38,0.0,1.0,1.5526315789473684,0.0,59,0.3157894736842105,0.21052631578947367,0.47368421052631576
2026-06-06 09:18:01,48,38,0,18,12,8,25,17,6,0,0,0,38,0.0,1.0,1.263157894736842,0.0,48,0.3157894736842105,0.21052631578947367,0.47368421052631576
2026-06-06 09:33:01,48,38,0,18,12,8,10,19,18,1,0,0,38,0.0,1.0,1.263157894736842,0.02631578947368421,47,0.3157894736842105,0.21052631578947367,0.47368421052631576
2026-06-06 09:48:01,35,38,0,18,12,8,10,11,14,0,0,0,38,0.0,1.0,0.9210526315789473,0.0,35,0.3157894736842105,0.21052631578947367,0.47368421052631576
2026-06-06 10:03:01,42,38,0,18,12,8,12,20,9,1,0,0,38,0.0,1.0,1.105263157894737,0.02631578947368421,41,0.3157894736842105,0.21052631578947367,0.47368421052631576
2026-06-06 10:18:02,46,38,0,18,12,8,13,12,21,0,0,0,38,0.0,1.0,1.2105263157894737,0.0,46,0.3157894736842105,0.21052631578947367,0.47368421052631576
2026-06-06 10:33:02,41,38,0,18,12,8,18,17,6,0,0,0,38,0.0,1.0,1.0789473684210527,0.0,41,0.3157894736842105,0.21052631578947367,0.47368421052631576
2026-06-06 10:48:01,50,38,0,18,12,8,22,13,15,0,0,0,38,0.0,1.0,1.3157894736842106,0.0,50,0.3157894736842105,0.21052631578947367,0.47368421052631576
2026-06-06 11:03:01,44,38,0,18,12,8,10,20,13,1,0,0,38,0.0,1.0,1.1578947368421053,0.02631578947368421,43,0.3157894736842105,0.21052631578947367,0.47368421052631576
2026-06-06 11:18:01,32,38,0,18,12,8,11,15,6,0,0,0,38,0.0,1.0,0.8421052631578947,0.0,32,0.3157894736842105,0.21052631578947367,0.47368421052631576
2026-06-06 11:33:01,30,38,0,18,12,8,14,9,7,0,0,0,38,0.0,1.0,0.7894736842105263,0.0,30,0.3157894736842105,0.21052631578947367,0.47368421052631576
2026-06-06 11:48:01,48,38,0,18,12,8,24,10,14,0,0,0,38,0.0,1.0,1.263157894736842,0.0,48,0.3157894736842105,0.21052631578947367,0.47368421052631576
2026-06-06 12:03:01,48,38,0,18,12,8,11,24,13,0,0,0,38,0.0,1.0,1.263157894736842,0.0,48,0.3157894736842105,0.21052631578947367,0.47368421052631576
2026-06-06 12:18:01,43,38,0,18,12,8,18,18,6,1,0,0,38,0.0,1.0,1.131578947368421,0.02631578947368421,42,0.3157894736842105,0.21052631578947367,0.47368421052631576
2026-06-06 12:33:02,47,38,0,18,12,8,9,30,7,1,0,0,38,0.0,1.0,1.236842105263158,0.02631578947368421,46,0.3157894736842105,0.21052631578947367,0.47368421052631576
2026-06-06 12:48:01,43,38,0,18,12,8,7,14,9,1,0,0,38,0.0,1.0,1.131578947368421,0.02631578947368421,30,0.3157894736842105,0.21052631578947367,0.47368421052631576
2026-06-06 13:03:01,40,38,0,18,12,8,16,16,8,0,0,0,38,0.0,1.0,1.0526315789473684,0.0,40,0.3157894736842105,0.21052631578947367,0.47368421052631576
2026-06-06 13:18:01,35,38,0,18,12,8,18,11,5,1,0,0,38,0.0,1.0,0.9210526315789473,0.02631578947368421,34,0.3157894736842105,0.21052631578947367,0.47368421052631576
2026-06-06 13:33:01,43,38,0,18,12,8,19,15,9,0,0,0,38,0.0,1.0,1.131578947368421,0.0,43,0.3157894736842105,0.21052631578947367,0.47368421052631576
2026-06-06 13:48:01,49,38,0,18,12,8,12,31,6,0,0,0,38,0.0,1.0,1.2894736842105263,0.0,49,0.3157894736842105,0.21052631578947367,0.47368421052631576
2026-06-06 14:03:01,38,38,0,18,12,8,15,17,6,0,0,0,38,0.0,1.0,1.0,0.0,38,0.3157894736842105,0.21052631578947367,0.47368421052631576
2026-06-06 14:18:01,36,38,0,18,12,8,15,12,8,1,0,0,38,0.0,1.0,0.9473684210526315,0.02631578947368421,35,0.3157894736842105,0.21052631578947367,0.47368421052631576
2026-06-06 14:33:01,57,38,0,18,12,8,16,31,10,0,0,0,38,0.0,1.0,1.5,0.0,57,0.3157894736842105,0.21052631578947367,0.47368421052631576
2026-06-06 14:48:01,46,38,0,18,12,8,16,21,9,0,0,0,38,0.0,1.0,1.2105263157894737,0.0,46,0.3157894736842105,0.21052631578947367,0.47368421052631576
2026-06-06 15:03:01,30,38,0,18,12,8,8,15,6,1,0,0,38,0.0,1.0,0.7894736842105263,0.02631578947368421,29,0.3157894736842105,0.21052631578947367,0.47368421052631576
2026-06-06 15:18:01,53,38,0,18,12,8,16,29,8,0,0,0,38,0.0,1.0,1.394736842105263,0.0,53,0.3157894736842105,0.21052631578947367,0.47368421052631576
2026-06-06 15:33:01,52,38,0,18,12,8,10,20,22,0,0,0,38,0.0,1.0,1.368421052631579,0.0,52,0.3157894736842105,0.21052631578947367,0.47368421052631576
2026-06-06 15:48:01,34,38,0,18,12,8,12,15,7,0,0,0,38,0.0,1.0,0.8947368421052632,0.0,34,0.3157894736842105,0.21052631578947367,0.47368421052631576
2026-06-06 16:03:01,41,38,0,18,12,8,12,12,16,1,0,0,38,0.0,1.0,1.0789473684210527,0.02631578947368421,40,0.3157894736842105,0.21052631578947367,0.47368421052631576
2026-06-06 16:18:02,32,38,0,18,12,8,10,16,6,0,0,0,38,0.0,1.0,0.8421052631578947,0.0,32,0.3157894736842105,0.21052631578947367,0.47368421052631576
2026-06-06 16:33:01,40,38,0,18,12,8,14,19,7,0,0,0,38,0.0,1.0,1.0526315789473684,0.0,40,0.3157894736842105,0.21052631578947367,0.47368421052631576
2026-06-06 16:48:01,30,38,0,18,12,8,12,10,8,0,0,0,38,0.0,1.0,0.7894736842105263,0.0,30,0.3157894736842105,0.21052631578947367,0.47368421052631576
2026-06-06 17:03:01,39,38,0,18,12,8,17,14,8,0,0,0,38,0.0,1.0,1.0263157894736843,0.0,39,0.3157894736842105,0.21052631578947367,0.47368421052631576
2026-06-06 17:18:02,54,38,0,18,12,8,29,11,14,0,0,0,38,0.0,1.0,1.4210526315789473,0.0,54,0.3157894736842105,0.21052631578947367,0.47368421052631576
2026-06-06 17:33:01,41,38,0,18,12,8,17,16,8,0,0,0,38,0.0,1.0,1.0789473684210527,0.0,41,0.3157894736842105,0.21052631578947367,0.47368421052631576
2026-06-06 17:48:01,37,38,0,18,12,8,15,12,10,0,0,0,38,0.0,1.0,0.9736842105263158,0.0,37,0.3157894736842105,0.21052631578947367,0.47368421052631576
2026-06-06 18:03:01,39,38,0,18,12,8,14,12,12,1,0,0,38,0.0,1.0,1.0263157894736843,0.02631578947368421,38,0.3157894736842105,0.21052631578947367,0.47368421052631576
2026-06-06 18:18:01,35,38,0,18,12,8,9,19,7,0,0,0,38,0.0,1.0,0.9210526315789473,0.0,35,0.3157894736842105,0.21052631578947367,0.47368421052631576
2026-06-06 18:33:01,34,38,0,18,12,8,14,9,11,0,0,0,38,0.0,1.0,0.8947368421052632,0.0,34,0.3157894736842105,0.21052631578947367,0.47368421052631576
2026-06-06 18:48:01,51,38,0,18,12,8,15,27,9,0,0,0,38,0.0,1.0,1.3421052631578947,0.0,51,0.3157894736842105,0.21052631578947367,0.47368421052631576
2026-06-06 19:03:01,48,38,0,18,12,8,12,14,20,0,0,0,38,0.0,1.0,1.263157894736842,0.0,46,0.3157894736842105,0.21052631578947367,0.47368421052631576
2026-06-06 19:18:01,40,38,0,18,12,8,15,14,10,1,0,0,38,0.0,1.0,1.0526315789473684,0.02631578947368421,39,0.3157894736842105,0.21052631578947367,0.47368421052631576
2026-06-06 19:33:02,41,38,0,18,12,8,12,22,7,0,0,0,38,0.0,1.0,1.0789473684210527,0.0,41,0.3157894736842105,0.21052631578947367,0.47368421052631576
2026-06-06 19:48:01,33,38,0,18,12,8,15,10,8,0,0,0,38,0.0,1.0,0.868421052631579,0.0,33,0.3157894736842105,0.21052631578947367,0.47368421052631576
2026-06-06 20:03:01,37,38,0,18,12,8,16,15,6,0,0,0,38,0.0,1.0,0.9736842105263158,0.0,37,0.3157894736842105,0.21052631578947367,0.47368421052631576
2026-06-06 20:18:01,60,38,0,18,12,8,18,21,21,0,0,0,38,0.0,1.0,1.5789473684210527,0.0,60,0.3157894736842105,0.21052631578947367,0.47368421052631576
2026-06-06 20:33:01,55,38,0,18,12,8,13,34,8,0,0,0,38,0.0,1.0,1.4473684210526316,0.0,55,0.3157894736842105,0.21052631578947367,0.47368421052631576
2026-06-06 20:48:01,35,38,0,18,12,8,14,15,6,0,0,0,38,0.0,1.0,0.9210526315789473,0.0,35,0.3157894736842105,0.21052631578947367,0.47368421052631576
2026-06-06 21:03:02,40,38,0,18,12,8,22,12,6,0,0,0,38,0.0,1.0,1.0526315789473684,0.0,40,0.3157894736842105,0.21052631578947367,0.47368421052631576
2026-06-06 21:18:01,49,38,0,18,12,8,13,24,11,1,0,0,38,0.0,1.0,1.2894736842105263,0.02631578947368421,48,0.3157894736842105,0.21052631578947367,0.47368421052631576
2026-06-06 21:33:02,39,38,0,18,12,8,10,11,18,0,0,0,38,0.0,1.0,1.0263157894736843,0.0,39,0.3157894736842105,0.21052631578947367,0.47368421052631576
2026-06-06 21:48:01,33,38,0,18,12,8,12,14,6,1,0,0,38,0.0,1.0,0.868421052631579,0.02631578947368421,32,0.3157894736842105,0.21052631578947367,0.47368421052631576
2026-06-06 22:03:03,40,38,0,18,12,8,18,17,5,0,0,0,38,0.0,1.0,1.0526315789473684,0.0,40,0.3157894736842105,0.21052631578947367,0.47368421052631576
2026-06-06 22:18:01,35,38,0,18,12,8,16,10,9,0,0,0,38,0.0,1.0,0.9210526315789473,0.0,35,0.3157894736842105,0.21052631578947367,0.47368421052631576
2026-06-06 22:33:01,39,38,0,18,12,8,15,16,8,0,0,0,38,0.0,1.0,1.0263157894736843,0.0,39,0.3157894736842105,0.21052631578947367,0.47368421052631576
2026-06-06 22:48:01,50,38,0,18,12,8,22,20,7,1,0,0,38,0.0,1.0,1.3157894736842106,0.02631578947368421,49,0.3157894736842105,0.21052631578947367,0.47368421052631576
2026-06-06 23:03:01,40,38,0,18,12,8,17,14,8,1,0,0,38,0.0,1.0,1.0526315789473684,0.02631578947368421,39,0.3157894736842105,0.21052631578947367,0.47368421052631576
2026-06-06 23:18:01,50,38,0,18,12,8,15,28,7,0,0,0,38,0.0,1.0,1.3157894736842106,0.0,50,0.3157894736842105,0.21052631578947367,0.47368421052631576
2026-06-06 23:33:02,54,38,0,18,12,8,26,18,10,0,0,0,38,0.0,1.0,1.4210526315789473,0.0,54,0.3157894736842105,0.21052631578947367,0.47368421052631576
2026-06-06 23:48:01,39,38,0,18,12,8,11,11,16,1,0,0,38,0.0,1.0,1.0263157894736843,0.02631578947368421,38,0.3157894736842105,0.21052631578947367,0.47368421052631576
2026-06-07 00:03:05,45,38,0,18,12,8,14,23,8,0,0,0,38,0.0,1.0,1.1842105263157894,0.0,45,0.3157894736842105,0.21052631578947367,0.47368421052631576
2026-06-07 00:18:01,44,38,0,18,12,8,10,26,8,0,0,0,38,0.0,1.0,1.1578947368421053,0.0,44,0.3157894736842105,0.21052631578947367,0.47368421052631576
2026-06-07 00:33:01,29,38,0,18,12,8,8,15,6,0,0,0,38,0.0,1.0,0.7631578947368421,0.0,29,0.3157894736842105,0.21052631578947367,0.47368421052631576
2026-06-07 00:48:01,32,38,0,18,12,8,13,13,6,0,0,0,38,0.0,1.0,0.8421052631578947,0.0,32,0.3157894736842105,0.21052631578947367,0.47368421052631576
2026-06-07 01:03:01,53,38,0,18,12,8,14,10,29,0,0,0,38,0.0,1.0,1.394736842105263,0.0,53,0.3157894736842105,0.21052631578947367,0.47368421052631576
2026-06-07 01:18:01,35,38,0,18,12,8,11,16,8,0,0,0,38,0.0,1.0,0.9210526315789473,0.0,35,0.3157894736842105,0.21052631578947367,0.47368421052631576
2026-06-07 01:33:01,31,38,0,18,12,8,8,16,7,0,0,0,38,0.0,1.0,0.8157894736842105,0.0,31,0.3157894736842105,0.21052631578947367,0.47368421052631576
2026-06-07 01:48:01,46,38,0,18,12,8,15,14,17,0,0,0,38,0.0,1.0,1.2105263157894737,0.0,46,0.3157894736842105,0.21052631578947367,0.47368421052631576
2026-06-07 02:03:01,35,38,0,18,12,8,12,16,6,1,0,0,38,0.0,1.0,0.9210526315789473,0.02631578947368421,34,0.3157894736842105,0.21052631578947367,0.47368421052631576
2026-06-07 02:18:01,33,38,0,18,12,8,12,16,5,0,0,0,38,0.0,1.0,0.868421052631579,0.0,33,0.3157894736842105,0.21052631578947367,0.47368421052631576
2026-06-07 02:33:01,49,37,1,17,12,8,26,18,5,0,1,0,38,0.02631578947368421,0.9736842105263158,1.2894736842105263,0.0,49,0.3157894736842105,0.21052631578947367,0.4473684210526316
2026-06-07 02:48:01,49,38,0,18,12,8,14,28,7,0,0,0,38,0.0,1.0,1.2894736842105263,0.0,49,0.3157894736842105,0.21052631578947367,0.47368421052631576
2026-06-07 03:03:02,40,38,0,18,12,8,15,18,7,0,0,0,38,0.0,1.0,1.0526315789473684,0.0,40,0.3157894736842105,0.21052631578947367,0.47368421052631576
2026-06-07 03:18:02,34,38,0,18,12,8,13,15,6,0,0,0,38,0.0,1.0,0.8947368421052632,0.0,34,0.3157894736842105,0.21052631578947367,0.47368421052631576
2026-06-07 03:33:01,36,38,0,18,12,8,7,17,11,1,0,0,38,0.0,1.0,0.9473684210526315,0.02631578947368421,35,0.3157894736842105,0.21052631578947367,0.47368421052631576
2026-06-07 03:48:01,59,38,0,18,12,8,13,11,35,0,0,0,38,0.0,1.0,1.5526315789473684,0.0,59,0.3157894736842105,0.21052631578947367,0.47368421052631576
2026-06-07 04:03:01,33,38,0,18,12,8,16,10,7,0,0,0,38,0.0,1.0,0.868421052631579,0.0,33,0.3157894736842105,0.21052631578947367,0.47368421052631576
2026-06-07 04:18:02,37,38,0,18,12,8,12,15,10,0,0,0,38,0.0,1.0,0.9736842105263158,0.0,37,0.3157894736842105,0.21052631578947367,0.47368421052631576
2026-06-07 04:33:01,36,38,0,18,12,8,13,16,7,0,0,0,38,0.0,1.0,0.9473684210526315,0.0,36,0.3157894736842105,0.21052631578947367,0.47368421052631576
2026-06-07 04:48:01,43,38,0,18,12,8,11,23,9,0,0,0,38,0.0,1.0,1.131578947368421,0.0,43,0.3157894736842105,0.21052631578947367,0.47368421052631576
2026-06-07 05:03:01,42,38,0,18,12,8,16,17,8,1,0,0,38,0.0,1.0,1.105263157894737,0.02631578947368421,41,0.3157894736842105,0.21052631578947367,0.47368421052631576
2026-06-07 05:18:02,51,38,0,18,12,8,14,20,17,0,0,0,38,0.0,1.0,1.3421052631578947,0.0,51,0.3157894736842105,0.21052631578947367,0.47368421052631576
2026-06-07 05:33:01,30,38,0,18,12,8,9,16,5,0,0,0,38,0.0,1.0,0.7894736842105263,0.0,30,0.3157894736842105,0.21052631578947367,0.47368421052631576
2026-06-07 05:48:01,32,38,0,18,12,8,12,12,8,0,0,0,38,0.0,1.0,0.8421052631578947,0.0,32,0.3157894736842105,0.21052631578947367,0.47368421052631576
2026-06-07 06:03:01,48,38,0,18,12,8,24,18,6,0,0,0,38,0.0,1.0,1.263157894736842,0.0,48,0.3157894736842105,0.21052631578947367,0.47368421052631576
2026-06-07 06:18:01,44,38,0,18,12,8,15,14,15,0,0,0,38,0.0,1.0,1.1578947368421053,0.0,44,0.3157894736842105,0.21052631578947367,0.47368421052631576
2026-06-07 06:33:02,42,38,0,18,12,8,16,20,6,0,0,0,38,0.0,1.0,1.105263157894737,0.0,42,0.3157894736842105,0.21052631578947367,0.47368421052631576
2026-06-07 06:48:01,37,38,0,18,12,8,10,21,6,0,0,0,38,0.0,1.0,0.9736842105263158,0.0,37,0.3157894736842105,0.21052631578947367,0.47368421052631576
2026-06-07 07:03:01,33,38,0,18,12,8,12,13,8,0,0,0,38,0.0,1.0,0.868421052631579,0.0,33,0.3157894736842105,0.21052631578947367,0.47368421052631576
2026-06-07 07:18:01,46,38,0,18,12,8,18,21,6,1,0,0,38,0.0,1.0,1.2105263157894737,0.02631578947368421,45,0.3157894736842105,0.21052631578947367,0.47368421052631576
2026-06-07 07:33:01,31,38,0,18,12,8,13,10,8,0,0,0,38,0.0,1.0,0.8157894736842105,0.0,31,0.3157894736842105,0.21052631578947367,0.47368421052631576
2026-06-07 07:48:01,61,37,1,18,12,7,15,17,29,1,1,0,38,0.02631578947368421,0.9736842105263158,1.605263157894737,0.02631578947368421,61,0.3157894736842105,0.18421052631578946,0.47368421052631576
2026-06-07 08:03:02,31,38,0,18,12,8,8,16,7,0,0,0,38,0.0,1.0,0.8157894736842105,0.0,31,0.3157894736842105,0.21052631578947367,0.47368421052631576
2026-06-07 08:18:01,50,38,0,18,12,8,13,27,10,0,0,0,38,0.0,1.0,1.3157894736842106,0.0,50,0.3157894736842105,0.21052631578947367,0.47368421052631576
2026-06-07 08:33:01,69,38,0,18,12,8,31,13,10,0,0,0,38,0.0,1.0,1.8157894736842106,0.0,54,0.3157894736842105,0.21052631578947367,0.47368421052631576
2026-06-07 08:48:02,39,38,0,18,12,8,11,22,6,0,0,0,38,0.0,1.0,1.0263157894736843,0.0,39,0.3157894736842105,0.21052631578947367,0.47368421052631576
2026-06-07 09:03:01,55,38,0,18,12,8,15,30,10,0,0,0,38,0.0,1.0,1.4473684210526316,0.0,55,0.3157894736842105,0.21052631578947367,0.47368421052631576
2026-06-07 09:18:01,35,38,0,18,12,8,19,9,6,0,0,0,38,0.0,1.0,0.9210526315789473,0.0,34,0.3157894736842105,0.21052631578947367,0.47368421052631576
2026-06-07 09:33:01,38,38,0,18,12,8,15,11,12,0,0,0,38,0.0,1.0,1.0,0.0,38,0.3157894736842105,0.21052631578947367,0.47368421052631576
2026-06-07 09:48:01,39,38,0,18,12,8,12,12,14,1,0,0,38,0.0,1.0,1.0263157894736843,0.02631578947368421,38,0.3157894736842105,0.21052631578947367,0.47368421052631576
2026-06-07 10:03:01,36,38,0,18,12,8,12,14,10,0,0,0,38,0.0,1.0,0.9473684210526315,0.0,36,0.3157894736842105,0.21052631578947367,0.47368421052631576
2026-06-07 10:18:01,48,38,0,18,12,8,16,22,9,1,0,0,38,0.0,1.0,1.263157894736842,0.02631578947368421,47,0.3157894736842105,0.21052631578947367,0.47368421052631576
2026-06-07 10:33:02,31,38,0,18,12,8,10,16,5,0,0,0,38,0.0,1.0,0.8157894736842105,0.0,31,0.3157894736842105,0.21052631578947367,0.47368421052631576
2026-06-07 10:48:01,44,38,0,18,12,8,14,21,9,0,0,0,38,0.0,1.0,1.1578947368421053,0.0,44,0.3157894736842105,0.21052631578947367,0.47368421052631576
2026-06-07 11:03:01,39,38,0,18,12,8,15,16,7,0,0,0,38,0.0,1.0,1.0263157894736843,0.0,38,0.3157894736842105,0.21052631578947367,0.47368421052631576
2026-06-07 11:18:01,29,38,0,18,12,8,9,13,6,1,0,0,38,0.0,1.0,0.7631578947368421,0.02631578947368421,28,0.3157894736842105,0.21052631578947367,0.47368421052631576
2026-06-07 11:33:01,47,38,0,18,12,8,17,24,6,0,0,0,38,0.0,1.0,1.236842105263158,0.0,47,0.3157894736842105,0.21052631578947367,0.47368421052631576
2026-06-07 11:48:01,54,38,0,18,12,8,16,19,18,1,0,0,38,0.0,1.0,1.4210526315789473,0.02631578947368421,53,0.3157894736842105,0.21052631578947367,0.47368421052631576
2026-06-07 12:03:01,36,38,0,18,12,8,10,10,16,0,0,0,38,0.0,1.0,0.9473684210526315,0.0,36,0.3157894736842105,0.21052631578947367,0.47368421052631576
2026-06-07 12:18:01,38,38,0,18,12,8,18,14,6,0,0,0,38,0.0,1.0,1.0,0.0,38,0.3157894736842105,0.21052631578947367,0.47368421052631576
2026-06-07 12:33:01,57,38,0,18,12,8,10,18,28,1,0,0,38,0.0,1.0,1.5,0.02631578947368421,56,0.3157894736842105,0.21052631578947367,0.47368421052631576
2026-06-07 12:48:01,41,38,0,18,12,8,14,20,6,1,0,0,38,0.0,1.0,1.0789473684210527,0.02631578947368421,40,0.3157894736842105,0.21052631578947367,0.47368421052631576
2026-06-07 13:03:01,37,38,0,18,12,8,11,18,8,0,0,0,38,0.0,1.0,0.9736842105263158,0.0,37,0.3157894736842105,0.21052631578947367,0.47368421052631576
2026-06-07 13:18:01,37,38,0,18,12,8,13,12,12,0,0,0,38,0.0,1.0,0.9736842105263158,0.0,37,0.3157894736842105,0.21052631578947367,0.47368421052631576
2026-06-07 13:33:01,43,38,0,18,12,8,14,19,10,0,0,0,38,0.0,1.0,1.131578947368421,0.0,43,0.3157894736842105,0.21052631578947367,0.47368421052631576
2026-06-07 13:48:01,49,38,0,18,12,8,12,10,9,0,0,0,38,0.0,1.0,1.2894736842105263,0.0,31,0.3157894736842105,0.21052631578947367,0.47368421052631576
2026-06-07 14:03:01,47,38,0,18,12,8,15,24,7,1,0,0,38,0.0,1.0,1.236842105263158,0.02631578947368421,46,0.3157894736842105,0.21052631578947367,0.47368421052631576
2026-06-07 14:18:01,40,38,0,18,12,8,14,19,7,0,0,0,38,0.0,1.0,1.0526315789473684,0.0,40,0.3157894736842105,0.21052631578947367,0.47368421052631576
2026-06-07 14:33:02,33,38,0,18,12,8,10,11,12,0,0,0,38,0.0,1.0,0.868421052631579,0.0,33,0.3157894736842105,0.21052631578947367,0.47368421052631576
2026-06-07 14:48:01,37,38,0,18,12,8,12,12,12,1,0,0,38,0.0,1.0,0.9736842105263158,0.02631578947368421,36,0.3157894736842105,0.21052631578947367,0.47368421052631576
2026-06-07 15:03:01,42,38,0,18,12,8,14,22,6,0,0,0,38,0.0,1.0,1.105263157894737,0.0,42,0.3157894736842105,0.21052631578947367,0.47368421052631576
2026-06-07 15:18:01,39,38,0,18,12,8,8,24,7,0,0,0,38,0.0,1.0,1.0263157894736843,0.0,39,0.3157894736842105,0.21052631578947367,0.47368421052631576
2026-06-07 15:33:01,36,38,0,18,12,8,12,18,6,0,0,0,38,0.0,1.0,0.9473684210526315,0.0,36,0.3157894736842105,0.21052631578947367,0.47368421052631576
2026-06-07 15:48:02,39,38,0,18,12,8,11,22,6,0,0,0,38,0.0,1.0,1.0263157894736843,0.0,39,0.3157894736842105,0.21052631578947367,0.47368421052631576
2026-06-07 16:03:01,37,38,0,18,12,8,11,20,6,0,0,0,38,0.0,1.0,0.9736842105263158,0.0,37,0.3157894736842105,0.21052631578947367,0.47368421052631576
2026-06-07 16:18:01,34,38,0,18,12,8,16,12,6,0,0,0,38,0.0,1.0,0.8947368421052632,0.0,34,0.3157894736842105,0.21052631578947367,0.47368421052631576
2026-06-07 16:33:01,39,38,0,18,12,8,16,15,8,0,0,0,38,0.0,1.0,1.0263157894736843,0.0,39,0.3157894736842105,0.21052631578947367,0.47368421052631576
2026-06-07 16:48:02,33,38,0,18,12,8,14,12,7,0,0,0,38,0.0,1.0,0.868421052631579,0.0,33,0.3157894736842105,0.21052631578947367,0.47368421052631576
2026-06-07 17:03:01,30,38,0,18,12,8,9,11,10,0,0,0,38,0.0,1.0,0.7894736842105263,0.0,30,0.3157894736842105,0.21052631578947367,0.47368421052631576
2026-06-07 17:18:01,38,38,0,18,12,8,16,16,6,0,0,0,38,0.0,1.0,1.0,0.0,38,0.3157894736842105,0.21052631578947367,0.47368421052631576
2026-06-07 17:33:01,39,38,0,18,12,8,20,10,8,1,0,0,38,0.0,1.0,1.0263157894736843,0.02631578947368421,38,0.3157894736842105,0.21052631578947367,0.47368421052631576
2026-06-07 17:48:01,61,38,0,18,12,8,17,20,24,0,0,0,38,0.0,1.0,1.605263157894737,0.0,61,0.3157894736842105,0.21052631578947367,0.47368421052631576
2026-06-07 18:03:01,28,38,0,18,12,8,8,13,6,0,0,0,38,0.0,1.0,0.7368421052631579,0.0,27,0.3157894736842105,0.21052631578947367,0.47368421052631576
2026-06-07 18:18:01,30,38,0,18,12,8,13,10,6,1,0,0,38,0.0,1.0,0.7894736842105263,0.02631578947368421,29,0.3157894736842105,0.21052631578947367,0.47368421052631576
2026-06-07 18:33:01,37,38,0,18,12,8,14,17,6,0,0,0,38,0.0,1.0,0.9736842105263158,0.0,37,0.3157894736842105,0.21052631578947367,0.47368421052631576
2026-06-07 18:48:02,54,38,0,18,12,8,20,19,14,1,0,0,38,0.0,1.0,1.4210526315789473,0.02631578947368421,53,0.3157894736842105,0.21052631578947367,0.47368421052631576
2026-06-07 19:03:02,31,38,0,18,12,8,14,10,7,0,0,0,38,0.0,1.0,0.8157894736842105,0.0,31,0.3157894736842105,0.21052631578947367,0.47368421052631576
2026-06-07 19:18:01,43,38,0,18,12,8,16,10,17,0,0,0,38,0.0,1.0,1.131578947368421,0.0,43,0.3157894736842105,0.21052631578947367,0.47368421052631576
2026-06-07 19:33:01,44,38,0,18,12,8,16,19,9,0,0,0,38,0.0,1.0,1.1578947368421053,0.0,44,0.3157894736842105,0.21052631578947367,0.47368421052631576
2026-06-07 19:48:01,39,38,0,18,12,8,14,19,5,1,0,0,38,0.0,1.0,1.0263157894736843,0.02631578947368421,38,0.3157894736842105,0.21052631578947367,0.47368421052631576
2026-06-07 20:03:02,41,38,0,18,12,8,15,12,14,0,0,0,38,0.0,1.0,1.0789473684210527,0.0,41,0.3157894736842105,0.21052631578947367,0.47368421052631576
2026-06-07 20:18:01,31,38,0,18,12,8,16,9,6,0,0,0,38,0.0,1.0,0.8157894736842105,0.0,31,0.3157894736842105,0.21052631578947367,0.47368421052631576
2026-06-07 20:33:01,39,38,0,18,12,8,16,13,10,0,0,0,38,0.0,1.0,1.0263157894736843,0.0,39,0.3157894736842105,0.21052631578947367,0.47368421052631576
2026-06-07 20:48:01,67,38,0,18,12,8,16,27,23,0,0,0,38,0.0,1.0,1.763157894736842,0.0,66,0.3157894736842105,0.21052631578947367,0.47368421052631576
2026-06-07 21:03:01,59,38,0,18,12,8,13,40,6,0,0,0,38,0.0,1.0,1.5526315789473684,0.0,59,0.3157894736842105,0.21052631578947367,0.47368421052631576
2026-06-07 21:18:01,33,38,0,18,12,8,18,9,6,0,0,0,38,0.0,1.0,0.868421052631579,0.0,33,0.3157894736842105,0.21052631578947367,0.47368421052631576
2026-06-07 21:33:02,52,38,0,18,12,8,9,18,25,0,0,0,38,0.0,1.0,1.368421052631579,0.0,52,0.3157894736842105,0.21052631578947367,0.47368421052631576
2026-06-07 21:48:01,44,38,0,18,12,8,17,9,6,0,0,0,38,0.0,1.0,1.1578947368421053,0.0,32,0.3157894736842105,0.21052631578947367,0.47368421052631576
2026-06-07 22:03:01,61,38,0,18,12,8,15,17,29,0,0,0,38,0.0,1.0,1.605263157894737,0.0,61,0.3157894736842105,0.21052631578947367,0.47368421052631576
2026-06-07 22:18:04,38,38,0,18,12,8,13,12,13,0,0,0,38,0.0,1.0,1.0,0.0,38,0.3157894736842105,0.21052631578947367,0.47368421052631576
2026-06-07 22:33:01,50,38,0,18,12,8,19,23,6,2,0,0,38,0.0,1.0,1.3157894736842106,0.05263157894736842,48,0.3157894736842105,0.21052631578947367,0.47368421052631576
2026-06-07 22:48:01,38,38,0,18,12,8,18,12,8,0,0,0,38,0.0,1.0,1.0,0.0,38,0.3157894736842105,0.21052631578947367,0.47368421052631576
2026-06-07 23:03:01,54,38,0,18,12,8,20,27,7,0,0,0,38,0.0,1.0,1.4210526315789473,0.0,54,0.3157894736842105,0.21052631578947367,0.47368421052631576
2026-06-07 23:18:01,39,38,0,18,12,8,14,13,7,0,0,0,38,0.0,1.0,1.0263157894736843,0.0,34,0.3157894736842105,0.21052631578947367,0.47368421052631576
2026-06-07 23:33:02,36,38,0,18,12,8,13,16,7,0,0,0,38,0.0,1.0,0.9473684210526315,0.0,36,0.3157894736842105,0.21052631578947367,0.47368421052631576
2026-06-07 23:48:02,46,38,0,18,12,8,21,17,8,0,0,0,38,0.0,1.0,1.2105263157894737,0.0,46,0.3157894736842105,0.21052631578947367,0.47368421052631576
2026-06-08 00:03:05,33,38,0,18,12,8,12,14,7,0,0,0,38,0.0,1.0,0.868421052631579,0.0,33,0.3157894736842105,0.21052631578947367,0.47368421052631576
2026-06-08 00:18:01,41,38,0,18,12,8,16,20,5,0,0,0,38,0.0,1.0,1.0789473684210527,0.0,41,0.3157894736842105,0.21052631578947367,0.47368421052631576
2026-06-08 00:33:01,33,38,0,18,12,8,14,13,6,0,0,0,38,0.0,1.0,0.868421052631579,0.0,33,0.3157894736842105,0.21052631578947367,0.47368421052631576
2026-06-08 00:48:01,39,38,0,18,12,8,18,16,5,0,0,0,38,0.0,1.0,1.0263157894736843,0.0,39,0.3157894736842105,0.21052631578947367,0.47368421052631576
2026-06-08 01:03:01,31,38,0,18,12,8,10,12,9,0,0,0,38,0.0,1.0,0.8157894736842105,0.0,31,0.3157894736842105,0.21052631578947367,0.47368421052631576
2026-06-08 01:18:01,38,38,0,18,12,8,12,19,6,1,0,0,38,0.0,1.0,1.0,0.02631578947368421,37,0.3157894736842105,0.21052631578947367,0.47368421052631576
2026-06-08 01:33:01,40,38,0,18,12,8,16,17,6,1,0,0,38,0.0,1.0,1.0526315789473684,0.02631578947368421,39,0.3157894736842105,0.21052631578947367,0.47368421052631576
2026-06-08 01:48:01,35,38,0,18,12,8,13,13,9,0,0,0,38,0.0,1.0,0.9210526315789473,0.0,35,0.3157894736842105,0.21052631578947367,0.47368421052631576
2026-06-08 02:03:01,30,38,0,18,12,8,11,13,6,0,0,0,38,0.0,1.0,0.7894736842105263,0.0,30,0.3157894736842105,0.21052631578947367,0.47368421052631576
2026-06-08 02:18:01,29,38,0,18,12,8,11,11,6,1,0,0,38,0.0,1.0,0.7631578947368421,0.02631578947368421,28,0.3157894736842105,0.21052631578947367,0.47368421052631576
2026-06-08 02:33:01,35,38,0,18,12,8,10,18,7,0,0,0,38,0.0,1.0,0.9210526315789473,0.0,35,0.3157894736842105,0.21052631578947367,0.47368421052631576
2026-06-08 02:48:01,29,38,0,18,12,8,10,11,7,0,0,0,38,0.0,1.0,0.7631578947368421,0.0,28,0.3157894736842105,0.21052631578947367,0.47368421052631576
2026-06-08 03:03:01,27,38,0,18,12,8,10,10,6,1,0,0,38,0.0,1.0,0.7105263157894737,0.02631578947368421,26,0.3157894736842105,0.21052631578947367,0.47368421052631576
2026-06-08 03:18:01,40,38,0,18,12,8,15,18,7,0,0,0,38,0.0,1.0,1.0526315789473684,0.0,40,0.3157894736842105,0.21052631578947367,0.47368421052631576
2026-06-08 03:33:01,46,38,0,18,12,8,15,24,7,0,0,0,38,0.0,1.0,1.2105263157894737,0.0,46,0.3157894736842105,0.21052631578947367,0.47368421052631576
2026-06-08 03:48:02,25,38,0,18,12,8,9,10,6,0,0,0,38,0.0,1.0,0.6578947368421053,0.0,25,0.3157894736842105,0.21052631578947367,0.47368421052631576
2026-06-08 04:03:01,32,38,0,18,12,8,13,13,6,0,0,0,38,0.0,1.0,0.8421052631578947,0.0,32,0.3157894736842105,0.21052631578947367,0.47368421052631576
2026-06-08 04:18:01,45,38,0,18,12,8,13,15,17,0,0,0,38,0.0,1.0,1.1842105263157894,0.0,45,0.3157894736842105,0.21052631578947367,0.47368421052631576
2026-06-08 04:33:01,52,38,0,18,12,8,17,18,17,0,0,0,38,0.0,1.0,1.368421052631579,0.0,52,0.3157894736842105,0.21052631578947367,0.47368421052631576
2026-06-08 04:48:01,28,38,0,18,12,8,10,13,5,0,0,0,38,0.0,1.0,0.7368421052631579,0.0,28,0.3157894736842105,0.21052631578947367,0.47368421052631576
2026-06-08 05:03:01,31,38,0,18,12,8,10,12,9,0,0,0,38,0.0,1.0,0.8157894736842105,0.0,31,0.3157894736842105,0.21052631578947367,0.47368421052631576
2026-06-08 05:18:01,39,37,1,18,12,7,8,11,20,1,1,0,38,0.02631578947368421,0.9736842105263158,1.0263157894736843,0.02631578947368421,39,0.3157894736842105,0.18421052631578946,0.47368421052631576
2026-06-08 05:33:01,32,38,0,18,12,8,9,10,13,0,0,0,38,0.0,1.0,0.8421052631578947,0.0,32,0.3157894736842105,0.21052631578947367,0.47368421052631576
2026-06-08 05:48:01,31,38,0,18,12,8,10,9,11,1,0,0,38,0.0,1.0,0.8157894736842105,0.02631578947368421,30,0.3157894736842105,0.21052631578947367,0.47368421052631576
2026-06-08 06:03:01,40,38,0,18,12,8,12,17,10,1,0,0,38,0.0,1.0,1.0526315789473684,0.02631578947368421,39,0.3157894736842105,0.21052631578947367,0.47368421052631576
2026-06-08 06:18:01,39,38,0,18,12,8,11,23,5,0,0,0,38,0.0,1.0,1.0263157894736843,0.0,39,0.3157894736842105,0.21052631578947367,0.47368421052631576
2026-06-08 06:33:01,46,38,0,18,12,8,12,18,15,1,0,0,38,0.0,1.0,1.2105263157894737,0.02631578947368421,45,0.3157894736842105,0.21052631578947367,0.47368421052631576
2026-06-08 06:48:01,25,38,0,18,12,8,8,12,5,0,0,0,38,0.0,1.0,0.6578947368421053,0.0,25,0.3157894736842105,0.21052631578947367,0.47368421052631576
2026-06-08 07:03:01,40,38,0,18,12,8,10,17,13,0,0,0,38,0.0,1.0,1.0526315789473684,0.0,40,0.3157894736842105,0.21052631578947367,0.47368421052631576
2026-06-08 07:18:01,32,38,0,18,12,8,9,14,8,1,0,0,38,0.0,1.0,0.8421052631578947,0.02631578947368421,31,0.3157894736842105,0.21052631578947367,0.47368421052631576
2026-06-08 07:33:03,39,38,0,18,12,8,11,18,10,0,0,0,38,0.0,1.0,1.0263157894736843,0.0,39,0.3157894736842105,0.21052631578947367,0.47368421052631576
2026-06-08 07:48:01,32,38,0,18,12,8,14,12,6,0,0,0,38,0.0,1.0,0.8421052631578947,0.0,32,0.3157894736842105,0.21052631578947367,0.47368421052631576
2026-06-08 08:03:01,59,38,0,18,12,8,19,28,11,1,0,0,38,0.0,1.0,1.5526315789473684,0.02631578947368421,58,0.3157894736842105,0.21052631578947367,0.47368421052631576
2026-06-08 08:18:01,41,38,0,18,12,8,17,14,9,0,0,0,38,0.0,1.0,1.0789473684210527,0.0,40,0.3157894736842105,0.21052631578947367,0.47368421052631576
2026-06-08 08:33:02,34,38,0,18,12,8,9,20,5,0,0,0,38,0.0,1.0,0.8947368421052632,0.0,34,0.3157894736842105,0.21052631578947367,0.47368421052631576
2026-06-08 08:48:01,51,38,0,18,12,8,20,24,6,1,0,0,38,0.0,1.0,1.3421052631578947,0.02631578947368421,50,0.3157894736842105,0.21052631578947367,0.47368421052631576
2026-06-08 09:03:02,41,38,0,18,12,8,20,14,7,0,0,0,38,0.0,1.0,1.0789473684210527,0.0,41,0.3157894736842105,0.21052631578947367,0.47368421052631576
2026-06-08 09:18:01,34,38,0,18,12,8,13,16,5,0,0,0,38,0.0,1.0,0.8947368421052632,0.0,34,0.3157894736842105,0.21052631578947367,0.47368421052631576
2026-06-08 09:33:02,46,38,0,18,12,8,21,15,10,0,0,0,38,0.0,1.0,1.2105263157894737,0.0,46,0.3157894736842105,0.21052631578947367,0.47368421052631576
2026-06-08 09:48:01,33,38,0,18,12,8,11,14,8,0,0,0,38,0.0,1.0,0.868421052631579,0.0,33,0.3157894736842105,0.21052631578947367,0.47368421052631576
2026-06-08 10:03:01,33,38,0,18,12,8,13,11,8,1,0,0,38,0.0,1.0,0.868421052631579,0.02631578947368421,32,0.3157894736842105,0.21052631578947367,0.47368421052631576
2026-06-08 10:18:02,37,38,0,18,12,8,15,15,7,0,0,0,38,0.0,1.0,0.9736842105263158,0.0,37,0.3157894736842105,0.21052631578947367,0.47368421052631576
2026-06-08 10:33:02,60,38,0,18,12,8,14,30,16,0,0,0,38,0.0,1.0,1.5789473684210527,0.0,60,0.3157894736842105,0.21052631578947367,0.47368421052631576
2026-06-08 10:48:01,37,38,0,18,12,8,13,15,9,0,0,0,38,0.0,1.0,0.9736842105263158,0.0,37,0.3157894736842105,0.21052631578947367,0.47368421052631576
2026-06-08 11:03:03,42,38,0,18,12,8,13,15,14,0,0,0,38,0.0,1.0,1.105263157894737,0.0,42,0.3157894736842105,0.21052631578947367,0.47368421052631576
2026-06-08 11:18:01,49,38,0,18,12,8,9,33,6,1,0,0,38,0.0,1.0,1.2894736842105263,0.02631578947368421,48,0.3157894736842105,0.21052631578947367,0.47368421052631576
2026-06-08 11:33:01,36,38,0,18,12,8,8,16,11,1,0,0,38,0.0,1.0,0.9473684210526315,0.02631578947368421,35,0.3157894736842105,0.21052631578947367,0.47368421052631576
2026-06-08 11:48:01,78,38,0,18,12,8,18,40,20,0,0,0,38,0.0,1.0,2.0526315789473686,0.0,78,0.3157894736842105,0.21052631578947367,0.47368421052631576
2026-06-08 12:03:02,38,38,0,18,12,8,17,15,6,0,0,0,38,0.0,1.0,1.0,0.0,38,0.3157894736842105,0.21052631578947367,0.47368421052631576
2026-06-08 12:18:01,53,37,1,18,11,8,14,30,8,2,1,0,38,0.02631578947368421,0.9736842105263158,1.394736842105263,0.05263157894736842,52,0.2894736842105263,0.21052631578947367,0.47368421052631576
2026-06-08 12:33:01,42,38,0,18,12,8,14,19,8,1,0,0,38,0.0,1.0,1.105263157894737,0.02631578947368421,41,0.3157894736842105,0.21052631578947367,0.47368421052631576
2026-06-08 12:48:01,43,38,0,18,12,8,13,21,8,1,0,0,38,0.0,1.0,1.131578947368421,0.02631578947368421,42,0.3157894736842105,0.21052631578947367,0.47368421052631576
2026-06-08 13:03:02,52,38,0,18,12,8,18,13,21,0,0,0,38,0.0,1.0,1.368421052631579,0.0,52,0.3157894736842105,0.21052631578947367,0.47368421052631576
2026-06-08 13:18:02,26,38,0,18,12,8,8,12,6,0,0,0,38,0.0,1.0,0.6842105263157895,0.0,26,0.3157894736842105,0.21052631578947367,0.47368421052631576
2026-06-08 13:33:01,44,38,0,18,12,8,21,17,5,1,0,0,38,0.0,1.0,1.1578947368421053,0.02631578947368421,43,0.3157894736842105,0.21052631578947367,0.47368421052631576
2026-06-08 13:48:01,37,38,0,18,12,8,12,16,9,0,0,0,38,0.0,1.0,0.9736842105263158,0.0,37,0.3157894736842105,0.21052631578947367,0.47368421052631576
2026-06-08 14:03:02,41,38,0,18,12,8,12,22,7,0,0,0,38,0.0,1.0,1.0789473684210527,0.0,41,0.3157894736842105,0.21052631578947367,0.47368421052631576
2026-06-08 14:18:01,32,38,0,18,12,8,11,10,11,0,0,0,38,0.0,1.0,0.8421052631578947,0.0,32,0.3157894736842105,0.21052631578947367,0.47368421052631576
2026-06-08 14:33:01,45,38,0,18,12,8,20,16,9,0,0,0,38,0.0,1.0,1.1842105263157894,0.0,45,0.3157894736842105,0.21052631578947367,0.47368421052631576
2026-06-08 14:48:01,48,37,1,18,12,7,10,20,16,1,1,0,38,0.02631578947368421,0.9736842105263158,1.263157894736842,0.02631578947368421,46,0.3157894736842105,0.18421052631578946,0.47368421052631576
2026-06-08 15:03:01,39,38,0,18,12,8,16,15,7,1,0,0,38,0.0,1.0,1.0263157894736843,0.02631578947368421,38,0.3157894736842105,0.21052631578947367,0.47368421052631576
2026-06-08 15:18:02,35,38,0,18,12,8,10,19,6,0,0,0,38,0.0,1.0,0.9210526315789473,0.0,35,0.3157894736842105,0.21052631578947367,0.47368421052631576
2026-06-08 15:33:02,40,38,0,18,12,8,16,18,6,0,0,0,38,0.0,1.0,1.0526315789473684,0.0,40,0.3157894736842105,0.21052631578947367,0.47368421052631576
2026-06-08 15:48:02,30,38,0,18,12,8,12,12,6,0,0,0,38,0.0,1.0,0.7894736842105263,0.0,30,0.3157894736842105,0.21052631578947367,0.47368421052631576
2026-06-08 16:03:01,36,38,0,18,12,8,10,20,6,0,0,0,38,0.0,1.0,0.9473684210526315,0.0,36,0.3157894736842105,0.21052631578947367,0.47368421052631576
2026-06-08 16:18:01,40,38,0,18,12,8,15,19,6,0,0,0,38,0.0,1.0,1.0526315789473684,0.0,40,0.3157894736842105,0.21052631578947367,0.47368421052631576
2026-06-08 16:33:01,46,38,0,18,12,8,8,27,11,0,0,0,38,0.0,1.0,1.2105263157894737,0.0,46,0.3157894736842105,0.21052631578947367,0.47368421052631576
2026-06-08 16:48:01,31,38,0,18,12,8,13,11,6,1,0,0,38,0.0,1.0,0.8157894736842105,0.02631578947368421,30,0.3157894736842105,0.21052631578947367,0.47368421052631576
2026-06-08 17:03:01,37,38,0,18,12,8,11,20,6,0,0,0,38,0.0,1.0,0.9736842105263158,0.0,37,0.3157894736842105,0.21052631578947367,0.47368421052631576
2026-06-08 17:18:02,27,38,0,18,12,8,8,13,6,0,0,0,38,0.0,1.0,0.7105263157894737,0.0,27,0.3157894736842105,0.21052631578947367,0.47368421052631576
2026-06-08 17:33:02,27,38,0,18,12,8,9,10,8,0,0,0,38,0.0,1.0,0.7105263157894737,0.0,27,0.3157894736842105,0.21052631578947367,0.47368421052631576
2026-06-08 17:48:01,38,38,0,18,12,8,12,13,13,0,0,0,38,0.0,1.0,1.0,0.0,38,0.3157894736842105,0.21052631578947367,0.47368421052631576
2026-06-08 18:03:01,38,38,0,18,12,8,15,15,8,0,0,0,38,0.0,1.0,1.0,0.0,38,0.3157894736842105,0.21052631578947367,0.47368421052631576
2026-06-08 18:18:01,65,38,0,18,12,8,14,39,11,1,0,0,38,0.0,1.0,1.7105263157894737,0.02631578947368421,64,0.3157894736842105,0.21052631578947367,0.47368421052631576
2026-06-08 18:33:01,32,38,0,18,12,8,9,16,7,0,0,0,38,0.0,1.0,0.8421052631578947,0.0,32,0.3157894736842105,0.21052631578947367,0.47368421052631576
2026-06-08 18:48:01,66,38,0,18,12,8,15,23,28,0,0,0,38,0.0,1.0,1.736842105263158,0.0,66,0.3157894736842105,0.21052631578947367,0.47368421052631576
2026-06-08 19:03:01,39,38,0,18,12,8,16,15,7,1,0,0,38,0.0,1.0,1.0263157894736843,0.02631578947368421,38,0.3157894736842105,0.21052631578947367,0.47368421052631576
2026-06-08 19:18:01,29,38,0,18,12,8,11,11,7,0,0,0,38,0.0,1.0,0.7631578947368421,0.0,29,0.3157894736842105,0.21052631578947367,0.47368421052631576
2026-06-08 19:33:01,44,38,0,18,12,8,13,20,10,1,0,0,38,0.0,1.0,1.1578947368421053,0.02631578947368421,43,0.3157894736842105,0.21052631578947367,0.47368421052631576
2026-06-08 19:48:01,47,38,0,18,12,8,16,18,12,1,0,0,38,0.0,1.0,1.236842105263158,0.02631578947368421,46,0.3157894736842105,0.21052631578947367,0.47368421052631576
2026-06-08 20:03:01,37,38,0,18,12,8,13,17,6,1,0,0,38,0.0,1.0,0.9736842105263158,0.02631578947368421,36,0.3157894736842105,0.21052631578947367,0.47368421052631576
2026-06-08 20:18:01,51,38,0,18,12,8,16,21,13,1,0,0,38,0.0,1.0,1.3421052631578947,0.02631578947368421,50,0.3157894736842105,0.21052631578947367,0.47368421052631576
2026-06-08 20:33:01,33,38,0,18,12,8,14,13,6,0,0,0,38,0.0,1.0,0.868421052631579,0.0,33,0.3157894736842105,0.21052631578947367,0.47368421052631576
2026-06-08 20:48:01,31,38,0,18,12,8,11,15,5,0,0,0,38,0.0,1.0,0.8157894736842105,0.0,31,0.3157894736842105,0.21052631578947367,0.47368421052631576
2026-06-08 21:03:01,63,38,0,18,12,8,18,37,8,0,0,0,38,0.0,1.0,1.6578947368421053,0.0,63,0.3157894736842105,0.21052631578947367,0.47368421052631576
2026-06-08 21:18:01,57,38,0,18,12,8,24,25,8,0,0,0,38,0.0,1.0,1.5,0.0,57,0.3157894736842105,0.21052631578947367,0.47368421052631576
2026-06-08 21:33:02,38,38,0,18,12,8,11,21,6,0,0,0,38,0.0,1.0,1.0,0.0,38,0.3157894736842105,0.21052631578947367,0.47368421052631576
2026-06-08 21:48:01,59,38,0,18,12,8,15,21,23,0,0,0,38,0.0,1.0,1.5526315789473684,0.0,59,0.3157894736842105,0.21052631578947367,0.47368421052631576
2026-06-08 22:03:01,48,38,0,18,12,8,17,16,15,0,0,0,38,0.0,1.0,1.263157894736842,0.0,48,0.3157894736842105,0.21052631578947367,0.47368421052631576
2026-06-08 22:18:01,39,38,0,18,12,8,18,10,11,0,0,0,38,0.0,1.0,1.0263157894736843,0.0,39,0.3157894736842105,0.21052631578947367,0.47368421052631576
2026-06-08 22:33:01,66,38,0,18,12,8,14,23,29,0,0,0,38,0.0,1.0,1.736842105263158,0.0,66,0.3157894736842105,0.21052631578947367,0.47368421052631576
2026-06-08 22:48:02,33,38,0,18,12,8,15,12,6,0,0,0,38,0.0,1.0,0.868421052631579,0.0,33,0.3157894736842105,0.21052631578947367,0.47368421052631576
2026-06-08 23:03:01,47,38,0,18,12,8,16,25,6,0,0,0,38,0.0,1.0,1.236842105263158,0.0,47,0.3157894736842105,0.21052631578947367,0.47368421052631576
2026-06-08 23:18:01,40,38,0,18,12,8,13,19,8,0,0,0,38,0.0,1.0,1.0526315789473684,0.0,40,0.3157894736842105,0.21052631578947367,0.47368421052631576
2026-06-08 23:33:03,37,38,0,18,12,8,15,15,6,0,0,0,38,0.0,1.0,0.9736842105263158,0.0,36,0.3157894736842105,0.21052631578947367,0.47368421052631576
2026-06-08 23:48:05,43,38,0,18,12,8,13,14,16,0,0,0,38,0.0,1.0,1.131578947368421,0.0,43,0.3157894736842105,0.21052631578947367,0.47368421052631576
2026-06-09 00:03:04,44,38,0,18,12,8,14,23,7,0,0,0,38,0.0,1.0,1.1578947368421053,0.0,44,0.3157894736842105,0.21052631578947367,0.47368421052631576
2026-06-09 00:18:01,50,38,0,18,12,8,20,14,16,0,0,0,38,0.0,1.0,1.3157894736842106,0.0,50,0.3157894736842105,0.21052631578947367,0.47368421052631576
2026-06-09 00:33:01,47,38,0,18,12,8,14,17,16,0,0,0,38,0.0,1.0,1.236842105263158,0.0,47,0.3157894736842105,0.21052631578947367,0.47368421052631576
2026-06-09 00:48:01,35,38,0,18,12,8,10,16,8,1,0,0,38,0.0,1.0,0.9210526315789473,0.02631578947368421,34,0.3157894736842105,0.21052631578947367,0.47368421052631576
2026-06-09 01:03:01,74,38,0,18,12,8,18,27,28,1,0,0,38,0.0,1.0,1.9473684210526316,0.02631578947368421,73,0.3157894736842105,0.21052631578947367,0.47368421052631576
2026-06-09 01:18:01,38,38,0,18,12,8,15,13,10,0,0,0,38,0.0,1.0,1.0,0.0,38,0.3157894736842105,0.21052631578947367,0.47368421052631576
2026-06-09 01:33:01,42,38,0,18,12,8,16,14,8,0,0,0,38,0.0,1.0,1.105263157894737,0.0,38,0.3157894736842105,0.21052631578947367,0.47368421052631576
2026-06-09 01:48:02,58,38,0,18,12,8,10,14,34,0,0,0,38,0.0,1.0,1.5263157894736843,0.0,58,0.3157894736842105,0.21052631578947367,0.47368421052631576
2026-06-09 02:03:01,41,38,0,18,12,8,21,13,7,0,0,0,38,0.0,1.0,1.0789473684210527,0.0,41,0.3157894736842105,0.21052631578947367,0.47368421052631576
2026-06-09 02:18:01,45,38,0,18,12,8,8,11,26,0,0,0,38,0.0,1.0,1.1842105263157894,0.0,45,0.3157894736842105,0.21052631578947367,0.47368421052631576
2026-06-09 02:33:01,38,38,0,18,12,8,12,19,7,0,0,0,38,0.0,1.0,1.0,0.0,38,0.3157894736842105,0.21052631578947367,0.47368421052631576
2026-06-09 02:48:01,30,38,0,18,12,8,14,11,5,0,0,0,38,0.0,1.0,0.7894736842105263,0.0,30,0.3157894736842105,0.21052631578947367,0.47368421052631576
2026-06-09 03:03:02,48,38,0,18,12,8,17,23,8,0,0,0,38,0.0,1.0,1.263157894736842,0.0,48,0.3157894736842105,0.21052631578947367,0.47368421052631576
2026-06-09 03:18:01,34,38,0,18,12,8,12,15,6,1,0,0,38,0.0,1.0,0.8947368421052632,0.02631578947368421,33,0.3157894736842105,0.21052631578947367,0.47368421052631576
2026-06-09 03:33:01,27,38,0,18,12,8,8,12,6,1,0,0,38,0.0,1.0,0.7105263157894737,0.02631578947368421,26,0.3157894736842105,0.21052631578947367,0.47368421052631576
2026-06-09 03:48:02,30,38,0,18,12,8,10,14,6,0,0,0,38,0.0,1.0,0.7894736842105263,0.0,30,0.3157894736842105,0.21052631578947367,0.47368421052631576
2026-06-09 04:03:01,33,38,0,18,12,8,11,11,10,1,0,0,38,0.0,1.0,0.868421052631579,0.02631578947368421,32,0.3157894736842105,0.21052631578947367,0.47368421052631576
2026-06-09 04:18:01,57,38,0,18,12,8,17,19,21,0,0,0,38,0.0,1.0,1.5,0.0,57,0.3157894736842105,0.21052631578947367,0.47368421052631576
2026-06-09 04:33:01,43,38,0,18,12,8,24,14,5,0,0,0,38,0.0,1.0,1.131578947368421,0.0,43,0.3157894736842105,0.21052631578947367,0.47368421052631576
2026-06-09 04:48:02,41,38,0,18,12,8,15,21,5,0,0,0,38,0.0,1.0,1.0789473684210527,0.0,41,0.3157894736842105,0.21052631578947367,0.47368421052631576
2026-06-09 05:03:02,41,38,0,18,12,8,16,15,9,1,0,0,38,0.0,1.0,1.0789473684210527,0.02631578947368421,40,0.3157894736842105,0.21052631578947367,0.47368421052631576
2026-06-09 05:18:02,35,38,0,18,12,8,9,19,7,0,0,0,38,0.0,1.0,0.9210526315789473,0.0,35,0.3157894736842105,0.21052631578947367,0.47368421052631576
2026-06-09 05:33:01,35,38,0,18,12,8,12,15,8,0,0,0,38,0.0,1.0,0.9210526315789473,0.0,35,0.3157894736842105,0.21052631578947367,0.47368421052631576
2026-06-09 05:48:01,39,38,0,18,12,8,16,11,12,0,0,0,38,0.0,1.0,1.0263157894736843,0.0,39,0.3157894736842105,0.21052631578947367,0.47368421052631576
2026-06-09 06:03:02,38,38,0,18,12,8,11,19,8,0,0,0,38,0.0,1.0,1.0,0.0,38,0.3157894736842105,0.21052631578947367,0.47368421052631576
2026-06-09 06:18:01,43,38,0,18,12,8,11,26,6,0,0,0,38,0.0,1.0,1.131578947368421,0.0,43,0.3157894736842105,0.21052631578947367,0.47368421052631576
2026-06-09 06:33:01,27,38,0,18,12,8,9,10,7,1,0,0,38,0.0,1.0,0.7105263157894737,0.02631578947368421,26,0.3157894736842105,0.21052631578947367,0.47368421052631576
2026-06-09 06:48:01,34,38,0,18,12,8,10,18,6,0,0,0,38,0.0,1.0,0.8947368421052632,0.0,34,0.3157894736842105,0.21052631578947367,0.47368421052631576
2026-06-09 07:03:01,34,38,0,18,12,8,10,17,7,0,0,0,38,0.0,1.0,0.8947368421052632,0.0,34,0.3157894736842105,0.21052631578947367,0.47368421052631576
2026-06-09 07:18:01,38,38,0,18,12,8,11,13,13,1,0,0,38,0.0,1.0,1.0,0.02631578947368421,37,0.3157894736842105,0.21052631578947367,0.47368421052631576
2026-06-09 07:33:01,51,38,0,18,12,8,11,23,16,1,0,0,38,0.0,1.0,1.3421052631578947,0.02631578947368421,50,0.3157894736842105,0.21052631578947367,0.47368421052631576
2026-06-09 07:48:01,55,38,0,18,12,8,16,32,7,0,0,0,38,0.0,1.0,1.4473684210526316,0.0,55,0.3157894736842105,0.21052631578947367,0.47368421052631576
2026-06-09 08:03:01,49,38,0,18,12,8,17,24,8,0,0,0,38,0.0,1.0,1.2894736842105263,0.0,49,0.3157894736842105,0.21052631578947367,0.47368421052631576
2026-06-09 08:18:01,40,38,0,18,12,8,15,18,7,0,0,0,38,0.0,1.0,1.0526315789473684,0.0,40,0.3157894736842105,0.21052631578947367,0.47368421052631576
2026-06-09 08:33:02,31,38,0,18,12,8,10,15,6,0,0,0,38,0.0,1.0,0.8157894736842105,0.0,31,0.3157894736842105,0.21052631578947367,0.47368421052631576
2026-06-09 08:48:01,43,38,0,18,12,8,16,22,5,0,0,0,38,0.0,1.0,1.131578947368421,0.0,43,0.3157894736842105,0.21052631578947367,0.47368421052631576
2026-06-09 09:03:01,46,38,0,18,12,8,13,17,16,0,0,0,38,0.0,1.0,1.2105263157894737,0.0,46,0.3157894736842105,0.21052631578947367,0.47368421052631576
2026-06-09 09:18:01,34,38,0,18,12,8,15,12,6,1,0,0,38,0.0,1.0,0.8947368421052632,0.02631578947368421,33,0.3157894736842105,0.21052631578947367,0.47368421052631576
2026-06-09 09:33:02,28,38,0,18,12,8,12,9,7,0,0,0,38,0.0,1.0,0.7368421052631579,0.0,28,0.3157894736842105,0.21052631578947367,0.47368421052631576
2026-06-09 09:48:01,32,38,0,18,12,8,11,12,8,1,0,0,38,0.0,1.0,0.8421052631578947,0.02631578947368421,31,0.3157894736842105,0.21052631578947367,0.47368421052631576
2026-06-09 10:03:01,58,38,0,18,12,8,19,32,5,2,0,0,38,0.0,1.0,1.5263157894736843,0.05263157894736842,56,0.3157894736842105,0.21052631578947367,0.47368421052631576
2026-06-09 10:18:02,53,38,0,18,12,8,10,37,6,0,0,0,38,0.0,1.0,1.394736842105263,0.0,53,0.3157894736842105,0.21052631578947367,0.47368421052631576
2026-06-09 10:33:02,57,37,1,17,12,8,26,18,13,4,1,0,38,0.02631578947368421,0.9736842105263158,1.5,0.10526315789473684,57,0.3157894736842105,0.21052631578947367,0.4473684210526316
2026-06-09 10:48:01,54,38,0,18,12,8,20,9,25,0,0,0,38,0.0,1.0,1.4210526315789473,0.0,54,0.3157894736842105,0.21052631578947367,0.47368421052631576
2026-06-09 11:03:02,48,38,0,18,12,8,18,11,19,0,0,0,38,0.0,1.0,1.263157894736842,0.0,48,0.3157894736842105,0.21052631578947367,0.47368421052631576
2026-06-09 11:18:01,36,38,0,18,12,8,9,21,5,1,0,0,38,0.0,1.0,0.9473684210526315,0.02631578947368421,35,0.3157894736842105,0.21052631578947367,0.47368421052631576
2026-06-09 11:33:01,26,38,0,18,12,8,9,10,6,1,0,0,38,0.0,1.0,0.6842105263157895,0.02631578947368421,25,0.3157894736842105,0.21052631578947367,0.47368421052631576
2026-06-09 11:48:01,37,38,0,18,12,8,11,20,6,0,0,0,38,0.0,1.0,0.9736842105263158,0.0,37,0.3157894736842105,0.21052631578947367,0.47368421052631576
2026-06-09 12:03:01,35,38,0,18,12,8,14,14,7,0,0,0,38,0.0,1.0,0.9210526315789473,0.0,35,0.3157894736842105,0.21052631578947367,0.47368421052631576
2026-06-09 12:18:01,51,38,0,18,12,8,24,13,13,1,0,0,38,0.0,1.0,1.3421052631578947,0.02631578947368421,50,0.3157894736842105,0.21052631578947367,0.47368421052631576
2026-06-09 12:33:02,44,38,0,18,12,8,17,21,6,0,0,0,38,0.0,1.0,1.1578947368421053,0.0,44,0.3157894736842105,0.21052631578947367,0.47368421052631576
2026-06-09 12:48:03,44,38,0,18,12,8,17,13,14,0,0,0,38,0.0,1.0,1.1578947368421053,0.0,44,0.3157894736842105,0.21052631578947367,0.47368421052631576
2026-06-09 13:03:01,38,38,0,18,12,8,12,18,8,0,0,0,38,0.0,1.0,1.0,0.0,38,0.3157894736842105,0.21052631578947367,0.47368421052631576
2026-06-09 13:18:02,36,38,0,18,12,8,8,21,7,0,0,0,38,0.0,1.0,0.9473684210526315,0.0,36,0.3157894736842105,0.21052631578947367,0.47368421052631576
2026-06-09 13:33:01,32,38,0,18,12,8,13,13,6,0,0,0,38,0.0,1.0,0.8421052631578947,0.0,32,0.3157894736842105,0.21052631578947367,0.47368421052631576
2026-06-09 13:48:01,38,38,0,18,12,8,17,15,6,0,0,0,38,0.0,1.0,1.0,0.0,38,0.3157894736842105,0.21052631578947367,0.47368421052631576
2026-06-09 14:03:01,35,38,0,18,12,8,16,13,6,0,0,0,38,0.0,1.0,0.9210526315789473,0.0,35,0.3157894736842105,0.21052631578947367,0.47368421052631576
2026-06-09 14:18:01,43,38,0,18,12,8,11,26,6,0,0,0,38,0.0,1.0,1.131578947368421,0.0,43,0.3157894736842105,0.21052631578947367,0.47368421052631576
2026-06-09 14:33:02,30,38,0,18,12,8,11,13,6,0,0,0,38,0.0,1.0,0.7894736842105263,0.0,30,0.3157894736842105,0.21052631578947367,0.47368421052631576
2026-06-09 14:48:02,39,38,0,18,12,8,14,14,11,0,0,0,38,0.0,1.0,1.0263157894736843,0.0,39,0.3157894736842105,0.21052631578947367,0.47368421052631576
2026-06-09 15:03:01,39,38,0,18,12,8,18,14,7,0,0,0,38,0.0,1.0,1.0263157894736843,0.0,39,0.3157894736842105,0.21052631578947367,0.47368421052631576
2026-06-09 15:18:01,31,38,0,18,12,8,12,12,6,1,0,0,38,0.0,1.0,0.8157894736842105,0.02631578947368421,30,0.3157894736842105,0.21052631578947367,0.47368421052631576
2026-06-09 15:33:01,35,38,0,18,12,8,13,10,12,0,0,0,38,0.0,1.0,0.9210526315789473,0.0,35,0.3157894736842105,0.21052631578947367,0.47368421052631576
2026-06-09 15:48:01,32,38,0,18,12,8,11,13,8,0,0,0,38,0.0,1.0,0.8421052631578947,0.0,32,0.3157894736842105,0.21052631578947367,0.47368421052631576
2026-06-09 16:03:01,40,38,0,18,12,8,11,15,13,1,0,0,38,0.0,1.0,1.0526315789473684,0.02631578947368421,39,0.3157894736842105,0.21052631578947367,0.47368421052631576
2026-06-09 16:18:01,37,38,0,18,12,8,18,14,5,0,0,0,38,0.0,1.0,0.9736842105263158,0.0,37,0.3157894736842105,0.21052631578947367,0.47368421052631576
2026-06-09 16:33:01,35,38,0,18,12,8,9,20,5,1,0,0,38,0.0,1.0,0.9210526315789473,0.02631578947368421,34,0.3157894736842105,0.21052631578947367,0.47368421052631576
2026-06-09 16:48:01,47,38,0,18,12,8,14,25,8,0,0,0,38,0.0,1.0,1.236842105263158,0.0,47,0.3157894736842105,0.21052631578947367,0.47368421052631576
2026-06-09 17:03:04,60,38,0,18,12,8,12,22,26,0,0,0,38,0.0,1.0,1.5789473684210527,0.0,60,0.3157894736842105,0.21052631578947367,0.47368421052631576
2026-06-09 17:18:02,43,38,0,18,12,8,11,27,5,0,0,0,38,0.0,1.0,1.131578947368421,0.0,43,0.3157894736842105,0.21052631578947367,0.47368421052631576
2026-06-09 17:33:01,45,38,0,18,12,8,9,11,24,1,0,0,38,0.0,1.0,1.1842105263157894,0.02631578947368421,44,0.3157894736842105,0.21052631578947367,0.47368421052631576
2026-06-09 17:48:01,47,37,1,18,11,8,10,30,7,1,1,0,38,0.02631578947368421,0.9736842105263158,1.236842105263158,0.02631578947368421,47,0.2894736842105263,0.21052631578947367,0.47368421052631576
2026-06-09 18:03:01,45,38,0,18,12,8,12,24,9,0,0,0,38,0.0,1.0,1.1842105263157894,0.0,45,0.3157894736842105,0.21052631578947367,0.47368421052631576
2026-06-09 18:18:01,31,38,0,18,12,8,16,9,6,0,0,0,38,0.0,1.0,0.8157894736842105,0.0,31,0.3157894736842105,0.21052631578947367,0.47368421052631576
2026-06-09 18:33:02,67,38,0,18,12,8,17,27,23,0,0,0,38,0.0,1.0,1.763157894736842,0.0,67,0.3157894736842105,0.21052631578947367,0.47368421052631576
2026-06-09 18:48:02,29,38,0,18,12,8,11,11,7,0,0,0,38,0.0,1.0,0.7631578947368421,0.0,29,0.3157894736842105,0.21052631578947367,0.47368421052631576
2026-06-09 19:03:02,39,38,0,18,12,8,18,13,8,0,0,0,38,0.0,1.0,1.0263157894736843,0.0,39,0.3157894736842105,0.21052631578947367,0.47368421052631576
2026-06-09 19:18:01,38,38,0,18,12,8,11,18,9,0,0,0,38,0.0,1.0,1.0,0.0,38,0.3157894736842105,0.21052631578947367,0.47368421052631576
2026-06-09 19:33:01,29,38,0,18,12,8,8,15,6,0,0,0,38,0.0,1.0,0.7631578947368421,0.0,29,0.3157894736842105,0.21052631578947367,0.47368421052631576
2026-06-09 19:48:01,39,38,0,18,12,8,17,16,6,0,0,0,38,0.0,1.0,1.0263157894736843,0.0,39,0.3157894736842105,0.21052631578947367,0.47368421052631576
2026-06-09 20:03:02,48,38,0,18,12,8,22,10,8,1,0,0,38,0.0,1.0,1.263157894736842,0.02631578947368421,40,0.3157894736842105,0.21052631578947367,0.47368421052631576
2026-06-09 20:18:01,51,38,0,18,12,8,12,22,16,1,0,0,38,0.0,1.0,1.3421052631578947,0.02631578947368421,50,0.3157894736842105,0.21052631578947367,0.47368421052631576
2026-06-09 20:33:01,37,38,0,18,12,8,14,11,11,1,0,0,38,0.0,1.0,0.9736842105263158,0.02631578947368421,36,0.3157894736842105,0.21052631578947367,0.47368421052631576
2026-06-09 20:48:01,37,38,0,18,12,8,15,16,6,0,0,0,38,0.0,1.0,0.9736842105263158,0.0,37,0.3157894736842105,0.21052631578947367,0.47368421052631576
2026-06-09 21:03:02,69,38,0,18,12,8,15,12,42,0,0,0,38,0.0,1.0,1.8157894736842106,0.0,69,0.3157894736842105,0.21052631578947367,0.47368421052631576
2026-06-09 21:18:01,43,38,0,18,12,8,23,10,10,0,0,0,38,0.0,1.0,1.131578947368421,0.0,43,0.3157894736842105,0.21052631578947367,0.47368421052631576
2026-06-09 21:33:01,36,38,0,18,12,8,12,16,5,0,0,0,38,0.0,1.0,0.9473684210526315,0.0,33,0.3157894736842105,0.21052631578947367,0.47368421052631576
2026-06-09 21:48:01,43,38,0,18,12,8,15,22,6,0,0,0,38,0.0,1.0,1.131578947368421,0.0,43,0.3157894736842105,0.21052631578947367,0.47368421052631576
2026-06-09 22:03:02,38,38,0,18,12,8,13,18,7,0,0,0,38,0.0,1.0,1.0,0.0,38,0.3157894736842105,0.21052631578947367,0.47368421052631576
2026-06-09 22:18:02,51,38,0,18,12,8,8,33,9,1,0,0,38,0.0,1.0,1.3421052631578947,0.02631578947368421,50,0.3157894736842105,0.21052631578947367,0.47368421052631576
2026-06-09 22:33:01,36,38,0,18,12,8,9,18,8,1,0,0,38,0.0,1.0,0.9473684210526315,0.02631578947368421,35,0.3157894736842105,0.21052631578947367,0.47368421052631576
2026-06-09 22:48:01,45,38,0,18,12,8,24,15,6,0,0,0,38,0.0,1.0,1.1842105263157894,0.0,45,0.3157894736842105,0.21052631578947367,0.47368421052631576
2026-06-09 23:03:01,29,38,0,18,12,8,12,11,6,0,0,0,38,0.0,1.0,0.7631578947368421,0.0,29,0.3157894736842105,0.21052631578947367,0.47368421052631576
2026-06-09 23:18:02,46,38,0,18,12,8,11,15,20,0,0,0,38,0.0,1.0,1.2105263157894737,0.0,46,0.3157894736842105,0.21052631578947367,0.47368421052631576
2026-06-09 23:33:01,48,38,0,18,12,8,9,31,8,0,0,0,38,0.0,1.0,1.263157894736842,0.0,48,0.3157894736842105,0.21052631578947367,0.47368421052631576
2026-06-09 23:48:02,65,38,0,18,12,8,14,17,31,3,0,0,38,0.0,1.0,1.7105263157894737,0.07894736842105263,62,0.3157894736842105,0.21052631578947367,0.47368421052631576
2026-06-10 00:03:04,32,38,0,18,12,8,13,13,6,0,0,0,38,0.0,1.0,0.8421052631578947,0.0,32,0.3157894736842105,0.21052631578947367,0.47368421052631576
2026-06-10 00:18:01,57,38,0,18,12,8,8,24,25,0,0,0,38,0.0,1.0,1.5,0.0,57,0.3157894736842105,0.21052631578947367,0.47368421052631576
2026-06-10 00:33:01,24,38,0,18,12,8,9,9,6,0,0,0,38,0.0,1.0,0.631578947368421,0.0,24,0.3157894736842105,0.21052631578947367,0.47368421052631576
2026-06-10 00:48:02,35,38,0,18,12,8,15,14,6,0,0,0,38,0.0,1.0,0.9210526315789473,0.0,35,0.3157894736842105,0.21052631578947367,0.47368421052631576
2026-06-10 01:03:01,54,37,1,18,12,7,12,14,28,1,1,0,38,0.02631578947368421,0.9736842105263158,1.4210526315789473,0.02631578947368421,54,0.3157894736842105,0.18421052631578946,0.47368421052631576
2026-06-10 01:18:01,35,38,0,18,12,8,12,13,9,1,0,0,38,0.0,1.0,0.9210526315789473,0.02631578947368421,34,0.3157894736842105,0.21052631578947367,0.47368421052631576
2026-06-10 01:33:01,31,38,0,18,12,8,11,12,8,0,0,0,38,0.0,1.0,0.8157894736842105,0.0,31,0.3157894736842105,0.21052631578947367,0.47368421052631576
2026-06-10 01:48:02,37,38,0,18,12,8,9,21,7,0,0,0,38,0.0,1.0,0.9736842105263158,0.0,37,0.3157894736842105,0.21052631578947367,0.47368421052631576
2026-06-10 02:03:01,31,38,0,18,12,8,14,12,5,0,0,0,38,0.0,1.0,0.8157894736842105,0.0,31,0.3157894736842105,0.21052631578947367,0.47368421052631576
2026-06-10 02:18:01,27,38,0,18,12,8,10,10,6,1,0,0,38,0.0,1.0,0.7105263157894737,0.02631578947368421,26,0.3157894736842105,0.21052631578947367,0.47368421052631576
2026-06-10 02:33:01,35,38,0,18,12,8,10,14,11,0,0,0,38,0.0,1.0,0.9210526315789473,0.0,35,0.3157894736842105,0.21052631578947367,0.47368421052631576
2026-06-10 02:48:01,30,38,0,18,12,8,12,12,5,1,0,0,38,0.0,1.0,0.7894736842105263,0.02631578947368421,29,0.3157894736842105,0.21052631578947367,0.47368421052631576
2026-06-10 03:03:01,44,38,0,18,12,8,20,16,7,1,0,0,38,0.0,1.0,1.1578947368421053,0.02631578947368421,43,0.3157894736842105,0.21052631578947367,0.47368421052631576
2026-06-10 03:18:01,31,38,0,18,12,8,11,13,7,0,0,0,38,0.0,1.0,0.8157894736842105,0.0,31,0.3157894736842105,0.21052631578947367,0.47368421052631576
2026-06-10 03:33:01,56,38,0,18,12,8,13,12,30,1,0,0,38,0.0,1.0,1.4736842105263157,0.02631578947368421,55,0.3157894736842105,0.21052631578947367,0.47368421052631576
2026-06-10 03:48:01,48,38,0,18,12,8,9,14,25,0,0,0,38,0.0,1.0,1.263157894736842,0.0,48,0.3157894736842105,0.21052631578947367,0.47368421052631576
2026-06-10 04:03:01,42,38,0,18,12,8,15,10,17,0,0,0,38,0.0,1.0,1.105263157894737,0.0,42,0.3157894736842105,0.21052631578947367,0.47368421052631576
2026-06-10 04:18:01,49,38,0,18,12,8,16,23,10,0,0,0,38,0.0,1.0,1.2894736842105263,0.0,49,0.3157894736842105,0.21052631578947367,0.47368421052631576
2026-06-10 04:33:01,31,38,0,18,12,8,13,13,5,0,0,0,38,0.0,1.0,0.8157894736842105,0.0,31,0.3157894736842105,0.21052631578947367,0.47368421052631576
2026-06-10 04:48:01,43,38,0,18,12,8,11,24,7,1,0,0,38,0.0,1.0,1.131578947368421,0.02631578947368421,42,0.3157894736842105,0.21052631578947367,0.47368421052631576
2026-06-10 05:03:01,37,38,0,18,12,8,10,16,10,1,0,0,38,0.0,1.0,0.9736842105263158,0.02631578947368421,36,0.3157894736842105,0.21052631578947367,0.47368421052631576
2026-06-10 05:18:01,38,38,0,18,12,8,12,15,10,1,0,0,38,0.0,1.0,1.0,0.02631578947368421,37,0.3157894736842105,0.21052631578947367,0.47368421052631576
2026-06-10 05:33:02,40,38,0,18,12,8,13,21,6,0,0,0,38,0.0,1.0,1.0526315789473684,0.0,40,0.3157894736842105,0.21052631578947367,0.47368421052631576
2026-06-10 05:48:02,40,38,0,18,12,8,17,16,7,0,0,0,38,0.0,1.0,1.0526315789473684,0.0,40,0.3157894736842105,0.21052631578947367,0.47368421052631576
2026-06-10 06:03:02,35,38,0,18,12,8,10,12,13,0,0,0,38,0.0,1.0,0.9210526315789473,0.0,35,0.3157894736842105,0.21052631578947367,0.47368421052631576
2026-06-10 06:18:01,41,38,0,18,12,8,9,17,12,3,0,0,38,0.0,1.0,1.0789473684210527,0.07894736842105263,38,0.3157894736842105,0.21052631578947367,0.47368421052631576
2026-06-10 06:33:01,47,38,0,18,12,8,13,28,6,0,0,0,38,0.0,1.0,1.236842105263158,0.0,47,0.3157894736842105,0.21052631578947367,0.47368421052631576
2026-06-10 06:48:01,33,38,0,18,12,8,11,16,6,0,0,0,38,0.0,1.0,0.868421052631579,0.0,33,0.3157894736842105,0.21052631578947367,0.47368421052631576
2026-06-10 07:03:01,30,38,0,18,12,8,12,12,6,0,0,0,38,0.0,1.0,0.7894736842105263,0.0,30,0.3157894736842105,0.21052631578947367,0.47368421052631576
2026-06-10 07:18:01,42,38,0,18,12,8,10,26,6,0,0,0,38,0.0,1.0,1.105263157894737,0.0,42,0.3157894736842105,0.21052631578947367,0.47368421052631576
2026-06-10 07:33:01,41,38,0,18,12,8,10,25,6,0,0,0,38,0.0,1.0,1.0789473684210527,0.0,41,0.3157894736842105,0.21052631578947367,0.47368421052631576
2026-06-10 07:48:01,37,38,0,18,12,8,14,13,10,0,0,0,38,0.0,1.0,0.9736842105263158,0.0,37,0.3157894736842105,0.21052631578947367,0.47368421052631576
2026-06-10 08:03:01,37,38,0,18,12,8,12,13,11,1,0,0,38,0.0,1.0,0.9736842105263158,0.02631578947368421,36,0.3157894736842105,0.21052631578947367,0.47368421052631576
2026-06-10 08:18:02,33,38,0,18,12,8,15,10,8,0,0,0,38,0.0,1.0,0.868421052631579,0.0,33,0.3157894736842105,0.21052631578947367,0.47368421052631576
2026-06-10 08:33:01,34,38,0,18,12,8,12,12,9,1,0,0,38,0.0,1.0,0.8947368421052632,0.02631578947368421,33,0.3157894736842105,0.21052631578947367,0.47368421052631576
2026-06-10 08:48:01,40,38,0,18,12,8,12,11,17,0,0,0,38,0.0,1.0,1.0526315789473684,0.0,40,0.3157894736842105,0.21052631578947367,0.47368421052631576
2026-06-10 09:03:02,71,38,0,18,12,8,24,31,16,0,0,0,38,0.0,1.0,1.868421052631579,0.0,71,0.3157894736842105,0.21052631578947367,0.47368421052631576
2026-06-10 09:18:06,45,38,0,18,12,8,10,24,10,1,0,0,38,0.0,1.0,1.1842105263157894,0.02631578947368421,44,0.3157894736842105,0.21052631578947367,0.47368421052631576
2026-06-10 09:33:01,69,38,0,18,12,8,19,18,31,1,0,0,38,0.0,1.0,1.8157894736842106,0.02631578947368421,68,0.3157894736842105,0.21052631578947367,0.47368421052631576
2026-06-10 09:48:01,32,38,0,18,12,8,13,10,8,1,0,0,38,0.0,1.0,0.8421052631578947,0.02631578947368421,31,0.3157894736842105,0.21052631578947367,0.47368421052631576
2026-06-10 10:03:01,49,38,0,18,12,8,16,25,8,0,0,0,38,0.0,1.0,1.2894736842105263,0.0,49,0.3157894736842105,0.21052631578947367,0.47368421052631576
2026-06-10 10:18:02,52,38,0,18,12,8,22,14,16,0,0,0,38,0.0,1.0,1.368421052631579,0.0,52,0.3157894736842105,0.21052631578947367,0.47368421052631576
2026-06-10 10:33:01,61,38,0,18,12,8,13,14,34,0,0,0,38,0.0,1.0,1.605263157894737,0.0,61,0.3157894736842105,0.21052631578947367,0.47368421052631576
2026-06-10 10:48:02,44,38,0,18,12,8,15,24,5,0,0,0,38,0.0,1.0,1.1578947368421053,0.0,44,0.3157894736842105,0.21052631578947367,0.47368421052631576
2026-06-10 11:03:02,29,38,0,18,12,8,10,12,7,0,0,0,38,0.0,1.0,0.7631578947368421,0.0,29,0.3157894736842105,0.21052631578947367,0.47368421052631576
2026-06-10 11:18:05,37,38,0,18,12,8,16,12,9,0,0,0,38,0.0,1.0,0.9736842105263158,0.0,37,0.3157894736842105,0.21052631578947367,0.47368421052631576
2026-06-10 11:33:01,36,38,0,18,12,8,16,12,8,0,0,0,38,0.0,1.0,0.9473684210526315,0.0,36,0.3157894736842105,0.21052631578947367,0.47368421052631576
2026-06-10 11:48:02,53,38,0,18,12,8,19,18,16,0,0,0,38,0.0,1.0,1.394736842105263,0.0,53,0.3157894736842105,0.21052631578947367,0.47368421052631576
2026-06-10 12:03:02,28,38,0,18,12,8,11,11,6,0,0,0,38,0.0,1.0,0.7368421052631579,0.0,28,0.3157894736842105,0.21052631578947367,0.47368421052631576
2026-06-10 12:18:01,63,38,0,18,12,8,10,24,29,0,0,0,38,0.0,1.0,1.6578947368421053,0.0,63,0.3157894736842105,0.21052631578947367,0.47368421052631576
2026-06-10 12:33:01,28,38,0,18,12,8,9,13,6,0,0,0,38,0.0,1.0,0.7368421052631579,0.0,28,0.3157894736842105,0.21052631578947367,0.47368421052631576
2026-06-10 12:48:05,42,38,0,18,12,8,12,11,19,0,0,0,38,0.0,1.0,1.105263157894737,0.0,42,0.3157894736842105,0.21052631578947367,0.47368421052631576
2026-06-10 13:03:02,35,38,0,18,12,8,14,13,8,0,0,0,38,0.0,1.0,0.9210526315789473,0.0,35,0.3157894736842105,0.21052631578947367,0.47368421052631576
2026-06-10 13:18:01,70,38,0,18,12,8,17,23,30,0,0,0,38,0.0,1.0,1.8421052631578947,0.0,70,0.3157894736842105,0.21052631578947367,0.47368421052631576
2026-06-10 13:33:01,43,38,0,18,12,8,15,22,6,0,0,0,38,0.0,1.0,1.131578947368421,0.0,43,0.3157894736842105,0.21052631578947367,0.47368421052631576
2026-06-10 13:48:01,43,38,0,18,12,8,16,21,6,0,0,0,38,0.0,1.0,1.131578947368421,0.0,43,0.3157894736842105,0.21052631578947367,0.47368421052631576
2026-06-10 14:03:01,32,38,0,18,12,8,13,12,7,0,0,0,38,0.0,1.0,0.8421052631578947,0.0,32,0.3157894736842105,0.21052631578947367,0.47368421052631576
2026-06-10 14:18:01,28,38,0,18,12,8,10,12,6,0,0,0,38,0.0,1.0,0.7368421052631579,0.0,28,0.3157894736842105,0.21052631578947367,0.47368421052631576
2026-06-10 14:33:01,52,38,0,18,12,8,12,15,25,0,0,0,38,0.0,1.0,1.368421052631579,0.0,52,0.3157894736842105,0.21052631578947367,0.47368421052631576
2026-06-10 14:48:01,36,38,0,18,12,8,15,13,8,0,0,0,38,0.0,1.0,0.9473684210526315,0.0,36,0.3157894736842105,0.21052631578947367,0.47368421052631576
2026-06-10 15:03:01,42,38,0,18,12,8,16,19,6,1,0,0,38,0.0,1.0,1.105263157894737,0.02631578947368421,41,0.3157894736842105,0.21052631578947367,0.47368421052631576
2026-06-10 15:18:01,50,38,0,18,12,8,26,12,11,1,0,0,38,0.0,1.0,1.3157894736842106,0.02631578947368421,49,0.3157894736842105,0.21052631578947367,0.47368421052631576
2026-06-10 15:33:01,39,38,0,18,12,8,9,11,19,0,0,0,38,0.0,1.0,1.0263157894736843,0.0,39,0.3157894736842105,0.21052631578947367,0.47368421052631576
2026-06-10 15:48:02,29,38,0,18,12,8,8,14,7,0,0,0,38,0.0,1.0,0.7631578947368421,0.0,29,0.3157894736842105,0.21052631578947367,0.47368421052631576
2026-06-10 16:03:01,34,38,0,18,12,8,12,14,7,1,0,0,38,0.0,1.0,0.8947368421052632,0.02631578947368421,33,0.3157894736842105,0.21052631578947367,0.47368421052631576
2026-06-10 16:18:01,38,38,0,18,12,8,16,17,5,0,0,0,38,0.0,1.0,1.0,0.0,38,0.3157894736842105,0.21052631578947367,0.47368421052631576
2026-06-10 16:33:01,50,38,0,18,12,8,12,12,26,0,0,0,38,0.0,1.0,1.3157894736842106,0.0,50,0.3157894736842105,0.21052631578947367,0.47368421052631576
2026-06-10 16:48:02,38,38,0,18,12,8,11,21,6,0,0,0,38,0.0,1.0,1.0,0.0,38,0.3157894736842105,0.21052631578947367,0.47368421052631576
2026-06-10 17:03:02,29,38,0,18,12,8,12,11,6,0,0,0,38,0.0,1.0,0.7631578947368421,0.0,29,0.3157894736842105,0.21052631578947367,0.47368421052631576
2026-06-10 17:18:02,45,38,0,18,12,8,11,21,12,1,0,0,38,0.0,1.0,1.1842105263157894,0.02631578947368421,44,0.3157894736842105,0.21052631578947367,0.47368421052631576
2026-06-10 17:33:01,43,38,0,18,12,8,10,23,9,1,0,0,38,0.0,1.0,1.131578947368421,0.02631578947368421,42,0.3157894736842105,0.21052631578947367,0.47368421052631576
2026-06-10 17:48:01,30,38,0,18,12,8,11,11,7,1,0,0,38,0.0,1.0,0.7894736842105263,0.02631578947368421,29,0.3157894736842105,0.21052631578947367,0.47368421052631576
2026-06-10 18:03:01,46,38,0,18,12,8,18,21,6,1,0,0,38,0.0,1.0,1.2105263157894737,0.02631578947368421,45,0.3157894736842105,0.21052631578947367,0.47368421052631576
2026-06-10 18:18:01,29,38,0,18,12,8,9,14,5,1,0,0,38,0.0,1.0,0.7631578947368421,0.02631578947368421,28,0.3157894736842105,0.21052631578947367,0.47368421052631576
2026-06-10 18:33:01,36,38,0,18,12,8,11,19,6,0,0,0,38,0.0,1.0,0.9473684210526315,0.0,36,0.3157894736842105,0.21052631578947367,0.47368421052631576
2026-06-10 18:48:01,41,38,0,18,12,8,8,22,11,0,0,0,38,0.0,1.0,1.0789473684210527,0.0,41,0.3157894736842105,0.21052631578947367,0.47368421052631576
2026-06-10 19:03:01,32,38,0,18,12,8,10,16,6,0,0,0,38,0.0,1.0,0.8421052631578947,0.0,32,0.3157894736842105,0.21052631578947367,0.47368421052631576
2026-06-10 19:18:01,34,38,0,18,12,8,12,14,8,0,0,0,38,0.0,1.0,0.8947368421052632,0.0,34,0.3157894736842105,0.21052631578947367,0.47368421052631576
2026-06-10 19:33:02,43,38,0,18,12,8,16,21,6,0,0,0,38,0.0,1.0,1.131578947368421,0.0,43,0.3157894736842105,0.21052631578947367,0.47368421052631576
2026-06-10 19:48:02,44,38,0,18,12,8,9,14,21,0,0,0,38,0.0,1.0,1.1578947368421053,0.0,44,0.3157894736842105,0.21052631578947367,0.47368421052631576
2026-06-10 20:03:01,40,38,0,18,12,8,19,11,9,1,0,0,38,0.0,1.0,1.0526315789473684,0.02631578947368421,39,0.3157894736842105,0.21052631578947367,0.47368421052631576
2026-06-10 20:18:01,35,38,0,18,12,8,12,16,7,0,0,0,38,0.0,1.0,0.9210526315789473,0.0,35,0.3157894736842105,0.21052631578947367,0.47368421052631576
2026-06-10 20:33:01,45,38,0,18,12,8,16,23,6,0,0,0,38,0.0,1.0,1.1842105263157894,0.0,45,0.3157894736842105,0.21052631578947367,0.47368421052631576
2026-06-10 20:48:01,36,38,0,18,12,8,18,11,6,0,0,0,38,0.0,1.0,0.9473684210526315,0.0,35,0.3157894736842105,0.21052631578947367,0.47368421052631576
2026-06-10 21:03:01,35,38,0,18,12,8,9,11,15,0,0,0,38,0.0,1.0,0.9210526315789473,0.0,35,0.3157894736842105,0.21052631578947367,0.47368421052631576
2026-06-10 21:18:01,32,38,0,18,12,8,11,15,6,0,0,0,38,0.0,1.0,0.8421052631578947,0.0,32,0.3157894736842105,0.21052631578947367,0.47368421052631576
2026-06-10 21:33:02,37,38,0,18,12,8,11,17,6,0,0,0,38,0.0,1.0,0.9736842105263158,0.0,34,0.3157894736842105,0.21052631578947367,0.47368421052631576
2026-06-10 21:48:02,32,38,0,18,12,8,12,12,8,0,0,0,38,0.0,1.0,0.8421052631578947,0.0,32,0.3157894736842105,0.21052631578947367,0.47368421052631576
2026-06-10 22:03:02,29,38,0,18,12,8,9,12,8,0,0,0,38,0.0,1.0,0.7631578947368421,0.0,29,0.3157894736842105,0.21052631578947367,0.47368421052631576
2026-06-10 22:18:01,43,38,0,18,12,8,13,24,6,0,0,0,38,0.0,1.0,1.131578947368421,0.0,43,0.3157894736842105,0.21052631578947367,0.47368421052631576
2026-06-10 22:33:01,29,38,0,18,12,8,11,11,7,0,0,0,38,0.0,1.0,0.7631578947368421,0.0,29,0.3157894736842105,0.21052631578947367,0.47368421052631576
2026-06-10 22:48:01,35,38,0,18,12,8,11,13,10,1,0,0,38,0.0,1.0,0.9210526315789473,0.02631578947368421,34,0.3157894736842105,0.21052631578947367,0.47368421052631576
2026-06-10 23:03:01,51,38,0,18,12,8,20,11,20,0,0,0,38,0.0,1.0,1.3421052631578947,0.0,51,0.3157894736842105,0.21052631578947367,0.47368421052631576
2026-06-10 23:18:01,29,38,0,18,12,8,9,13,6,1,0,0,38,0.0,1.0,0.7631578947368421,0.02631578947368421,28,0.3157894736842105,0.21052631578947367,0.47368421052631576
2026-06-10 23:33:01,43,38,0,18,12,8,10,26,7,0,0,0,38,0.0,1.0,1.131578947368421,0.0,43,0.3157894736842105,0.21052631578947367,0.47368421052631576
2026-06-10 23:48:01,29,38,0,18,12,8,13,9,6,1,0,0,38,0.0,1.0,0.7631578947368421,0.02631578947368421,28,0.3157894736842105,0.21052631578947367,0.47368421052631576
2026-06-11 00:03:05,36,38,0,18,12,8,14,13,9,0,0,0,38,0.0,1.0,0.9473684210526315,0.0,36,0.3157894736842105,0.21052631578947367,0.47368421052631576
2026-06-11 00:18:01,31,38,0,18,12,8,11,13,7,0,0,0,38,0.0,1.0,0.8157894736842105,0.0,31,0.3157894736842105,0.21052631578947367,0.47368421052631576
2026-06-11 00:33:01,31,38,0,18,12,8,12,11,8,0,0,0,38,0.0,1.0,0.8157894736842105,0.0,31,0.3157894736842105,0.21052631578947367,0.47368421052631576
2026-06-11 00:48:01,35,38,0,18,12,8,12,12,11,0,0,0,38,0.0,1.0,0.9210526315789473,0.0,35,0.3157894736842105,0.21052631578947367,0.47368421052631576
2026-06-11 01:03:01,29,38,0,18,12,8,9,13,6,1,0,0,38,0.0,1.0,0.7631578947368421,0.02631578947368421,28,0.3157894736842105,0.21052631578947367,0.47368421052631576
2026-06-11 01:18:02,40,38,0,18,12,8,10,13,17,0,0,0,38,0.0,1.0,1.0526315789473684,0.0,40,0.3157894736842105,0.21052631578947367,0.47368421052631576
2026-06-11 01:33:02,38,38,0,18,12,8,11,14,13,0,0,0,38,0.0,1.0,1.0,0.0,38,0.3157894736842105,0.21052631578947367,0.47368421052631576
2026-06-11 01:48:01,48,38,0,18,12,8,14,27,6,1,0,0,38,0.0,1.0,1.263157894736842,0.02631578947368421,47,0.3157894736842105,0.21052631578947367,0.47368421052631576
2026-06-11 02:03:01,25,38,0,18,12,8,9,10,5,1,0,0,38,0.0,1.0,0.6578947368421053,0.02631578947368421,24,0.3157894736842105,0.21052631578947367,0.47368421052631576
2026-06-11 02:18:02,37,38,0,18,12,8,11,11,15,0,0,0,38,0.0,1.0,0.9736842105263158,0.0,37,0.3157894736842105,0.21052631578947367,0.47368421052631576
2026-06-11 02:33:02,64,38,0,18,12,8,33,10,21,0,0,0,38,0.0,1.0,1.6842105263157894,0.0,64,0.3157894736842105,0.21052631578947367,0.47368421052631576
2026-06-11 02:48:01,50,38,0,18,12,8,18,24,8,0,0,0,38,0.0,1.0,1.3157894736842106,0.0,50,0.3157894736842105,0.21052631578947367,0.47368421052631576
2026-06-11 03:03:01,44,38,0,18,12,8,23,13,7,0,0,0,38,0.0,1.0,1.1578947368421053,0.0,43,0.3157894736842105,0.21052631578947367,0.47368421052631576
2026-06-11 03:18:01,35,38,0,18,12,8,13,11,11,0,0,0,38,0.0,1.0,0.9210526315789473,0.0,35,0.3157894736842105,0.21052631578947367,0.47368421052631576
2026-06-11 03:33:01,43,38,0,18,12,8,9,28,6,0,0,0,38,0.0,1.0,1.131578947368421,0.0,43,0.3157894736842105,0.21052631578947367,0.47368421052631576
2026-06-11 03:48:01,37,38,0,18,12,8,11,14,12,0,0,0,38,0.0,1.0,0.9736842105263158,0.0,37,0.3157894736842105,0.21052631578947367,0.47368421052631576
2026-06-11 04:03:02,34,38,0,18,12,8,17,11,6,0,0,0,38,0.0,1.0,0.8947368421052632,0.0,34,0.3157894736842105,0.21052631578947367,0.47368421052631576
2026-06-11 04:18:02,38,38,0,18,12,8,15,14,9,0,0,0,38,0.0,1.0,1.0,0.0,38,0.3157894736842105,0.21052631578947367,0.47368421052631576
2026-06-11 04:33:01,37,38,0,18,12,8,16,16,5,0,0,0,38,0.0,1.0,0.9736842105263158,0.0,37,0.3157894736842105,0.21052631578947367,0.47368421052631576
2026-06-11 04:48:01,30,38,0,18,12,8,11,11,8,0,0,0,38,0.0,1.0,0.7894736842105263,0.0,30,0.3157894736842105,0.21052631578947367,0.47368421052631576
2026-06-11 05:03:02,25,38,0,18,12,8,9,9,7,0,0,0,38,0.0,1.0,0.6578947368421053,0.0,25,0.3157894736842105,0.21052631578947367,0.47368421052631576
2026-06-11 05:18:02,26,38,0,18,12,8,8,12,6,0,0,0,38,0.0,1.0,0.6842105263157895,0.0,26,0.3157894736842105,0.21052631578947367,0.47368421052631576
2026-06-11 05:33:02,36,38,0,18,12,8,17,11,8,0,0,0,38,0.0,1.0,0.9473684210526315,0.0,36,0.3157894736842105,0.21052631578947367,0.47368421052631576
2026-06-11 05:48:02,50,38,0,18,12,8,15,13,22,0,0,0,38,0.0,1.0,1.3157894736842106,0.0,50,0.3157894736842105,0.21052631578947367,0.47368421052631576
2026-06-11 06:03:01,59,38,0,18,12,8,10,11,36,1,0,0,38,0.0,1.0,1.5526315789473684,0.02631578947368421,57,0.3157894736842105,0.21052631578947367,0.47368421052631576
2026-06-11 06:18:01,36,38,0,18,12,8,12,17,7,0,0,0,38,0.0,1.0,0.9473684210526315,0.0,36,0.3157894736842105,0.21052631578947367,0.47368421052631576
2026-06-11 06:33:01,38,38,0,18,12,8,12,14,12,0,0,0,38,0.0,1.0,1.0,0.0,38,0.3157894736842105,0.21052631578947367,0.47368421052631576
2026-06-11 06:48:01,30,38,0,18,12,8,11,12,7,0,0,0,38,0.0,1.0,0.7894736842105263,0.0,30,0.3157894736842105,0.21052631578947367,0.47368421052631576
2026-06-11 07:03:01,35,38,0,18,12,8,18,9,7,1,0,0,38,0.0,1.0,0.9210526315789473,0.02631578947368421,34,0.3157894736842105,0.21052631578947367,0.47368421052631576
2026-06-11 07:18:01,33,38,0,18,12,8,13,14,6,0,0,0,38,0.0,1.0,0.868421052631579,0.0,33,0.3157894736842105,0.21052631578947367,0.47368421052631576
2026-06-11 07:33:01,30,38,0,18,12,8,14,9,6,1,0,0,38,0.0,1.0,0.7894736842105263,0.02631578947368421,29,0.3157894736842105,0.21052631578947367,0.47368421052631576
2026-06-11 07:48:02,53,38,0,18,12,8,8,39,6,0,0,0,38,0.0,1.0,1.394736842105263,0.0,53,0.3157894736842105,0.21052631578947367,0.47368421052631576
2026-06-11 08:03:01,29,38,0,18,12,8,9,10,9,1,0,0,38,0.0,1.0,0.7631578947368421,0.02631578947368421,28,0.3157894736842105,0.21052631578947367,0.47368421052631576
2026-06-11 08:18:01,45,38,0,18,12,8,15,19,10,1,0,0,38,0.0,1.0,1.1842105263157894,0.02631578947368421,44,0.3157894736842105,0.21052631578947367,0.47368421052631576
2026-06-11 08:33:01,48,38,0,18,12,8,21,13,14,0,0,0,38,0.0,1.0,1.263157894736842,0.0,48,0.3157894736842105,0.21052631578947367,0.47368421052631576
2026-06-11 08:48:02,43,38,0,18,12,8,20,14,9,0,0,0,38,0.0,1.0,1.131578947368421,0.0,43,0.3157894736842105,0.21052631578947367,0.47368421052631576
2026-06-11 09:03:01,35,38,0,18,12,8,15,14,5,1,0,0,38,0.0,1.0,0.9210526315789473,0.02631578947368421,34,0.3157894736842105,0.21052631578947367,0.47368421052631576
2026-06-11 09:18:01,31,38,0,18,12,8,10,16,5,0,0,0,38,0.0,1.0,0.8157894736842105,0.0,31,0.3157894736842105,0.21052631578947367,0.47368421052631576
2026-06-11 09:33:01,27,38,0,18,12,8,10,10,7,0,0,0,38,0.0,1.0,0.7105263157894737,0.0,27,0.3157894736842105,0.21052631578947367,0.47368421052631576
2026-06-11 09:48:01,29,38,0,18,12,8,11,12,6,0,0,0,38,0.0,1.0,0.7631578947368421,0.0,29,0.3157894736842105,0.21052631578947367,0.47368421052631576
2026-06-11 10:03:02,35,38,0,18,12,8,16,12,7,0,0,0,38,0.0,1.0,0.9210526315789473,0.0,35,0.3157894736842105,0.21052631578947367,0.47368421052631576
2026-06-11 10:18:02,32,38,0,18,12,8,9,18,5,0,0,0,38,0.0,1.0,0.8421052631578947,0.0,32,0.3157894736842105,0.21052631578947367,0.47368421052631576
2026-06-11 10:33:01,60,38,0,18,12,8,14,14,31,1,0,0,38,0.0,1.0,1.5789473684210527,0.02631578947368421,59,0.3157894736842105,0.21052631578947367,0.47368421052631576
2026-06-11 10:48:01,47,38,0,18,12,8,17,21,9,0,0,0,38,0.0,1.0,1.236842105263158,0.0,47,0.3157894736842105,0.21052631578947367,0.47368421052631576
2026-06-11 11:03:02,42,38,0,18,12,8,15,12,8,0,0,0,38,0.0,1.0,1.105263157894737,0.0,35,0.3157894736842105,0.21052631578947367,0.47368421052631576
2026-06-11 11:18:01,46,38,0,18,12,8,17,21,8,0,0,0,38,0.0,1.0,1.2105263157894737,0.0,46,0.3157894736842105,0.21052631578947367,0.47368421052631576
2026-06-11 11:33:01,45,38,0,18,12,8,16,10,19,0,0,0,38,0.0,1.0,1.1842105263157894,0.0,45,0.3157894736842105,0.21052631578947367,0.47368421052631576
2026-06-11 11:48:01,54,38,0,18,12,8,11,17,26,0,0,0,38,0.0,1.0,1.4210526315789473,0.0,54,0.3157894736842105,0.21052631578947367,0.47368421052631576
2026-06-11 12:03:02,40,38,0,18,12,8,14,20,6,0,0,0,38,0.0,1.0,1.0526315789473684,0.0,40,0.3157894736842105,0.21052631578947367,0.47368421052631576
2026-06-11 12:18:01,47,38,0,18,12,8,19,16,12,0,0,0,38,0.0,1.0,1.236842105263158,0.0,47,0.3157894736842105,0.21052631578947367,0.47368421052631576
2026-06-11 12:33:01,31,38,0,18,12,8,9,13,8,1,0,0,38,0.0,1.0,0.8157894736842105,0.02631578947368421,30,0.3157894736842105,0.21052631578947367,0.47368421052631576
2026-06-11 12:48:02,46,38,0,18,12,8,15,14,17,0,0,0,38,0.0,1.0,1.2105263157894737,0.0,46,0.3157894736842105,0.21052631578947367,0.47368421052631576
2026-06-11 13:03:01,65,37,1,18,12,7,16,21,27,4,1,0,38,0.02631578947368421,0.9736842105263158,1.7105263157894737,0.10526315789473684,64,0.3157894736842105,0.18421052631578946,0.47368421052631576
2026-06-11 13:18:01,53,38,0,18,12,8,9,23,21,0,0,0,38,0.0,1.0,1.394736842105263,0.0,53,0.3157894736842105,0.21052631578947367,0.47368421052631576
2026-06-11 13:33:01,48,38,0,18,12,8,12,30,6,0,0,0,38,0.0,1.0,1.263157894736842,0.0,48,0.3157894736842105,0.21052631578947367,0.47368421052631576
2026-06-11 13:48:01,37,38,0,18,12,8,13,9,14,0,0,0,38,0.0,1.0,0.9736842105263158,0.0,36,0.3157894736842105,0.21052631578947367,0.47368421052631576
2026-06-11 14:03:01,50,38,0,18,12,8,13,13,24,0,0,0,38,0.0,1.0,1.3157894736842106,0.0,50,0.3157894736842105,0.21052631578947367,0.47368421052631576
2026-06-11 14:18:02,32,38,0,18,12,8,10,16,6,0,0,0,38,0.0,1.0,0.8421052631578947,0.0,32,0.3157894736842105,0.21052631578947367,0.47368421052631576
2026-06-11 14:33:02,31,38,0,18,12,8,13,12,6,0,0,0,38,0.0,1.0,0.8157894736842105,0.0,31,0.3157894736842105,0.21052631578947367,0.47368421052631576
2026-06-11 14:48:01,38,38,0,18,12,8,14,16,8,0,0,0,38,0.0,1.0,1.0,0.0,38,0.3157894736842105,0.21052631578947367,0.47368421052631576
2026-06-11 15:03:01,40,38,0,18,12,8,16,16,8,0,0,0,38,0.0,1.0,1.0526315789473684,0.0,40,0.3157894736842105,0.21052631578947367,0.47368421052631576
2026-06-11 15:18:02,35,38,0,18,12,8,12,13,10,0,0,0,38,0.0,1.0,0.9210526315789473,0.0,35,0.3157894736842105,0.21052631578947367,0.47368421052631576
2026-06-11 15:33:01,38,38,0,18,12,8,12,11,14,1,0,0,38,0.0,1.0,1.0,0.02631578947368421,37,0.3157894736842105,0.21052631578947367,0.47368421052631576
2026-06-11 15:48:01,33,38,0,18,12,8,9,16,7,1,0,0,38,0.0,1.0,0.868421052631579,0.02631578947368421,32,0.3157894736842105,0.21052631578947367,0.47368421052631576
2026-06-11 16:03:01,48,38,0,18,12,8,17,23,8,0,0,0,38,0.0,1.0,1.263157894736842,0.0,48,0.3157894736842105,0.21052631578947367,0.47368421052631576
2026-06-11 16:18:01,37,38,0,18,12,8,16,12,8,1,0,0,38,0.0,1.0,0.9736842105263158,0.02631578947368421,36,0.3157894736842105,0.21052631578947367,0.47368421052631576
2026-06-11 16:33:02,42,38,0,18,12,8,13,24,5,0,0,0,38,0.0,1.0,1.105263157894737,0.0,42,0.3157894736842105,0.21052631578947367,0.47368421052631576
2026-06-11 16:48:01,38,38,0,18,12,8,14,9,15,0,0,0,38,0.0,1.0,1.0,0.0,38,0.3157894736842105,0.21052631578947367,0.47368421052631576
2026-06-11 17:03:01,57,38,0,18,12,8,14,18,25,0,0,0,38,0.0,1.0,1.5,0.0,57,0.3157894736842105,0.21052631578947367,0.47368421052631576
2026-06-11 17:18:03,37,38,0,18,12,8,13,12,12,0,0,0,38,0.0,1.0,0.9736842105263158,0.0,37,0.3157894736842105,0.21052631578947367,0.47368421052631576
2026-06-11 17:33:01,36,38,0,18,12,8,12,12,12,0,0,0,38,0.0,1.0,0.9473684210526315,0.0,36,0.3157894736842105,0.21052631578947367,0.47368421052631576
2026-06-11 17:48:01,42,38,0,18,12,8,22,10,8,0,0,0,38,0.0,1.0,1.105263157894737,0.0,40,0.3157894736842105,0.21052631578947367,0.47368421052631576
2026-06-11 18:03:01,46,38,0,18,12,8,14,13,19,0,0,0,38,0.0,1.0,1.2105263157894737,0.0,46,0.3157894736842105,0.21052631578947367,0.47368421052631576
2026-06-11 18:18:01,37,38,0,18,12,8,14,10,13,0,0,0,38,0.0,1.0,0.9736842105263158,0.0,37,0.3157894736842105,0.21052631578947367,0.47368421052631576
2026-06-11 18:33:01,29,38,0,18,12,8,11,11,7,0,0,0,38,0.0,1.0,0.7631578947368421,0.0,29,0.3157894736842105,0.21052631578947367,0.47368421052631576
2026-06-11 18:48:01,38,38,0,18,12,8,10,14,14,0,0,0,38,0.0,1.0,1.0,0.0,38,0.3157894736842105,0.21052631578947367,0.47368421052631576
2026-06-11 19:03:02,27,38,0,18,12,8,11,10,6,0,0,0,38,0.0,1.0,0.7105263157894737,0.0,27,0.3157894736842105,0.21052631578947367,0.47368421052631576
2026-06-11 19:18:02,37,38,0,18,12,8,10,17,9,1,0,0,38,0.0,1.0,0.9736842105263158,0.02631578947368421,36,0.3157894736842105,0.21052631578947367,0.47368421052631576
2026-06-11 19:33:01,41,38,0,18,12,8,12,21,8,0,0,0,38,0.0,1.0,1.0789473684210527,0.0,41,0.3157894736842105,0.21052631578947367,0.47368421052631576
2026-06-11 19:48:02,42,38,0,18,12,8,12,25,5,0,0,0,38,0.0,1.0,1.105263157894737,0.0,42,0.3157894736842105,0.21052631578947367,0.47368421052631576
2026-06-11 20:03:01,35,38,0,18,12,8,10,10,14,1,0,0,38,0.0,1.0,0.9210526315789473,0.02631578947368421,34,0.3157894736842105,0.21052631578947367,0.47368421052631576
2026-06-11 20:18:01,30,38,0,18,12,8,11,9,10,0,0,0,38,0.0,1.0,0.7894736842105263,0.0,30,0.3157894736842105,0.21052631578947367,0.47368421052631576
2026-06-11 20:33:01,46,38,0,18,12,8,17,23,6,0,0,0,38,0.0,1.0,1.2105263157894737,0.0,46,0.3157894736842105,0.21052631578947367,0.47368421052631576
2026-06-11 20:48:01,51,37,1,18,12,7,14,13,23,2,1,0,38,0.02631578947368421,0.9736842105263158,1.3421052631578947,0.05263157894736842,50,0.3157894736842105,0.18421052631578946,0.47368421052631576
2026-06-11 21:03:01,51,38,0,18,12,8,15,29,7,0,0,0,38,0.0,1.0,1.3421052631578947,0.0,51,0.3157894736842105,0.21052631578947367,0.47368421052631576
2026-06-11 21:18:02,49,38,0,18,12,8,19,21,9,0,0,0,38,0.0,1.0,1.2894736842105263,0.0,49,0.3157894736842105,0.21052631578947367,0.47368421052631576
2026-06-11 21:33:02,57,38,0,18,12,8,12,37,8,0,0,0,38,0.0,1.0,1.5,0.0,57,0.3157894736842105,0.21052631578947367,0.47368421052631576
2026-06-11 21:48:01,51,38,0,18,12,8,12,31,8,0,0,0,38,0.0,1.0,1.3421052631578947,0.0,51,0.3157894736842105,0.21052631578947367,0.47368421052631576
2026-06-11 22:03:18,41,38,0,18,12,8,18,14,9,0,0,0,38,0.0,1.0,1.0789473684210527,0.0,41,0.3157894736842105,0.21052631578947367,0.47368421052631576
2026-06-11 22:18:01,70,38,0,18,12,8,17,39,14,0,0,0,38,0.0,1.0,1.8421052631578947,0.0,70,0.3157894736842105,0.21052631578947367,0.47368421052631576
2026-06-11 22:33:01,31,38,0,18,12,8,13,12,6,0,0,0,38,0.0,1.0,0.8157894736842105,0.0,31,0.3157894736842105,0.21052631578947367,0.47368421052631576
2026-06-11 22:48:01,34,38,0,18,12,8,9,19,5,1,0,0,38,0.0,1.0,0.8947368421052632,0.02631578947368421,33,0.3157894736842105,0.21052631578947367,0.47368421052631576
2026-06-11 23:03:03,38,38,0,18,12,8,17,11,9,1,0,0,38,0.0,1.0,1.0,0.02631578947368421,37,0.3157894736842105,0.21052631578947367,0.47368421052631576
2026-06-11 23:18:01,43,38,0,18,12,8,15,20,8,0,0,0,38,0.0,1.0,1.131578947368421,0.0,43,0.3157894736842105,0.21052631578947367,0.47368421052631576
2026-06-11 23:33:03,35,38,0,18,12,8,16,13,6,0,0,0,38,0.0,1.0,0.9210526315789473,0.0,35,0.3157894736842105,0.21052631578947367,0.47368421052631576
2026-06-11 23:48:01,30,38,0,18,12,8,11,13,5,1,0,0,38,0.0,1.0,0.7894736842105263,0.02631578947368421,29,0.3157894736842105,0.21052631578947367,0.47368421052631576
2026-06-12 00:03:04,57,37,1,18,11,8,22,28,7,8,1,1,38,0.02631578947368421,0.9736842105263158,1.5,0.21052631578947367,57,0.2894736842105263,0.21052631578947367,0.47368421052631576
2026-06-12 00:18:02,51,38,0,18,12,8,13,10,10,0,0,0,38,0.0,1.0,1.3421052631578947,0.0,33,0.3157894736842105,0.21052631578947367,0.47368421052631576
2026-06-12 00:33:01,32,38,0,18,12,8,11,13,7,1,0,0,38,0.0,1.0,0.8421052631578947,0.02631578947368421,31,0.3157894736842105,0.21052631578947367,0.47368421052631576
2026-06-12 00:48:01,47,38,0,18,12,8,7,13,26,1,0,0,38,0.0,1.0,1.236842105263158,0.02631578947368421,46,0.3157894736842105,0.21052631578947367,0.47368421052631576
2026-06-12 01:03:01,36,38,0,18,12,8,16,9,10,1,0,0,38,0.0,1.0,0.9473684210526315,0.02631578947368421,35,0.3157894736842105,0.21052631578947367,0.47368421052631576
2026-06-12 01:18:01,49,38,0,18,12,8,13,27,8,1,0,0,38,0.0,1.0,1.2894736842105263,0.02631578947368421,48,0.3157894736842105,0.21052631578947367,0.47368421052631576
2026-06-12 01:33:01,45,38,0,18,12,8,12,18,14,1,0,0,38,0.0,1.0,1.1842105263157894,0.02631578947368421,44,0.3157894736842105,0.21052631578947367,0.47368421052631576
2026-06-12 01:48:01,39,38,0,18,12,8,11,23,5,0,0,0,38,0.0,1.0,1.0263157894736843,0.0,39,0.3157894736842105,0.21052631578947367,0.47368421052631576
2026-06-12 02:03:01,34,38,0,18,12,8,11,16,6,1,0,0,38,0.0,1.0,0.8947368421052632,0.02631578947368421,33,0.3157894736842105,0.21052631578947367,0.47368421052631576
2026-06-12 02:18:02,34,38,0,18,12,8,12,12,10,0,0,0,38,0.0,1.0,0.8947368421052632,0.0,34,0.3157894736842105,0.21052631578947367,0.47368421052631576
2026-06-12 02:33:01,44,38,0,18,12,8,14,16,14,0,0,0,38,0.0,1.0,1.1578947368421053,0.0,44,0.3157894736842105,0.21052631578947367,0.47368421052631576
2026-06-12 02:48:01,40,38,0,18,12,8,12,15,13,0,0,0,38,0.0,1.0,1.0526315789473684,0.0,40,0.3157894736842105,0.21052631578947367,0.47368421052631576
2026-06-12 03:03:01,48,38,0,18,12,8,10,27,10,1,0,0,38,0.0,1.0,1.263157894736842,0.02631578947368421,47,0.3157894736842105,0.21052631578947367,0.47368421052631576
2026-06-12 03:18:01,40,38,0,18,12,8,10,15,14,1,0,0,38,0.0,1.0,1.0526315789473684,0.02631578947368421,39,0.3157894736842105,0.21052631578947367,0.47368421052631576
2026-06-12 03:33:01,32,38,0,18,12,8,14,10,7,1,0,0,38,0.0,1.0,0.8421052631578947,0.02631578947368421,31,0.3157894736842105,0.21052631578947367,0.47368421052631576
2026-06-12 03:48:01,57,38,0,18,12,8,11,36,9,1,0,0,38,0.0,1.0,1.5,0.02631578947368421,56,0.3157894736842105,0.21052631578947367,0.47368421052631576
2026-06-12 04:03:01,33,38,0,18,12,8,11,13,9,0,0,0,38,0.0,1.0,0.868421052631579,0.0,33,0.3157894736842105,0.21052631578947367,0.47368421052631576
2026-06-12 04:18:01,35,38,0,18,12,8,16,12,7,0,0,0,38,0.0,1.0,0.9210526315789473,0.0,35,0.3157894736842105,0.21052631578947367,0.47368421052631576
2026-06-12 04:33:01,43,38,0,18,12,8,10,18,15,0,0,0,38,0.0,1.0,1.131578947368421,0.0,43,0.3157894736842105,0.21052631578947367,0.47368421052631576
2026-06-12 04:48:02,34,38,0,18,12,8,13,12,8,1,0,0,38,0.0,1.0,0.8947368421052632,0.02631578947368421,33,0.3157894736842105,0.21052631578947367,0.47368421052631576
2026-06-12 05:03:01,28,38,0,18,12,8,11,10,6,1,0,0,38,0.0,1.0,0.7368421052631579,0.02631578947368421,27,0.3157894736842105,0.21052631578947367,0.47368421052631576
2026-06-12 05:18:01,36,38,0,18,12,8,18,12,6,0,0,0,38,0.0,1.0,0.9473684210526315,0.0,36,0.3157894736842105,0.21052631578947367,0.47368421052631576
2026-06-12 05:33:01,35,38,0,18,12,8,15,12,8,0,0,0,38,0.0,1.0,0.9210526315789473,0.0,35,0.3157894736842105,0.21052631578947367,0.47368421052631576
2026-06-12 05:48:01,36,38,0,18,12,8,12,12,12,0,0,0,38,0.0,1.0,0.9473684210526315,0.0,36,0.3157894736842105,0.21052631578947367,0.47368421052631576
2026-06-12 06:03:01,34,38,0,18,12,8,10,17,7,0,0,0,38,0.0,1.0,0.8947368421052632,0.0,34,0.3157894736842105,0.21052631578947367,0.47368421052631576
2026-06-12 06:18:02,42,38,0,18,12,8,9,25,8,0,0,0,38,0.0,1.0,1.105263157894737,0.0,42,0.3157894736842105,0.21052631578947367,0.47368421052631576
2026-06-12 06:33:01,33,38,0,18,12,8,10,16,6,1,0,0,38,0.0,1.0,0.868421052631579,0.02631578947368421,32,0.3157894736842105,0.21052631578947367,0.47368421052631576
2026-06-12 06:48:02,32,38,0,18,12,8,12,13,7,0,0,0,38,0.0,1.0,0.8421052631578947,0.0,32,0.3157894736842105,0.21052631578947367,0.47368421052631576
2026-06-12 07:03:01,39,38,0,18,12,8,13,17,9,0,0,0,38,0.0,1.0,1.0263157894736843,0.0,39,0.3157894736842105,0.21052631578947367,0.47368421052631576
2026-06-12 07:18:01,55,38,0,18,12,8,15,28,12,0,0,0,38,0.0,1.0,1.4473684210526316,0.0,55,0.3157894736842105,0.21052631578947367,0.47368421052631576
2026-06-12 07:33:01,34,38,0,18,12,8,9,19,6,0,0,0,38,0.0,1.0,0.8947368421052632,0.0,34,0.3157894736842105,0.21052631578947367,0.47368421052631576
2026-06-12 07:48:01,40,38,0,18,12,8,12,20,7,1,0,0,38,0.0,1.0,1.0526315789473684,0.02631578947368421,39,0.3157894736842105,0.21052631578947367,0.47368421052631576
2026-06-12 08:03:01,50,38,0,18,12,8,11,22,17,0,0,0,38,0.0,1.0,1.3157894736842106,0.0,50,0.3157894736842105,0.21052631578947367,0.47368421052631576
2026-06-12 08:18:01,34,38,0,18,12,8,14,14,6,0,0,0,38,0.0,1.0,0.8947368421052632,0.0,34,0.3157894736842105,0.21052631578947367,0.47368421052631576
2026-06-12 08:33:01,52,38,0,18,12,8,19,22,10,1,0,0,38,0.0,1.0,1.368421052631579,0.02631578947368421,51,0.3157894736842105,0.21052631578947367,0.47368421052631576
2026-06-12 08:48:02,53,38,0,18,12,8,14,31,8,0,0,0,38,0.0,1.0,1.394736842105263,0.0,53,0.3157894736842105,0.21052631578947367,0.47368421052631576
2026-06-12 09:03:01,49,38,0,18,12,8,11,29,9,0,0,0,38,0.0,1.0,1.2894736842105263,0.0,49,0.3157894736842105,0.21052631578947367,0.47368421052631576
2026-06-12 09:18:02,39,38,0,18,12,8,15,15,9,0,0,0,38,0.0,1.0,1.0263157894736843,0.0,39,0.3157894736842105,0.21052631578947367,0.47368421052631576
2026-06-12 09:33:01,46,38,0,18,12,8,13,12,17,0,0,0,38,0.0,1.0,1.2105263157894737,0.0,42,0.3157894736842105,0.21052631578947367,0.47368421052631576
2026-06-12 09:48:01,34,38,0,18,12,8,13,15,6,0,0,0,38,0.0,1.0,0.8947368421052632,0.0,34,0.3157894736842105,0.21052631578947367,0.47368421052631576
2026-06-12 10:03:01,33,38,0,18,12,8,12,15,6,0,0,0,38,0.0,1.0,0.868421052631579,0.0,33,0.3157894736842105,0.21052631578947367,0.47368421052631576
2026-06-12 10:18:01,59,38,0,18,12,8,18,17,23,1,0,0,38,0.0,1.0,1.5526315789473684,0.02631578947368421,58,0.3157894736842105,0.21052631578947367,0.47368421052631576
2026-06-12 10:33:01,59,38,0,18,12,8,13,29,13,4,0,0,38,0.0,1.0,1.5526315789473684,0.10526315789473684,55,0.3157894736842105,0.21052631578947367,0.47368421052631576
2026-06-12 10:48:04,36,38,0,18,12,8,13,10,13,0,0,0,38,0.0,1.0,0.9473684210526315,0.0,36,0.3157894736842105,0.21052631578947367,0.47368421052631576
2026-06-12 11:03:01,40,38,0,18,12,8,16,17,7,0,0,0,38,0.0,1.0,1.0526315789473684,0.0,40,0.3157894736842105,0.21052631578947367,0.47368421052631576
2026-06-12 11:18:01,31,38,0,18,12,8,13,12,6,0,0,0,38,0.0,1.0,0.8157894736842105,0.0,31,0.3157894736842105,0.21052631578947367,0.47368421052631576
2026-06-12 11:33:01,39,38,0,18,12,8,9,24,6,0,0,0,38,0.0,1.0,1.0263157894736843,0.0,39,0.3157894736842105,0.21052631578947367,0.47368421052631576
2026-06-12 11:48:02,58,38,0,18,12,8,14,37,7,0,0,0,38,0.0,1.0,1.5263157894736843,0.0,58,0.3157894736842105,0.21052631578947367,0.47368421052631576
2026-06-12 12:03:02,30,38,0,18,12,8,13,11,6,0,0,0,38,0.0,1.0,0.7894736842105263,0.0,30,0.3157894736842105,0.21052631578947367,0.47368421052631576
2026-06-12 12:18:01,43,38,0,18,12,8,26,9,7,1,0,0,38,0.0,1.0,1.131578947368421,0.02631578947368421,42,0.3157894736842105,0.21052631578947367,0.47368421052631576
2026-06-12 12:33:02,42,38,0,18,12,8,13,14,14,1,0,0,38,0.0,1.0,1.105263157894737,0.02631578947368421,41,0.3157894736842105,0.21052631578947367,0.47368421052631576
2026-06-12 12:48:01,39,38,0,18,12,8,10,21,8,0,0,0,38,0.0,1.0,1.0263157894736843,0.0,39,0.3157894736842105,0.21052631578947367,0.47368421052631576
2026-06-12 13:03:01,45,38,0,18,12,8,15,23,6,1,0,0,38,0.0,1.0,1.1842105263157894,0.02631578947368421,44,0.3157894736842105,0.21052631578947367,0.47368421052631576
2026-06-12 13:18:01,37,38,0,18,12,8,8,11,18,0,0,0,38,0.0,1.0,0.9736842105263158,0.0,37,0.3157894736842105,0.21052631578947367,0.47368421052631576
2026-06-12 13:33:01,36,38,0,18,12,8,9,20,6,1,0,0,38,0.0,1.0,0.9473684210526315,0.02631578947368421,35,0.3157894736842105,0.21052631578947367,0.47368421052631576
2026-06-12 13:48:01,38,38,0,18,12,8,15,13,9,1,0,0,38,0.0,1.0,1.0,0.02631578947368421,37,0.3157894736842105,0.21052631578947367,0.47368421052631576
2026-06-12 14:03:01,34,38,0,18,12,8,10,17,6,1,0,0,38,0.0,1.0,0.8947368421052632,0.02631578947368421,33,0.3157894736842105,0.21052631578947367,0.47368421052631576
2026-06-12 14:18:01,64,37,1,18,11,8,14,36,14,2,1,0,38,0.02631578947368421,0.9736842105263158,1.6842105263157894,0.05263157894736842,64,0.2894736842105263,0.21052631578947367,0.47368421052631576
2026-06-12 14:33:01,31,38,0,18,12,8,16,9,6,0,0,0,38,0.0,1.0,0.8157894736842105,0.0,31,0.3157894736842105,0.21052631578947367,0.47368421052631576
2026-06-12 14:48:01,38,38,0,18,12,8,20,12,6,0,0,0,38,0.0,1.0,1.0,0.0,38,0.3157894736842105,0.21052631578947367,0.47368421052631576
2026-06-12 15:03:01,57,38,0,18,12,8,14,33,8,2,0,0,38,0.0,1.0,1.5,0.05263157894736842,55,0.3157894736842105,0.21052631578947367,0.47368421052631576
2026-06-12 15:18:02,38,38,0,18,12,8,13,11,14,0,0,0,38,0.0,1.0,1.0,0.0,38,0.3157894736842105,0.21052631578947367,0.47368421052631576
2026-06-12 15:33:01,41,38,0,18,12,8,13,17,11,0,0,0,38,0.0,1.0,1.0789473684210527,0.0,41,0.3157894736842105,0.21052631578947367,0.47368421052631576
2026-06-12 15:48:01,46,38,0,18,12,8,13,17,16,0,0,0,38,0.0,1.0,1.2105263157894737,0.0,46,0.3157894736842105,0.21052631578947367,0.47368421052631576
2026-06-12 16:03:01,40,38,0,18,12,8,10,23,7,0,0,0,38,0.0,1.0,1.0526315789473684,0.0,40,0.3157894736842105,0.21052631578947367,0.47368421052631576
2026-06-12 16:18:01,39,38,0,18,12,8,9,22,7,1,0,0,38,0.0,1.0,1.0263157894736843,0.02631578947368421,38,0.3157894736842105,0.21052631578947367,0.47368421052631576
2026-06-12 16:33:01,34,38,0,18,12,8,10,13,10,1,0,0,38,0.0,1.0,0.8947368421052632,0.02631578947368421,33,0.3157894736842105,0.21052631578947367,0.47368421052631576
2026-06-12 16:48:01,32,38,0,18,12,8,11,16,5,0,0,0,38,0.0,1.0,0.8421052631578947,0.0,32,0.3157894736842105,0.21052631578947367,0.47368421052631576
2026-06-12 17:03:02,35,38,0,18,12,8,12,18,5,0,0,0,38,0.0,1.0,0.9210526315789473,0.0,35,0.3157894736842105,0.21052631578947367,0.47368421052631576
2026-06-12 17:18:02,42,38,0,18,12,8,16,20,6,0,0,0,38,0.0,1.0,1.105263157894737,0.0,42,0.3157894736842105,0.21052631578947367,0.47368421052631576
2026-06-12 17:33:01,34,38,0,18,12,8,12,12,10,0,0,0,38,0.0,1.0,0.8947368421052632,0.0,34,0.3157894736842105,0.21052631578947367,0.47368421052631576
2026-06-12 17:48:04,29,38,0,18,12,8,11,12,6,0,0,0,38,0.0,1.0,0.7631578947368421,0.0,29,0.3157894736842105,0.21052631578947367,0.47368421052631576
2026-06-12 18:03:01,40,38,0,18,12,8,14,12,14,0,0,0,38,0.0,1.0,1.0526315789473684,0.0,40,0.3157894736842105,0.21052631578947367,0.47368421052631576
2026-06-12 18:18:01,35,38,0,18,12,8,13,15,6,1,0,0,38,0.0,1.0,0.9210526315789473,0.02631578947368421,34,0.3157894736842105,0.21052631578947367,0.47368421052631576
2026-06-12 18:33:03,45,38,0,18,12,8,18,15,8,4,0,0,38,0.0,1.0,1.1842105263157894,0.10526315789473684,41,0.3157894736842105,0.21052631578947367,0.47368421052631576
2026-06-12 18:48:01,47,38,0,18,12,8,22,18,7,0,0,0,38,0.0,1.0,1.236842105263158,0.0,47,0.3157894736842105,0.21052631578947367,0.47368421052631576
2026-06-12 19:03:01,28,38,0,18,12,8,11,11,6,0,0,0,38,0.0,1.0,0.7368421052631579,0.0,28,0.3157894736842105,0.21052631578947367,0.47368421052631576
2026-06-12 19:18:01,34,38,0,18,12,8,12,15,7,0,0,0,38,0.0,1.0,0.8947368421052632,0.0,34,0.3157894736842105,0.21052631578947367,0.47368421052631576
2026-06-12 19:33:01,52,38,0,18,12,8,20,25,6,1,0,0,38,0.0,1.0,1.368421052631579,0.02631578947368421,51,0.3157894736842105,0.21052631578947367,0.47368421052631576
2026-06-12 19:48:01,34,38,0,18,12,8,10,14,9,1,0,0,38,0.0,1.0,0.8947368421052632,0.02631578947368421,33,0.3157894736842105,0.21052631578947367,0.47368421052631576
2026-06-12 20:03:01,31,38,0,18,12,8,12,13,6,0,0,0,38,0.0,1.0,0.8157894736842105,0.0,31,0.3157894736842105,0.21052631578947367,0.47368421052631576
2026-06-12 20:18:01,49,38,0,18,12,8,25,11,12,1,0,0,38,0.0,1.0,1.2894736842105263,0.02631578947368421,48,0.3157894736842105,0.21052631578947367,0.47368421052631576
2026-06-12 20:33:01,43,38,0,18,12,8,8,18,16,1,0,0,38,0.0,1.0,1.131578947368421,0.02631578947368421,42,0.3157894736842105,0.21052631578947367,0.47368421052631576
2026-06-12 20:48:01,38,38,0,18,12,8,15,18,5,0,0,0,38,0.0,1.0,1.0,0.0,38,0.3157894736842105,0.21052631578947367,0.47368421052631576
2026-06-12 21:03:02,27,38,0,18,12,8,11,9,7,0,0,0,38,0.0,1.0,0.7105263157894737,0.0,27,0.3157894736842105,0.21052631578947367,0.47368421052631576
2026-06-12 21:18:01,49,37,1,18,11,8,11,30,8,2,1,0,38,0.02631578947368421,0.9736842105263158,1.2894736842105263,0.05263157894736842,49,0.2894736842105263,0.21052631578947367,0.47368421052631576
2026-06-12 21:33:01,42,38,0,18,12,8,15,18,8,1,0,0,38,0.0,1.0,1.105263157894737,0.02631578947368421,41,0.3157894736842105,0.21052631578947367,0.47368421052631576
2026-06-12 21:48:01,53,38,0,18,12,8,26,18,9,0,0,0,38,0.0,1.0,1.394736842105263,0.0,53,0.3157894736842105,0.21052631578947367,0.47368421052631576
2026-06-12 22:03:01,37,38,0,18,12,8,15,17,5,0,0,0,38,0.0,1.0,0.9736842105263158,0.0,37,0.3157894736842105,0.21052631578947367,0.47368421052631576
2026-06-12 22:18:01,49,37,1,17,12,8,26,11,12,0,1,0,38,0.02631578947368421,0.9736842105263158,1.2894736842105263,0.0,49,0.3157894736842105,0.21052631578947367,0.4473684210526316
2026-06-12 22:33:01,57,38,0,18,12,8,14,26,17,0,0,0,38,0.0,1.0,1.5,0.0,57,0.3157894736842105,0.21052631578947367,0.47368421052631576
2026-06-12 22:48:01,58,38,0,18,12,8,11,16,31,0,0,0,38,0.0,1.0,1.5263157894736843,0.0,58,0.3157894736842105,0.21052631578947367,0.47368421052631576
2026-06-12 23:03:01,36,38,0,18,12,8,14,16,6,0,0,0,38,0.0,1.0,0.9473684210526315,0.0,36,0.3157894736842105,0.21052631578947367,0.47368421052631576
2026-06-12 23:18:01,33,38,0,18,12,8,13,15,5,0,0,0,38,0.0,1.0,0.868421052631579,0.0,33,0.3157894736842105,0.21052631578947367,0.47368421052631576
2026-06-12 23:33:01,44,38,0,18,12,8,20,11,12,1,0,0,38,0.0,1.0,1.1578947368421053,0.02631578947368421,43,0.3157894736842105,0.21052631578947367,0.47368421052631576
2026-06-12 23:48:01,45,38,0,18,12,8,11,14,19,1,0,0,38,0.0,1.0,1.1842105263157894,0.02631578947368421,44,0.3157894736842105,0.21052631578947367,0.47368421052631576
2026-06-13 00:03:04,53,38,0,18,12,8,13,11,12,0,0,0,38,0.0,1.0,1.394736842105263,0.0,36,0.3157894736842105,0.21052631578947367,0.47368421052631576
2026-06-13 00:18:01,58,38,0,18,12,8,15,15,28,0,0,0,38,0.0,1.0,1.5263157894736843,0.0,58,0.3157894736842105,0.21052631578947367,0.47368421052631576
2026-06-13 00:33:01,38,38,0,18,12,8,13,12,12,1,0,0,38,0.0,1.0,1.0,0.02631578947368421,37,0.3157894736842105,0.21052631578947367,0.47368421052631576
2026-06-13 00:48:01,45,38,0,18,12,8,18,12,15,0,0,0,38,0.0,1.0,1.1842105263157894,0.0,45,0.3157894736842105,0.21052631578947367,0.47368421052631576
2026-06-13 01:03:01,32,38,0,18,12,8,16,9,6,1,0,0,38,0.0,1.0,0.8421052631578947,0.02631578947368421,31,0.3157894736842105,0.21052631578947367,0.47368421052631576
2026-06-13 01:18:01,39,38,0,18,12,8,10,13,16,0,0,0,38,0.0,1.0,1.0263157894736843,0.0,39,0.3157894736842105,0.21052631578947367,0.47368421052631576
2026-06-13 01:33:01,34,38,0,18,12,8,13,16,5,0,0,0,38,0.0,1.0,0.8947368421052632,0.0,34,0.3157894736842105,0.21052631578947367,0.47368421052631576
2026-06-13 01:48:01,35,38,0,18,12,8,9,10,15,1,0,0,38,0.0,1.0,0.9210526315789473,0.02631578947368421,34,0.3157894736842105,0.21052631578947367,0.47368421052631576
2026-06-13 02:03:01,44,38,0,18,12,8,15,21,7,1,0,0,38,0.0,1.0,1.1578947368421053,0.02631578947368421,43,0.3157894736842105,0.21052631578947367,0.47368421052631576
2026-06-13 02:18:01,48,38,0,18,12,8,14,27,7,0,0,0,38,0.0,1.0,1.263157894736842,0.0,48,0.3157894736842105,0.21052631578947367,0.47368421052631576
2026-06-13 02:33:01,33,38,0,18,12,8,13,14,6,0,0,0,38,0.0,1.0,0.868421052631579,0.0,33,0.3157894736842105,0.21052631578947367,0.47368421052631576
2026-06-13 02:48:01,48,38,0,18,12,8,8,31,9,0,0,0,38,0.0,1.0,1.263157894736842,0.0,48,0.3157894736842105,0.21052631578947367,0.47368421052631576
2026-06-13 03:03:02,29,38,0,18,12,8,8,13,8,0,0,0,38,0.0,1.0,0.7631578947368421,0.0,29,0.3157894736842105,0.21052631578947367,0.47368421052631576
2026-06-13 03:18:01,31,38,0,18,12,8,13,10,8,0,0,0,38,0.0,1.0,0.8157894736842105,0.0,31,0.3157894736842105,0.21052631578947367,0.47368421052631576
2026-06-13 03:33:02,25,38,0,18,12,8,8,10,7,0,0,0,38,0.0,1.0,0.6578947368421053,0.0,25,0.3157894736842105,0.21052631578947367,0.47368421052631576
2026-06-13 03:48:01,27,38,0,18,12,8,10,11,6,0,0,0,38,0.0,1.0,0.7105263157894737,0.0,27,0.3157894736842105,0.21052631578947367,0.47368421052631576
2026-06-13 04:03:02,48,38,0,18,12,8,10,29,9,0,0,0,38,0.0,1.0,1.263157894736842,0.0,48,0.3157894736842105,0.21052631578947367,0.47368421052631576
2026-06-13 04:18:01,48,38,0,18,12,8,10,14,23,1,0,0,38,0.0,1.0,1.263157894736842,0.02631578947368421,47,0.3157894736842105,0.21052631578947367,0.47368421052631576
2026-06-13 04:33:01,34,38,0,18,12,8,11,11,12,0,0,0,38,0.0,1.0,0.8947368421052632,0.0,34,0.3157894736842105,0.21052631578947367,0.47368421052631576
2026-06-13 04:48:01,33,38,0,18,12,8,10,10,12,1,0,0,38,0.0,1.0,0.868421052631579,0.02631578947368421,32,0.3157894736842105,0.21052631578947367,0.47368421052631576
2026-06-13 05:03:01,35,38,0,18,12,8,12,16,6,1,0,0,38,0.0,1.0,0.9210526315789473,0.02631578947368421,34,0.3157894736842105,0.21052631578947367,0.47368421052631576
2026-06-13 05:18:02,35,38,0,18,12,8,15,10,9,0,0,0,38,0.0,1.0,0.9210526315789473,0.0,34,0.3157894736842105,0.21052631578947367,0.47368421052631576
2026-06-13 05:33:01,46,38,0,18,12,8,11,29,6,0,0,0,38,0.0,1.0,1.2105263157894737,0.0,46,0.3157894736842105,0.21052631578947367,0.47368421052631576
2026-06-13 05:48:01,26,38,0,18,12,8,8,12,6,0,0,0,38,0.0,1.0,0.6842105263157895,0.0,26,0.3157894736842105,0.21052631578947367,0.47368421052631576
2026-06-13 06:03:02,41,38,0,18,12,8,12,20,8,0,0,0,38,0.0,1.0,1.0789473684210527,0.0,40,0.3157894736842105,0.21052631578947367,0.47368421052631576
2026-06-13 06:18:01,33,38,0,18,12,8,12,13,8,0,0,0,38,0.0,1.0,0.868421052631579,0.0,33,0.3157894736842105,0.21052631578947367,0.47368421052631576
2026-06-13 06:33:01,34,38,0,18,12,8,10,18,6,0,0,0,38,0.0,1.0,0.8947368421052632,0.0,34,0.3157894736842105,0.21052631578947367,0.47368421052631576
2026-06-13 06:48:01,48,38,0,18,12,8,10,24,13,1,0,0,38,0.0,1.0,1.263157894736842,0.02631578947368421,47,0.3157894736842105,0.21052631578947367,0.47368421052631576
2026-06-13 07:03:01,31,38,0,18,12,8,12,13,6,0,0,0,38,0.0,1.0,0.8157894736842105,0.0,31,0.3157894736842105,0.21052631578947367,0.47368421052631576
2026-06-13 07:18:01,29,38,0,18,12,8,9,13,6,1,0,0,38,0.0,1.0,0.7631578947368421,0.02631578947368421,28,0.3157894736842105,0.21052631578947367,0.47368421052631576
2026-06-13 07:33:02,49,38,0,18,12,8,16,23,10,0,0,0,38,0.0,1.0,1.2894736842105263,0.0,49,0.3157894736842105,0.21052631578947367,0.47368421052631576
2026-06-13 07:48:01,32,38,0,18,12,8,13,13,6,0,0,0,38,0.0,1.0,0.8421052631578947,0.0,32,0.3157894736842105,0.21052631578947367,0.47368421052631576
2026-06-13 08:03:01,35,38,0,18,12,8,11,14,10,0,0,0,38,0.0,1.0,0.9210526315789473,0.0,35,0.3157894736842105,0.21052631578947367,0.47368421052631576
2026-06-13 08:18:01,33,38,0,18,12,8,9,14,10,0,0,0,38,0.0,1.0,0.868421052631579,0.0,33,0.3157894736842105,0.21052631578947367,0.47368421052631576
2026-06-13 08:33:02,32,38,0,18,12,8,10,10,12,0,0,0,38,0.0,1.0,0.8421052631578947,0.0,32,0.3157894736842105,0.21052631578947367,0.47368421052631576
2026-06-13 08:48:01,33,38,0,18,12,8,12,11,9,1,0,0,38,0.0,1.0,0.868421052631579,0.02631578947368421,32,0.3157894736842105,0.21052631578947367,0.47368421052631576
2026-06-13 09:03:01,31,38,0,18,12,8,14,11,6,0,0,0,38,0.0,1.0,0.8157894736842105,0.0,31,0.3157894736842105,0.21052631578947367,0.47368421052631576
2026-06-13 09:18:01,32,38,0,18,12,8,8,13,11,0,0,0,38,0.0,1.0,0.8421052631578947,0.0,32,0.3157894736842105,0.21052631578947367,0.47368421052631576
2026-06-13 09:33:01,51,38,0,18,12,8,12,31,7,1,0,0,38,0.0,1.0,1.3421052631578947,0.02631578947368421,50,0.3157894736842105,0.21052631578947367,0.47368421052631576
2026-06-13 09:48:02,35,38,0,18,12,8,14,14,7,0,0,0,38,0.0,1.0,0.9210526315789473,0.0,35,0.3157894736842105,0.21052631578947367,0.47368421052631576
2026-06-13 10:03:01,39,38,0,18,12,8,10,19,10,0,0,0,38,0.0,1.0,1.0263157894736843,0.0,39,0.3157894736842105,0.21052631578947367,0.47368421052631576
2026-06-13 10:18:01,32,38,0,18,12,8,12,11,8,1,0,0,38,0.0,1.0,0.8421052631578947,0.02631578947368421,31,0.3157894736842105,0.21052631578947367,0.47368421052631576
2026-06-13 10:33:02,40,38,0,18,12,8,13,19,8,0,0,0,38,0.0,1.0,1.0526315789473684,0.0,40,0.3157894736842105,0.21052631578947367,0.47368421052631576
2026-06-13 10:48:01,41,38,0,18,12,8,11,13,17,0,0,0,38,0.0,1.0,1.0789473684210527,0.0,41,0.3157894736842105,0.21052631578947367,0.47368421052631576
2026-06-13 11:03:01,41,38,0,18,12,8,12,12,17,0,0,0,38,0.0,1.0,1.0789473684210527,0.0,41,0.3157894736842105,0.21052631578947367,0.47368421052631576
2026-06-13 11:18:01,32,38,0,18,12,8,11,11,10,0,0,0,38,0.0,1.0,0.8421052631578947,0.0,32,0.3157894736842105,0.21052631578947367,0.47368421052631576
2026-06-13 11:33:03,36,38,0,18,12,8,11,19,6,0,0,0,38,0.0,1.0,0.9473684210526315,0.0,36,0.3157894736842105,0.21052631578947367,0.47368421052631576
2026-06-13 11:48:02,37,38,0,18,12,8,12,19,6,0,0,0,38,0.0,1.0,0.9736842105263158,0.0,37,0.3157894736842105,0.21052631578947367,0.47368421052631576
2026-06-13 12:03:01,43,38,0,18,12,8,15,13,15,0,0,0,38,0.0,1.0,1.131578947368421,0.0,43,0.3157894736842105,0.21052631578947367,0.47368421052631576
2026-06-13 12:18:01,46,38,0,18,12,8,10,31,5,0,0,0,38,0.0,1.0,1.2105263157894737,0.0,46,0.3157894736842105,0.21052631578947367,0.47368421052631576
2026-06-13 12:33:01,41,38,0,18,12,8,8,18,15,0,0,0,38,0.0,1.0,1.0789473684210527,0.0,41,0.3157894736842105,0.21052631578947367,0.47368421052631576
2026-06-13 12:48:01,47,38,0,18,12,8,14,26,7,0,0,0,38,0.0,1.0,1.236842105263158,0.0,47,0.3157894736842105,0.21052631578947367,0.47368421052631576
2026-06-13 13:03:01,39,38,0,18,12,8,8,23,8,0,0,0,38,0.0,1.0,1.0263157894736843,0.0,39,0.3157894736842105,0.21052631578947367,0.47368421052631576
2026-06-13 13:18:02,39,38,0,18,12,8,12,17,10,0,0,0,38,0.0,1.0,1.0263157894736843,0.0,39,0.3157894736842105,0.21052631578947367,0.47368421052631576
2026-06-13 13:33:02,39,38,0,18,12,8,10,10,19,0,0,0,38,0.0,1.0,1.0263157894736843,0.0,39,0.3157894736842105,0.21052631578947367,0.47368421052631576
2026-06-13 13:48:02,53,38,0,18,12,8,13,25,14,1,0,0,38,0.0,1.0,1.394736842105263,0.02631578947368421,52,0.3157894736842105,0.21052631578947367,0.47368421052631576
2026-06-13 14:03:01,35,38,0,18,12,8,8,18,8,1,0,0,38,0.0,1.0,0.9210526315789473,0.02631578947368421,34,0.3157894736842105,0.21052631578947367,0.47368421052631576
2026-06-13 14:18:01,42,38,0,18,12,8,12,12,17,1,0,0,38,0.0,1.0,1.105263157894737,0.02631578947368421,41,0.3157894736842105,0.21052631578947367,0.47368421052631576
2026-06-13 14:33:01,41,38,0,18,12,8,16,17,7,1,0,0,38,0.0,1.0,1.0789473684210527,0.02631578947368421,40,0.3157894736842105,0.21052631578947367,0.47368421052631576
2026-06-13 14:48:01,38,38,0,18,12,8,9,20,9,0,0,0,38,0.0,1.0,1.0,0.0,38,0.3157894736842105,0.21052631578947367,0.47368421052631576
2026-06-13 15:03:03,46,38,0,18,12,8,26,11,7,2,0,0,38,0.0,1.0,1.2105263157894737,0.05263157894736842,44,0.3157894736842105,0.21052631578947367,0.47368421052631576
2026-06-13 15:18:02,36,38,0,18,12,8,14,11,11,0,0,0,38,0.0,1.0,0.9473684210526315,0.0,36,0.3157894736842105,0.21052631578947367,0.47368421052631576
2026-06-13 15:33:01,37,38,0,18,12,8,8,23,6,0,0,0,38,0.0,1.0,0.9736842105263158,0.0,37,0.3157894736842105,0.21052631578947367,0.47368421052631576
2026-06-13 15:48:02,28,38,0,18,12,8,12,10,6,0,0,0,38,0.0,1.0,0.7368421052631579,0.0,28,0.3157894736842105,0.21052631578947367,0.47368421052631576
2026-06-13 16:03:02,46,38,0,18,12,8,19,18,9,0,0,0,38,0.0,1.0,1.2105263157894737,0.0,46,0.3157894736842105,0.21052631578947367,0.47368421052631576
2026-06-13 16:18:01,52,38,0,18,12,8,19,20,8,0,0,0,38,0.0,1.0,1.368421052631579,0.0,47,0.3157894736842105,0.21052631578947367,0.47368421052631576
2026-06-13 16:33:01,58,38,0,18,12,8,21,30,7,0,0,0,38,0.0,1.0,1.5263157894736843,0.0,58,0.3157894736842105,0.21052631578947367,0.47368421052631576
2026-06-13 16:48:01,34,38,0,18,12,8,11,10,13,0,0,0,38,0.0,1.0,0.8947368421052632,0.0,34,0.3157894736842105,0.21052631578947367,0.47368421052631576
2026-06-13 17:03:01,33,38,0,18,12,8,12,16,5,0,0,0,38,0.0,1.0,0.868421052631579,0.0,33,0.3157894736842105,0.21052631578947367,0.47368421052631576
2026-06-13 17:18:01,48,38,0,18,12,8,10,32,6,0,0,0,38,0.0,1.0,1.263157894736842,0.0,48,0.3157894736842105,0.21052631578947367,0.47368421052631576
2026-06-13 17:33:01,40,38,0,18,12,8,11,23,5,1,0,0,38,0.0,1.0,1.0526315789473684,0.02631578947368421,39,0.3157894736842105,0.21052631578947367,0.47368421052631576
2026-06-13 17:48:01,32,38,0,18,12,8,10,16,6,0,0,0,38,0.0,1.0,0.8421052631578947,0.0,32,0.3157894736842105,0.21052631578947367,0.47368421052631576
2026-06-13 18:03:02,34,38,0,18,12,8,17,10,7,0,0,0,38,0.0,1.0,0.8947368421052632,0.0,34,0.3157894736842105,0.21052631578947367,0.47368421052631576
2026-06-13 18:18:02,39,38,0,18,12,8,15,14,9,0,0,0,38,0.0,1.0,1.0263157894736843,0.0,38,0.3157894736842105,0.21052631578947367,0.47368421052631576
2026-06-13 18:33:01,39,38,0,18,12,8,23,11,5,0,0,0,38,0.0,1.0,1.0263157894736843,0.0,39,0.3157894736842105,0.21052631578947367,0.47368421052631576
2026-06-13 18:48:02,27,38,0,18,12,8,8,11,8,0,0,0,38,0.0,1.0,0.7105263157894737,0.0,27,0.3157894736842105,0.21052631578947367,0.47368421052631576
2026-06-13 19:03:01,39,38,0,18,12,8,18,16,5,0,0,0,38,0.0,1.0,1.0263157894736843,0.0,39,0.3157894736842105,0.21052631578947367,0.47368421052631576
2026-06-13 19:18:01,49,38,0,18,12,8,22,20,7,0,0,0,38,0.0,1.0,1.2894736842105263,0.0,49,0.3157894736842105,0.21052631578947367,0.47368421052631576
2026-06-13 19:33:01,31,38,0,18,12,8,12,11,8,0,0,0,38,0.0,1.0,0.8157894736842105,0.0,31,0.3157894736842105,0.21052631578947367,0.47368421052631576
2026-06-13 19:48:03,41,38,0,18,12,8,15,16,9,1,0,0,38,0.0,1.0,1.0789473684210527,0.02631578947368421,40,0.3157894736842105,0.21052631578947367,0.47368421052631576
2026-06-13 20:03:01,34,38,0,18,12,8,13,15,6,0,0,0,38,0.0,1.0,0.8947368421052632,0.0,34,0.3157894736842105,0.21052631578947367,0.47368421052631576
2026-06-13 20:18:02,36,38,0,18,12,8,18,11,7,0,0,0,38,0.0,1.0,0.9473684210526315,0.0,36,0.3157894736842105,0.21052631578947367,0.47368421052631576
2026-06-13 20:33:01,53,38,0,18,12,8,20,23,10,0,0,0,38,0.0,1.0,1.394736842105263,0.0,53,0.3157894736842105,0.21052631578947367,0.47368421052631576
2026-06-13 20:48:01,42,38,0,18,12,8,16,19,6,1,0,0,38,0.0,1.0,1.105263157894737,0.02631578947368421,41,0.3157894736842105,0.21052631578947367,0.47368421052631576
2026-06-13 21:03:01,40,38,0,18,12,8,8,13,19,0,0,0,38,0.0,1.0,1.0526315789473684,0.0,40,0.3157894736842105,0.21052631578947367,0.47368421052631576
2026-06-13 21:18:03,43,38,0,18,12,8,12,16,15,0,0,0,38,0.0,1.0,1.131578947368421,0.0,43,0.3157894736842105,0.21052631578947367,0.47368421052631576
2026-06-13 21:33:01,40,38,0,18,12,8,14,18,8,0,0,0,38,0.0,1.0,1.0526315789473684,0.0,40,0.3157894736842105,0.21052631578947367,0.47368421052631576
2026-06-13 21:48:01,37,38,0,18,12,8,15,12,10,0,0,0,38,0.0,1.0,0.9736842105263158,0.0,37,0.3157894736842105,0.21052631578947367,0.47368421052631576
2026-06-13 22:03:01,28,38,0,18,12,8,11,9,7,1,0,0,38,0.0,1.0,0.7368421052631579,0.02631578947368421,27,0.3157894736842105,0.21052631578947367,0.47368421052631576
2026-06-13 22:18:01,62,38,0,18,12,8,9,13,39,1,0,0,38,0.0,1.0,1.631578947368421,0.02631578947368421,61,0.3157894736842105,0.21052631578947367,0.47368421052631576
2026-06-13 22:33:02,32,38,0,18,12,8,11,15,6,0,0,0,38,0.0,1.0,0.8421052631578947,0.0,32,0.3157894736842105,0.21052631578947367,0.47368421052631576
2026-06-13 22:48:01,34,38,0,18,12,8,15,11,8,0,0,0,38,0.0,1.0,0.8947368421052632,0.0,34,0.3157894736842105,0.21052631578947367,0.47368421052631576
2026-06-13 23:03:01,46,38,0,18,12,8,19,20,7,0,0,0,38,0.0,1.0,1.2105263157894737,0.0,46,0.3157894736842105,0.21052631578947367,0.47368421052631576
2026-06-13 23:18:01,36,38,0,18,12,8,10,12,13,1,0,0,38,0.0,1.0,0.9473684210526315,0.02631578947368421,35,0.3157894736842105,0.21052631578947367,0.47368421052631576
2026-06-13 23:33:02,35,38,0,18,12,8,8,15,12,0,0,0,38,0.0,1.0,0.9210526315789473,0.0,35,0.3157894736842105,0.21052631578947367,0.47368421052631576
2026-06-13 23:48:01,52,38,0,18,12,8,12,11,28,1,0,0,38,0.0,1.0,1.368421052631579,0.02631578947368421,51,0.3157894736842105,0.21052631578947367,0.47368421052631576
2026-06-14 00:03:05,41,38,0,18,12,8,14,19,8,0,0,0,38,0.0,1.0,1.0789473684210527,0.0,41,0.3157894736842105,0.21052631578947367,0.47368421052631576
2026-06-14 00:18:02,29,38,0,18,12,8,11,11,7,0,0,0,38,0.0,1.0,0.7631578947368421,0.0,29,0.3157894736842105,0.21052631578947367,0.47368421052631576
2026-06-14 00:33:01,61,38,0,18,12,8,14,17,30,0,0,0,38,0.0,1.0,1.605263157894737,0.0,61,0.3157894736842105,0.21052631578947367,0.47368421052631576
2026-06-14 00:48:01,37,38,0,18,12,8,16,16,5,0,0,0,38,0.0,1.0,0.9736842105263158,0.0,37,0.3157894736842105,0.21052631578947367,0.47368421052631576
2026-06-14 01:03:02,34,38,0,18,12,8,14,14,6,0,0,0,38,0.0,1.0,0.8947368421052632,0.0,34,0.3157894736842105,0.21052631578947367,0.47368421052631576
2026-06-14 01:18:01,38,38,0,18,12,8,12,20,6,0,0,0,38,0.0,1.0,1.0,0.0,38,0.3157894736842105,0.21052631578947367,0.47368421052631576
2026-06-14 01:33:01,35,38,0,18,12,8,12,11,12,0,0,0,38,0.0,1.0,0.9210526315789473,0.0,35,0.3157894736842105,0.21052631578947367,0.47368421052631576
2026-06-14 01:48:01,55,38,0,18,12,8,8,34,12,1,0,0,38,0.0,1.0,1.4473684210526316,0.02631578947368421,54,0.3157894736842105,0.21052631578947367,0.47368421052631576
2026-06-14 02:03:01,30,38,0,18,12,8,13,11,6,0,0,0,38,0.0,1.0,0.7894736842105263,0.0,30,0.3157894736842105,0.21052631578947367,0.47368421052631576
2026-06-14 02:18:01,53,38,0,18,12,8,15,17,21,0,0,0,38,0.0,1.0,1.394736842105263,0.0,53,0.3157894736842105,0.21052631578947367,0.47368421052631576
2026-06-14 02:33:01,30,38,0,18,12,8,9,16,5,0,0,0,38,0.0,1.0,0.7894736842105263,0.0,30,0.3157894736842105,0.21052631578947367,0.47368421052631576
2026-06-14 02:48:01,36,38,0,18,12,8,12,13,10,1,0,0,38,0.0,1.0,0.9473684210526315,0.02631578947368421,35,0.3157894736842105,0.21052631578947367,0.47368421052631576
2026-06-14 03:03:01,30,38,0,18,12,8,10,12,8,0,0,0,38,0.0,1.0,0.7894736842105263,0.0,30,0.3157894736842105,0.21052631578947367,0.47368421052631576
2026-06-14 03:18:01,36,38,0,18,12,8,14,13,9,0,0,0,38,0.0,1.0,0.9473684210526315,0.0,36,0.3157894736842105,0.21052631578947367,0.47368421052631576
2026-06-14 03:33:02,32,38,0,18,12,8,12,11,9,0,0,0,38,0.0,1.0,0.8421052631578947,0.0,32,0.3157894736842105,0.21052631578947367,0.47368421052631576
2026-06-14 03:48:01,53,38,0,18,12,8,17,16,20,0,0,0,38,0.0,1.0,1.394736842105263,0.0,53,0.3157894736842105,0.21052631578947367,0.47368421052631576
2026-06-14 04:03:01,35,38,0,18,12,8,15,10,9,1,0,0,38,0.0,1.0,0.9210526315789473,0.02631578947368421,34,0.3157894736842105,0.21052631578947367,0.47368421052631576
2026-06-14 04:18:01,43,38,0,18,12,8,18,15,10,0,0,0,38,0.0,1.0,1.131578947368421,0.0,43,0.3157894736842105,0.21052631578947367,0.47368421052631576
2026-06-14 04:33:01,46,38,0,18,12,8,10,21,6,1,0,0,38,0.0,1.0,1.2105263157894737,0.02631578947368421,37,0.3157894736842105,0.21052631578947367,0.47368421052631576
2026-06-14 04:48:02,32,38,0,18,12,8,12,15,5,0,0,0,38,0.0,1.0,0.8421052631578947,0.0,32,0.3157894736842105,0.21052631578947367,0.47368421052631576
2026-06-14 05:03:01,44,38,0,18,12,8,14,22,8,0,0,0,38,0.0,1.0,1.1578947368421053,0.0,44,0.3157894736842105,0.21052631578947367,0.47368421052631576
2026-06-14 05:18:02,40,38,0,18,12,8,13,19,8,0,0,0,38,0.0,1.0,1.0526315789473684,0.0,40,0.3157894736842105,0.21052631578947367,0.47368421052631576
2026-06-14 05:33:01,32,38,0,18,12,8,12,14,6,0,0,0,38,0.0,1.0,0.8421052631578947,0.0,32,0.3157894736842105,0.21052631578947367,0.47368421052631576
2026-06-14 05:48:01,33,38,0,18,12,8,9,10,14,0,0,0,38,0.0,1.0,0.868421052631579,0.0,33,0.3157894736842105,0.21052631578947367,0.47368421052631576
2026-06-14 06:03:01,38,38,0,18,12,8,9,15,14,0,0,0,38,0.0,1.0,1.0,0.0,38,0.3157894736842105,0.21052631578947367,0.47368421052631576
2026-06-14 06:18:01,33,38,0,18,12,8,13,13,7,0,0,0,38,0.0,1.0,0.868421052631579,0.0,33,0.3157894736842105,0.21052631578947367,0.47368421052631576
2026-06-14 06:33:01,34,38,0,18,12,8,12,13,9,0,0,0,38,0.0,1.0,0.8947368421052632,0.0,34,0.3157894736842105,0.21052631578947367,0.47368421052631576
2026-06-14 06:48:02,44,38,0,18,12,8,10,27,6,0,0,0,38,0.0,1.0,1.1578947368421053,0.0,43,0.3157894736842105,0.21052631578947367,0.47368421052631576
2026-06-14 07:03:01,40,38,0,18,12,8,9,20,11,0,0,0,38,0.0,1.0,1.0526315789473684,0.0,40,0.3157894736842105,0.21052631578947367,0.47368421052631576
2026-06-14 07:18:02,47,38,0,18,12,8,10,21,16,0,0,0,38,0.0,1.0,1.236842105263158,0.0,47,0.3157894736842105,0.21052631578947367,0.47368421052631576
2026-06-14 07:33:01,35,38,0,18,12,8,9,20,6,0,0,0,38,0.0,1.0,0.9210526315789473,0.0,35,0.3157894736842105,0.21052631578947367,0.47368421052631576
2026-06-14 07:48:01,45,38,0,18,12,8,13,22,9,1,0,0,38,0.0,1.0,1.1842105263157894,0.02631578947368421,44,0.3157894736842105,0.21052631578947367,0.47368421052631576
2026-06-14 08:03:01,43,38,0,18,12,8,10,26,6,1,0,0,38,0.0,1.0,1.131578947368421,0.02631578947368421,42,0.3157894736842105,0.21052631578947367,0.47368421052631576
2026-06-14 08:18:01,41,38,0,18,12,8,18,14,5,0,0,0,38,0.0,1.0,1.0789473684210527,0.0,37,0.3157894736842105,0.21052631578947367,0.47368421052631576
2026-06-14 08:33:01,33,38,0,18,12,8,11,15,7,0,0,0,38,0.0,1.0,0.868421052631579,0.0,33,0.3157894736842105,0.21052631578947367,0.47368421052631576
2026-06-14 08:48:01,42,38,0,18,12,8,15,18,9,0,0,0,38,0.0,1.0,1.105263157894737,0.0,42,0.3157894736842105,0.21052631578947367,0.47368421052631576
2026-06-14 09:03:01,36,38,0,18,12,8,12,17,6,1,0,0,38,0.0,1.0,0.9473684210526315,0.02631578947368421,35,0.3157894736842105,0.21052631578947367,0.47368421052631576
2026-06-14 09:18:01,27,38,0,18,12,8,10,11,6,0,0,0,38,0.0,1.0,0.7105263157894737,0.0,27,0.3157894736842105,0.21052631578947367,0.47368421052631576
2026-06-14 09:33:02,40,38,0,18,12,8,11,12,17,0,0,0,38,0.0,1.0,1.0526315789473684,0.0,40,0.3157894736842105,0.21052631578947367,0.47368421052631576
2026-06-14 09:48:01,41,38,0,18,12,8,17,16,8,0,0,0,38,0.0,1.0,1.0789473684210527,0.0,41,0.3157894736842105,0.21052631578947367,0.47368421052631576
2026-06-14 10:03:01,31,38,0,18,12,8,12,11,7,0,0,0,38,0.0,1.0,0.8157894736842105,0.0,30,0.3157894736842105,0.21052631578947367,0.47368421052631576
2026-06-14 10:18:01,32,38,0,18,12,8,10,11,10,1,0,0,38,0.0,1.0,0.8421052631578947,0.02631578947368421,31,0.3157894736842105,0.21052631578947367,0.47368421052631576
2026-06-14 10:33:01,34,38,0,18,12,8,11,12,10,1,0,0,38,0.0,1.0,0.8947368421052632,0.02631578947368421,33,0.3157894736842105,0.21052631578947367,0.47368421052631576
2026-06-14 10:48:01,31,38,0,18,12,8,12,13,6,0,0,0,38,0.0,1.0,0.8157894736842105,0.0,31,0.3157894736842105,0.21052631578947367,0.47368421052631576
2026-06-14 11:03:01,31,38,0,18,12,8,11,15,5,0,0,0,38,0.0,1.0,0.8157894736842105,0.0,31,0.3157894736842105,0.21052631578947367,0.47368421052631576
2026-06-14 11:18:01,41,38,0,18,12,8,15,13,13,0,0,0,38,0.0,1.0,1.0789473684210527,0.0,41,0.3157894736842105,0.21052631578947367,0.47368421052631576
2026-06-14 11:33:01,56,38,0,18,12,8,9,41,6,0,0,0,38,0.0,1.0,1.4736842105263157,0.0,56,0.3157894736842105,0.21052631578947367,0.47368421052631576
2026-06-14 11:48:01,36,38,0,18,12,8,16,12,7,1,0,0,38,0.0,1.0,0.9473684210526315,0.02631578947368421,35,0.3157894736842105,0.21052631578947367,0.47368421052631576
2026-06-14 12:03:02,38,38,0,18,12,8,10,12,16,0,0,0,38,0.0,1.0,1.0,0.0,38,0.3157894736842105,0.21052631578947367,0.47368421052631576
2026-06-14 12:18:01,44,38,0,18,12,8,11,27,6,0,0,0,38,0.0,1.0,1.1578947368421053,0.0,44,0.3157894736842105,0.21052631578947367,0.47368421052631576
2026-06-14 12:33:02,44,38,0,18,12,8,18,20,6,0,0,0,38,0.0,1.0,1.1578947368421053,0.0,44,0.3157894736842105,0.21052631578947367,0.47368421052631576
2026-06-14 12:48:01,49,38,0,18,12,8,8,17,24,0,0,0,38,0.0,1.0,1.2894736842105263,0.0,49,0.3157894736842105,0.21052631578947367,0.47368421052631576
2026-06-14 13:03:02,36,38,0,18,12,8,12,18,6,0,0,0,38,0.0,1.0,0.9473684210526315,0.0,36,0.3157894736842105,0.21052631578947367,0.47368421052631576
2026-06-14 13:18:01,41,38,0,18,12,8,19,15,7,0,0,0,38,0.0,1.0,1.0789473684210527,0.0,41,0.3157894736842105,0.21052631578947367,0.47368421052631576
2026-06-14 13:33:01,38,38,0,18,12,8,18,11,9,0,0,0,38,0.0,1.0,1.0,0.0,38,0.3157894736842105,0.21052631578947367,0.47368421052631576
2026-06-14 13:48:02,30,38,0,18,12,8,11,12,7,0,0,0,38,0.0,1.0,0.7894736842105263,0.0,30,0.3157894736842105,0.21052631578947367,0.47368421052631576
2026-06-14 14:03:02,38,38,0,18,12,8,19,11,8,0,0,0,38,0.0,1.0,1.0,0.0,38,0.3157894736842105,0.21052631578947367,0.47368421052631576
2026-06-14 14:18:01,38,38,0,18,12,8,14,16,8,0,0,0,38,0.0,1.0,1.0,0.0,38,0.3157894736842105,0.21052631578947367,0.47368421052631576
2026-06-14 14:33:02,31,38,0,18,12,8,9,16,6,0,0,0,38,0.0,1.0,0.8157894736842105,0.0,31,0.3157894736842105,0.21052631578947367,0.47368421052631576
2026-06-14 14:48:01,43,38,0,18,12,8,19,17,7,0,0,0,38,0.0,1.0,1.131578947368421,0.0,43,0.3157894736842105,0.21052631578947367,0.47368421052631576
2026-06-14 15:03:02,51,38,0,18,12,8,14,10,7,0,0,0,38,0.0,1.0,1.3421052631578947,0.0,31,0.3157894736842105,0.21052631578947367,0.47368421052631576
2026-06-14 15:18:01,37,38,0,18,12,8,11,12,13,1,0,0,38,0.0,1.0,0.9736842105263158,0.02631578947368421,36,0.3157894736842105,0.21052631578947367,0.47368421052631576
2026-06-14 15:33:02,28,38,0,18,12,8,8,14,6,0,0,0,38,0.0,1.0,0.7368421052631579,0.0,28,0.3157894736842105,0.21052631578947367,0.47368421052631576
2026-06-14 15:48:01,49,38,0,18,12,8,11,27,11,0,0,0,38,0.0,1.0,1.2894736842105263,0.0,49,0.3157894736842105,0.21052631578947367,0.47368421052631576
2026-06-14 16:03:01,33,38,0,18,12,8,10,16,6,1,0,0,38,0.0,1.0,0.868421052631579,0.02631578947368421,32,0.3157894736842105,0.21052631578947367,0.47368421052631576
2026-06-14 16:18:02,39,37,1,18,12,7,8,11,20,2,1,0,38,0.02631578947368421,0.9736842105263158,1.0263157894736843,0.05263157894736842,39,0.3157894736842105,0.18421052631578946,0.47368421052631576
2026-06-14 16:33:02,52,38,0,18,12,8,22,22,8,0,0,0,38,0.0,1.0,1.368421052631579,0.0,52,0.3157894736842105,0.21052631578947367,0.47368421052631576
2026-06-14 16:48:02,38,38,0,18,12,8,10,22,6,0,0,0,38,0.0,1.0,1.0,0.0,38,0.3157894736842105,0.21052631578947367,0.47368421052631576
2026-06-14 17:03:02,43,38,0,18,12,8,18,12,13,0,0,0,38,0.0,1.0,1.131578947368421,0.0,43,0.3157894736842105,0.21052631578947367,0.47368421052631576
2026-06-14 17:18:01,50,37,1,18,11,8,8,26,16,1,1,0,38,0.02631578947368421,0.9736842105263158,1.3157894736842106,0.02631578947368421,50,0.2894736842105263,0.21052631578947367,0.47368421052631576
2026-06-14 17:33:01,25,38,0,18,12,8,10,9,6,0,0,0,38,0.0,1.0,0.6578947368421053,0.0,25,0.3157894736842105,0.21052631578947367,0.47368421052631576
2026-06-14 17:48:01,37,38,0,18,12,8,9,21,6,1,0,0,38,0.0,1.0,0.9736842105263158,0.02631578947368421,36,0.3157894736842105,0.21052631578947367,0.47368421052631576
2026-06-14 18:03:02,31,38,0,18,12,8,10,16,5,0,0,0,38,0.0,1.0,0.8157894736842105,0.0,31,0.3157894736842105,0.21052631578947367,0.47368421052631576
2026-06-14 18:18:01,35,38,0,18,12,8,11,15,9,0,0,0,38,0.0,1.0,0.9210526315789473,0.0,35,0.3157894736842105,0.21052631578947367,0.47368421052631576
2026-06-14 18:33:01,38,38,0,18,12,8,9,23,6,0,0,0,38,0.0,1.0,1.0,0.0,38,0.3157894736842105,0.21052631578947367,0.47368421052631576
2026-06-14 18:48:01,39,38,0,18,12,8,14,10,15,0,0,0,38,0.0,1.0,1.0263157894736843,0.0,39,0.3157894736842105,0.21052631578947367,0.47368421052631576
2026-06-14 19:03:02,28,38,0,18,12,8,9,13,6,0,0,0,38,0.0,1.0,0.7368421052631579,0.0,28,0.3157894736842105,0.21052631578947367,0.47368421052631576
2026-06-14 19:18:02,28,38,0,18,12,8,11,11,6,0,0,0,38,0.0,1.0,0.7368421052631579,0.0,28,0.3157894736842105,0.21052631578947367,0.47368421052631576
2026-06-14 19:33:02,33,38,0,18,12,8,13,14,6,0,0,0,38,0.0,1.0,0.868421052631579,0.0,33,0.3157894736842105,0.21052631578947367,0.47368421052631576
2026-06-14 19:48:01,55,38,0,18,12,8,11,32,11,1,0,0,38,0.0,1.0,1.4473684210526316,0.02631578947368421,54,0.3157894736842105,0.21052631578947367,0.47368421052631576
2026-06-14 20:03:01,43,38,0,18,12,8,15,21,7,0,0,0,38,0.0,1.0,1.131578947368421,0.0,43,0.3157894736842105,0.21052631578947367,0.47368421052631576
2026-06-14 20:18:04,37,38,0,18,12,8,15,13,8,1,0,0,38,0.0,1.0,0.9736842105263158,0.02631578947368421,36,0.3157894736842105,0.21052631578947367,0.47368421052631576
2026-06-14 20:33:01,54,37,1,18,11,8,17,26,10,2,1,0,38,0.02631578947368421,0.9736842105263158,1.4210526315789473,0.05263157894736842,53,0.2894736842105263,0.21052631578947367,0.47368421052631576
2026-06-14 20:48:01,38,38,0,18,12,8,15,14,8,1,0,0,38,0.0,1.0,1.0,0.02631578947368421,37,0.3157894736842105,0.21052631578947367,0.47368421052631576
2026-06-14 21:03:01,35,38,0,18,12,8,17,12,6,0,0,0,38,0.0,1.0,0.9210526315789473,0.0,35,0.3157894736842105,0.21052631578947367,0.47368421052631576
2026-06-14 21:18:01,37,38,0,18,12,8,14,17,6,0,0,0,38,0.0,1.0,0.9736842105263158,0.0,37,0.3157894736842105,0.21052631578947367,0.47368421052631576
2026-06-14 21:33:01,56,38,0,18,12,8,19,18,18,1,0,0,38,0.0,1.0,1.4736842105263157,0.02631578947368421,55,0.3157894736842105,0.21052631578947367,0.47368421052631576
2026-06-14 21:48:01,41,38,0,18,12,8,11,16,14,0,0,0,38,0.0,1.0,1.0789473684210527,0.0,41,0.3157894736842105,0.21052631578947367,0.47368421052631576
2026-06-14 22:03:01,38,38,0,18,12,8,14,16,8,0,0,0,38,0.0,1.0,1.0,0.0,38,0.3157894736842105,0.21052631578947367,0.47368421052631576
2026-06-14 22:18:02,55,38,0,18,12,8,11,19,25,0,0,0,38,0.0,1.0,1.4473684210526316,0.0,55,0.3157894736842105,0.21052631578947367,0.47368421052631576
2026-06-14 22:33:02,49,38,0,18,12,8,9,32,8,0,0,0,38,0.0,1.0,1.2894736842105263,0.0,49,0.3157894736842105,0.21052631578947367,0.47368421052631576
2026-06-14 22:48:02,48,38,0,18,12,8,15,17,16,0,0,0,38,0.0,1.0,1.263157894736842,0.0,48,0.3157894736842105,0.21052631578947367,0.47368421052631576
2026-06-14 23:03:01,33,38,0,18,12,8,11,14,8,0,0,0,38,0.0,1.0,0.868421052631579,0.0,33,0.3157894736842105,0.21052631578947367,0.47368421052631576
2026-06-14 23:18:01,42,38,0,18,12,8,8,14,19,1,0,0,38,0.0,1.0,1.105263157894737,0.02631578947368421,41,0.3157894736842105,0.21052631578947367,0.47368421052631576
2026-06-14 23:33:01,51,38,0,18,12,8,19,23,8,1,0,0,38,0.0,1.0,1.3421052631578947,0.02631578947368421,50,0.3157894736842105,0.21052631578947367,0.47368421052631576
2026-06-14 23:48:01,36,38,0,18,12,8,19,10,6,0,0,0,38,0.0,1.0,0.9473684210526315,0.0,35,0.3157894736842105,0.21052631578947367,0.47368421052631576
2026-06-15 00:03:03,56,38,0,18,12,8,13,34,8,1,0,0,38,0.0,1.0,1.4736842105263157,0.02631578947368421,55,0.3157894736842105,0.21052631578947367,0.47368421052631576
2026-06-15 00:18:01,50,38,0,18,12,8,16,18,16,0,0,0,38,0.0,1.0,1.3157894736842106,0.0,50,0.3157894736842105,0.21052631578947367,0.47368421052631576
2026-06-15 00:33:01,45,38,0,18,12,8,16,20,9,0,0,0,38,0.0,1.0,1.1842105263157894,0.0,45,0.3157894736842105,0.21052631578947367,0.47368421052631576
2026-06-15 00:48:01,42,38,0,18,12,8,21,15,6,0,0,0,38,0.0,1.0,1.105263157894737,0.0,42,0.3157894736842105,0.21052631578947367,0.47368421052631576
2026-06-15 01:03:01,49,38,0,18,12,8,10,32,7,0,0,0,38,0.0,1.0,1.2894736842105263,0.0,49,0.3157894736842105,0.21052631578947367,0.47368421052631576
2026-06-15 01:18:01,39,38,0,18,12,8,14,18,7,0,0,0,38,0.0,1.0,1.0263157894736843,0.0,39,0.3157894736842105,0.21052631578947367,0.47368421052631576
2026-06-15 01:33:01,34,38,0,18,12,8,12,10,9,3,0,0,38,0.0,1.0,0.8947368421052632,0.07894736842105263,31,0.3157894736842105,0.21052631578947367,0.47368421052631576
2026-06-15 01:48:02,37,38,0,18,12,8,12,11,14,0,0,0,38,0.0,1.0,0.9736842105263158,0.0,37,0.3157894736842105,0.21052631578947367,0.47368421052631576
2026-06-15 02:03:01,42,38,0,18,12,8,11,10,21,0,0,0,38,0.0,1.0,1.105263157894737,0.0,42,0.3157894736842105,0.21052631578947367,0.47368421052631576
2026-06-15 02:18:01,58,38,0,18,12,8,12,20,26,0,0,0,38,0.0,1.0,1.5263157894736843,0.0,58,0.3157894736842105,0.21052631578947367,0.47368421052631576
2026-06-15 02:33:01,35,38,0,18,12,8,12,16,7,0,0,0,38,0.0,1.0,0.9210526315789473,0.0,35,0.3157894736842105,0.21052631578947367,0.47368421052631576
2026-06-15 02:48:01,50,37,1,18,12,7,11,17,22,6,1,0,38,0.02631578947368421,0.9736842105263158,1.3157894736842106,0.15789473684210525,50,0.3157894736842105,0.18421052631578946,0.47368421052631576
2026-06-15 03:03:01,34,38,0,18,12,8,11,17,6,0,0,0,38,0.0,1.0,0.8947368421052632,0.0,34,0.3157894736842105,0.21052631578947367,0.47368421052631576
2026-06-15 03:18:01,46,38,0,18,12,8,12,17,17,0,0,0,38,0.0,1.0,1.2105263157894737,0.0,46,0.3157894736842105,0.21052631578947367,0.47368421052631576
2026-06-15 03:33:01,35,38,0,18,12,8,12,14,8,1,0,0,38,0.0,1.0,0.9210526315789473,0.02631578947368421,34,0.3157894736842105,0.21052631578947367,0.47368421052631576
2026-06-15 03:48:01,45,38,0,18,12,8,12,28,5,0,0,0,38,0.0,1.0,1.1842105263157894,0.0,45,0.3157894736842105,0.21052631578947367,0.47368421052631576
2026-06-15 04:03:01,38,38,0,18,12,8,11,19,8,0,0,0,38,0.0,1.0,1.0,0.0,38,0.3157894736842105,0.21052631578947367,0.47368421052631576
2026-06-15 04:18:02,37,38,0,18,12,8,13,16,8,0,0,0,38,0.0,1.0,0.9736842105263158,0.0,37,0.3157894736842105,0.21052631578947367,0.47368421052631576
2026-06-15 04:33:01,30,38,0,18,12,8,13,11,6,0,0,0,38,0.0,1.0,0.7894736842105263,0.0,30,0.3157894736842105,0.21052631578947367,0.47368421052631576
2026-06-15 04:48:01,32,38,0,18,12,8,11,12,8,1,0,0,38,0.0,1.0,0.8421052631578947,0.02631578947368421,31,0.3157894736842105,0.21052631578947367,0.47368421052631576
2026-06-15 05:03:01,31,38,0,18,12,8,8,15,8,0,0,0,38,0.0,1.0,0.8157894736842105,0.0,31,0.3157894736842105,0.21052631578947367,0.47368421052631576
2026-06-15 05:18:01,29,38,0,18,12,8,10,11,8,0,0,0,38,0.0,1.0,0.7631578947368421,0.0,29,0.3157894736842105,0.21052631578947367,0.47368421052631576
2026-06-15 05:33:02,31,38,0,18,12,8,13,12,6,0,0,0,38,0.0,1.0,0.8157894736842105,0.0,31,0.3157894736842105,0.21052631578947367,0.47368421052631576
2026-06-15 05:48:01,38,38,0,18,12,8,16,16,6,0,0,0,38,0.0,1.0,1.0,0.0,38,0.3157894736842105,0.21052631578947367,0.47368421052631576
2026-06-15 06:03:01,32,38,0,18,12,8,10,12,9,1,0,0,38,0.0,1.0,0.8421052631578947,0.02631578947368421,31,0.3157894736842105,0.21052631578947367,0.47368421052631576
2026-06-15 06:18:01,32,38,0,18,12,8,11,15,6,0,0,0,38,0.0,1.0,0.8421052631578947,0.0,32,0.3157894736842105,0.21052631578947367,0.47368421052631576
2026-06-15 06:33:01,40,38,0,18,12,8,8,24,7,1,0,0,38,0.0,1.0,1.0526315789473684,0.02631578947368421,39,0.3157894736842105,0.21052631578947367,0.47368421052631576
2026-06-15 06:48:01,46,38,0,18,12,8,24,12,9,0,0,0,38,0.0,1.0,1.2105263157894737,0.0,45,0.3157894736842105,0.21052631578947367,0.47368421052631576
2026-06-15 07:03:02,34,38,0,18,12,8,12,14,8,0,0,0,38,0.0,1.0,0.8947368421052632,0.0,34,0.3157894736842105,0.21052631578947367,0.47368421052631576
2026-06-15 07:18:02,34,38,0,18,12,8,12,16,6,0,0,0,38,0.0,1.0,0.8947368421052632,0.0,34,0.3157894736842105,0.21052631578947367,0.47368421052631576
2026-06-15 07:33:01,38,38,0,18,12,8,11,15,12,0,0,0,38,0.0,1.0,1.0,0.0,38,0.3157894736842105,0.21052631578947367,0.47368421052631576
2026-06-15 07:48:01,32,38,0,18,12,8,12,11,8,1,0,0,38,0.0,1.0,0.8421052631578947,0.02631578947368421,31,0.3157894736842105,0.21052631578947367,0.47368421052631576
2026-06-15 08:03:01,40,38,0,18,12,8,13,19,8,0,0,0,38,0.0,1.0,1.0526315789473684,0.0,40,0.3157894736842105,0.21052631578947367,0.47368421052631576
2026-06-15 08:18:01,38,38,0,18,12,8,17,15,6,0,0,0,38,0.0,1.0,1.0,0.0,38,0.3157894736842105,0.21052631578947367,0.47368421052631576
2026-06-15 08:33:01,31,38,0,18,12,8,14,11,6,0,0,0,38,0.0,1.0,0.8157894736842105,0.0,31,0.3157894736842105,0.21052631578947367,0.47368421052631576
2026-06-15 08:48:01,36,38,0,18,12,8,12,15,9,0,0,0,38,0.0,1.0,0.9473684210526315,0.0,36,0.3157894736842105,0.21052631578947367,0.47368421052631576
2026-06-15 09:03:01,48,38,0,18,12,8,13,11,24,0,0,0,38,0.0,1.0,1.263157894736842,0.0,48,0.3157894736842105,0.21052631578947367,0.47368421052631576
2026-06-15 09:18:01,31,38,0,18,12,8,12,14,5,0,0,0,38,0.0,1.0,0.8157894736842105,0.0,31,0.3157894736842105,0.21052631578947367,0.47368421052631576
2026-06-15 09:33:02,36,38,0,18,12,8,12,18,6,0,0,0,38,0.0,1.0,0.9473684210526315,0.0,36,0.3157894736842105,0.21052631578947367,0.47368421052631576
2026-06-15 09:48:02,33,38,0,18,12,8,9,18,6,0,0,0,38,0.0,1.0,0.868421052631579,0.0,33,0.3157894736842105,0.21052631578947367,0.47368421052631576
2026-06-15 10:03:01,43,38,0,18,12,8,15,22,6,0,0,0,38,0.0,1.0,1.131578947368421,0.0,43,0.3157894736842105,0.21052631578947367,0.47368421052631576
2026-06-15 10:18:01,37,38,0,18,12,8,16,15,6,0,0,0,38,0.0,1.0,0.9736842105263158,0.0,37,0.3157894736842105,0.21052631578947367,0.47368421052631576
2026-06-15 10:33:01,48,38,0,18,12,8,11,28,9,0,0,0,38,0.0,1.0,1.263157894736842,0.0,48,0.3157894736842105,0.21052631578947367,0.47368421052631576
2026-06-15 10:48:01,33,38,0,18,12,8,8,12,12,1,0,0,38,0.0,1.0,0.868421052631579,0.02631578947368421,32,0.3157894736842105,0.21052631578947367,0.47368421052631576
2026-06-15 11:03:01,42,38,0,18,12,8,23,11,7,1,0,0,38,0.0,1.0,1.105263157894737,0.02631578947368421,41,0.3157894736842105,0.21052631578947367,0.47368421052631576
2026-06-15 11:18:01,39,38,0,18,12,8,8,22,8,1,0,0,38,0.0,1.0,1.0263157894736843,0.02631578947368421,38,0.3157894736842105,0.21052631578947367,0.47368421052631576
2026-06-15 11:33:01,37,38,0,18,12,8,14,12,11,0,0,0,38,0.0,1.0,0.9736842105263158,0.0,37,0.3157894736842105,0.21052631578947367,0.47368421052631576
2026-06-15 11:48:01,46,38,0,18,12,8,16,21,9,0,0,0,38,0.0,1.0,1.2105263157894737,0.0,46,0.3157894736842105,0.21052631578947367,0.47368421052631576
2026-06-15 12:03:01,39,38,0,18,12,8,8,18,12,0,0,0,38,0.0,1.0,1.0263157894736843,0.0,38,0.3157894736842105,0.21052631578947367,0.47368421052631576
2026-06-15 12:18:02,29,38,0,18,12,8,11,11,7,0,0,0,38,0.0,1.0,0.7631578947368421,0.0,29,0.3157894736842105,0.21052631578947367,0.47368421052631576
2026-06-15 12:33:01,35,38,0,18,12,8,15,13,7,0,0,0,38,0.0,1.0,0.9210526315789473,0.0,35,0.3157894736842105,0.21052631578947367,0.47368421052631576
2026-06-15 12:48:02,34,38,0,18,12,8,14,13,7,0,0,0,38,0.0,1.0,0.8947368421052632,0.0,34,0.3157894736842105,0.21052631578947367,0.47368421052631576
2026-06-15 13:03:01,36,38,0,18,12,8,13,17,6,0,0,0,38,0.0,1.0,0.9473684210526315,0.0,36,0.3157894736842105,0.21052631578947367,0.47368421052631576
2026-06-15 13:18:02,27,38,0,18,12,8,10,11,6,0,0,0,38,0.0,1.0,0.7105263157894737,0.0,27,0.3157894736842105,0.21052631578947367,0.47368421052631576
2026-06-15 13:33:01,33,38,0,18,12,8,11,16,6,0,0,0,38,0.0,1.0,0.868421052631579,0.0,33,0.3157894736842105,0.21052631578947367,0.47368421052631576
2026-06-15 13:48:01,43,38,0,18,12,8,20,17,6,0,0,0,38,0.0,1.0,1.131578947368421,0.0,43,0.3157894736842105,0.21052631578947367,0.47368421052631576
2026-06-15 14:03:01,34,38,0,18,12,8,12,14,8,0,0,0,38,0.0,1.0,0.8947368421052632,0.0,34,0.3157894736842105,0.21052631578947367,0.47368421052631576
2026-06-15 14:18:01,27,38,0,18,12,8,7,13,6,1,0,0,38,0.0,1.0,0.7105263157894737,0.02631578947368421,26,0.3157894736842105,0.21052631578947367,0.47368421052631576
2026-06-15 14:33:02,46,37,1,18,12,7,14,14,18,0,1,0,38,0.02631578947368421,0.9736842105263158,1.2105263157894737,0.0,46,0.3157894736842105,0.18421052631578946,0.47368421052631576
2026-06-15 14:48:01,37,38,0,18,12,8,14,17,6,0,0,0,38,0.0,1.0,0.9736842105263158,0.0,37,0.3157894736842105,0.21052631578947367,0.47368421052631576
2026-06-15 15:03:01,40,38,0,18,12,8,13,19,7,0,0,0,38,0.0,1.0,1.0526315789473684,0.0,39,0.3157894736842105,0.21052631578947367,0.47368421052631576
2026-06-15 15:18:02,32,38,0,18,12,8,12,14,6,0,0,0,38,0.0,1.0,0.8421052631578947,0.0,32,0.3157894736842105,0.21052631578947367,0.47368421052631576
2026-06-15 15:33:01,41,38,0,18,12,8,17,18,6,0,0,0,38,0.0,1.0,1.0789473684210527,0.0,41,0.3157894736842105,0.21052631578947367,0.47368421052631576
2026-06-15 15:48:01,35,38,0,18,12,8,14,11,10,0,0,0,38,0.0,1.0,0.9210526315789473,0.0,35,0.3157894736842105,0.21052631578947367,0.47368421052631576
2026-06-15 16:03:01,35,38,0,18,12,8,12,15,8,0,0,0,38,0.0,1.0,0.9210526315789473,0.0,35,0.3157894736842105,0.21052631578947367,0.47368421052631576
2026-06-15 16:18:02,36,38,0,18,12,8,10,18,7,1,0,0,38,0.0,1.0,0.9473684210526315,0.02631578947368421,35,0.3157894736842105,0.21052631578947367,0.47368421052631576
2026-06-15 16:33:02,45,38,0,18,12,8,15,23,7,0,0,0,38,0.0,1.0,1.1842105263157894,0.0,45,0.3157894736842105,0.21052631578947367,0.47368421052631576
2026-06-15 16:48:01,41,38,0,18,12,8,13,20,8,0,0,0,38,0.0,1.0,1.0789473684210527,0.0,41,0.3157894736842105,0.21052631578947367,0.47368421052631576
2026-06-15 17:03:01,36,38,0,18,12,8,10,13,6,0,0,0,38,0.0,1.0,0.9473684210526315,0.0,29,0.3157894736842105,0.21052631578947367,0.47368421052631576
2026-06-15 17:18:02,43,38,0,18,12,8,8,26,8,1,0,0,38,0.0,1.0,1.131578947368421,0.02631578947368421,42,0.3157894736842105,0.21052631578947367,0.47368421052631576
2026-06-15 17:33:01,37,38,0,18,12,8,12,13,12,0,0,0,38,0.0,1.0,0.9736842105263158,0.0,37,0.3157894736842105,0.21052631578947367,0.47368421052631576
2026-06-15 17:48:01,39,38,0,18,12,8,13,19,7,0,0,0,38,0.0,1.0,1.0263157894736843,0.0,39,0.3157894736842105,0.21052631578947367,0.47368421052631576
2026-06-15 18:03:02,44,38,0,18,12,8,14,15,15,0,0,0,38,0.0,1.0,1.1578947368421053,0.0,44,0.3157894736842105,0.21052631578947367,0.47368421052631576
2026-06-15 18:18:01,28,38,0,18,12,8,9,12,6,1,0,0,38,0.0,1.0,0.7368421052631579,0.02631578947368421,27,0.3157894736842105,0.21052631578947367,0.47368421052631576
2026-06-15 18:33:01,43,38,0,18,12,8,12,16,14,1,0,0,38,0.0,1.0,1.131578947368421,0.02631578947368421,42,0.3157894736842105,0.21052631578947367,0.47368421052631576
2026-06-15 18:48:02,28,38,0,18,12,8,13,10,5,0,0,0,38,0.0,1.0,0.7368421052631579,0.0,28,0.3157894736842105,0.21052631578947367,0.47368421052631576
2026-06-15 19:03:01,33,38,0,18,12,8,14,13,6,0,0,0,38,0.0,1.0,0.868421052631579,0.0,33,0.3157894736842105,0.21052631578947367,0.47368421052631576
2026-06-15 19:18:01,38,38,0,18,12,8,21,12,5,0,0,0,38,0.0,1.0,1.0,0.0,38,0.3157894736842105,0.21052631578947367,0.47368421052631576
2026-06-15 19:33:01,39,38,0,18,12,8,15,13,11,0,0,0,38,0.0,1.0,1.0263157894736843,0.0,39,0.3157894736842105,0.21052631578947367,0.47368421052631576
2026-06-15 19:48:02,34,38,0,18,12,8,8,20,6,0,0,0,38,0.0,1.0,0.8947368421052632,0.0,34,0.3157894736842105,0.21052631578947367,0.47368421052631576
2026-06-15 20:03:01,37,38,0,18,12,8,15,13,8,1,0,0,38,0.0,1.0,0.9736842105263158,0.02631578947368421,36,0.3157894736842105,0.21052631578947367,0.47368421052631576
2026-06-15 20:18:01,34,38,0,18,12,8,11,16,6,1,0,0,38,0.0,1.0,0.8947368421052632,0.02631578947368421,33,0.3157894736842105,0.21052631578947367,0.47368421052631576
2026-06-15 20:33:01,30,38,0,18,12,8,13,12,5,0,0,0,38,0.0,1.0,0.7894736842105263,0.0,30,0.3157894736842105,0.21052631578947367,0.47368421052631576
2026-06-15 20:48:01,37,38,0,18,12,8,16,15,6,0,0,0,38,0.0,1.0,0.9736842105263158,0.0,37,0.3157894736842105,0.21052631578947367,0.47368421052631576
2026-06-15 21:03:02,33,38,0,18,12,8,11,14,8,0,0,0,38,0.0,1.0,0.868421052631579,0.0,33,0.3157894736842105,0.21052631578947367,0.47368421052631576
2026-06-15 21:18:01,34,38,0,18,12,8,8,14,11,1,0,0,38,0.0,1.0,0.8947368421052632,0.02631578947368421,33,0.3157894736842105,0.21052631578947367,0.47368421052631576
2026-06-15 21:33:02,37,38,0,18,12,8,11,19,6,1,0,0,38,0.0,1.0,0.9736842105263158,0.02631578947368421,36,0.3157894736842105,0.21052631578947367,0.47368421052631576
2026-06-15 21:48:01,53,38,0,18,12,8,15,30,7,1,0,0,38,0.0,1.0,1.394736842105263,0.02631578947368421,52,0.3157894736842105,0.21052631578947367,0.47368421052631576
2026-06-15 22:03:02,66,38,0,18,12,8,13,30,23,0,0,0,38,0.0,1.0,1.736842105263158,0.0,66,0.3157894736842105,0.21052631578947367,0.47368421052631576
2026-06-15 22:18:03,70,38,0,18,12,8,12,31,27,0,0,0,38,0.0,1.0,1.8421052631578947,0.0,70,0.3157894736842105,0.21052631578947367,0.47368421052631576
2026-06-15 22:33:01,43,38,0,18,12,8,15,12,16,0,0,0,38,0.0,1.0,1.131578947368421,0.0,43,0.3157894736842105,0.21052631578947367,0.47368421052631576
2026-06-15 22:48:02,49,38,0,18,12,8,12,15,21,1,0,0,38,0.0,1.0,1.2894736842105263,0.02631578947368421,48,0.3157894736842105,0.21052631578947367,0.47368421052631576
2026-06-15 23:03:01,64,38,0,18,12,8,16,14,31,0,0,0,38,0.0,1.0,1.6842105263157894,0.0,61,0.3157894736842105,0.21052631578947367,0.47368421052631576
2026-06-15 23:18:01,59,38,0,18,12,8,21,29,8,1,0,0,38,0.0,1.0,1.5526315789473684,0.02631578947368421,58,0.3157894736842105,0.21052631578947367,0.47368421052631576
2026-06-15 23:33:01,42,38,0,18,12,8,12,12,18,0,0,0,38,0.0,1.0,1.105263157894737,0.0,42,0.3157894736842105,0.21052631578947367,0.47368421052631576
2026-06-15 23:48:01,39,38,0,18,12,8,14,19,6,0,0,0,38,0.0,1.0,1.0263157894736843,0.0,39,0.3157894736842105,0.21052631578947367,0.47368421052631576
2026-06-16 00:03:09,42,38,0,18,12,8,19,15,7,1,0,0,38,0.0,1.0,1.105263157894737,0.02631578947368421,41,0.3157894736842105,0.21052631578947367,0.47368421052631576
2026-06-16 00:18:01,38,38,0,18,12,8,17,14,7,0,0,0,38,0.0,1.0,1.0,0.0,38,0.3157894736842105,0.21052631578947367,0.47368421052631576
2026-06-16 00:33:02,57,38,0,18,12,8,15,24,18,0,0,0,38,0.0,1.0,1.5,0.0,57,0.3157894736842105,0.21052631578947367,0.47368421052631576
2026-06-16 00:48:01,34,38,0,18,12,8,17,11,6,0,0,0,38,0.0,1.0,0.8947368421052632,0.0,34,0.3157894736842105,0.21052631578947367,0.47368421052631576
2026-06-16 01:03:18,32,38,0,18,12,8,12,14,6,0,0,0,38,0.0,1.0,0.8421052631578947,0.0,32,0.3157894736842105,0.21052631578947367,0.47368421052631576
2026-06-16 01:18:01,40,38,0,18,12,8,16,11,6,0,0,0,38,0.0,1.0,1.0526315789473684,0.0,33,0.3157894736842105,0.21052631578947367,0.47368421052631576
2026-06-16 01:33:01,45,38,0,18,12,8,10,11,6,1,0,0,38,0.0,1.0,1.1842105263157894,0.02631578947368421,27,0.3157894736842105,0.21052631578947367,0.47368421052631576
2026-06-16 01:48:01,54,38,0,18,12,8,17,21,16,0,0,0,38,0.0,1.0,1.4210526315789473,0.0,54,0.3157894736842105,0.21052631578947367,0.47368421052631576
2026-06-16 02:03:01,48,38,0,18,12,8,15,21,12,0,0,0,38,0.0,1.0,1.263157894736842,0.0,48,0.3157894736842105,0.21052631578947367,0.47368421052631576
2026-06-16 02:18:02,27,38,0,18,12,8,9,12,6,0,0,0,38,0.0,1.0,0.7105263157894737,0.0,27,0.3157894736842105,0.21052631578947367,0.47368421052631576
2026-06-16 02:33:01,39,38,0,18,12,8,17,13,9,0,0,0,38,0.0,1.0,1.0263157894736843,0.0,39,0.3157894736842105,0.21052631578947367,0.47368421052631576
2026-06-16 02:48:02,30,38,0,18,12,8,11,13,6,0,0,0,38,0.0,1.0,0.7894736842105263,0.0,30,0.3157894736842105,0.21052631578947367,0.47368421052631576
2026-06-16 03:03:01,42,38,0,18,12,8,17,18,7,0,0,0,38,0.0,1.0,1.105263157894737,0.0,42,0.3157894736842105,0.21052631578947367,0.47368421052631576
2026-06-16 03:18:01,38,38,0,18,12,8,16,15,7,0,0,0,38,0.0,1.0,1.0,0.0,38,0.3157894736842105,0.21052631578947367,0.47368421052631576
2026-06-16 03:33:01,36,38,0,18,12,8,10,19,6,1,0,0,38,0.0,1.0,0.9473684210526315,0.02631578947368421,35,0.3157894736842105,0.21052631578947367,0.47368421052631576
2026-06-16 03:48:01,35,38,0,18,12,8,11,11,12,1,0,0,38,0.0,1.0,0.9210526315789473,0.02631578947368421,34,0.3157894736842105,0.21052631578947367,0.47368421052631576
2026-06-16 04:03:01,40,38,0,18,12,8,11,19,9,1,0,0,38,0.0,1.0,1.0526315789473684,0.02631578947368421,39,0.3157894736842105,0.21052631578947367,0.47368421052631576
2026-06-16 04:18:01,40,38,0,18,12,8,18,17,5,0,0,0,38,0.0,1.0,1.0526315789473684,0.0,40,0.3157894736842105,0.21052631578947367,0.47368421052631576
2026-06-16 04:33:01,34,38,0,18,12,8,13,12,8,1,0,0,38,0.0,1.0,0.8947368421052632,0.02631578947368421,33,0.3157894736842105,0.21052631578947367,0.47368421052631576
2026-06-16 04:48:01,49,38,0,18,12,8,23,15,11,0,0,0,38,0.0,1.0,1.2894736842105263,0.0,49,0.3157894736842105,0.21052631578947367,0.47368421052631576
2026-06-16 05:03:01,46,38,0,18,12,8,16,21,9,0,0,0,38,0.0,1.0,1.2105263157894737,0.0,46,0.3157894736842105,0.21052631578947367,0.47368421052631576
2026-06-16 05:18:01,48,38,0,18,12,8,21,11,16,0,0,0,38,0.0,1.0,1.263157894736842,0.0,48,0.3157894736842105,0.21052631578947367,0.47368421052631576
2026-06-16 05:33:02,39,38,0,18,12,8,11,22,6,0,0,0,38,0.0,1.0,1.0263157894736843,0.0,39,0.3157894736842105,0.21052631578947367,0.47368421052631576
2026-06-16 05:48:01,42,38,0,18,12,8,12,21,9,0,0,0,38,0.0,1.0,1.105263157894737,0.0,42,0.3157894736842105,0.21052631578947367,0.47368421052631576
2026-06-16 06:03:01,35,38,0,18,12,8,14,9,12,0,0,0,38,0.0,1.0,0.9210526315789473,0.0,35,0.3157894736842105,0.21052631578947367,0.47368421052631576
2026-06-16 06:18:01,54,38,0,18,12,8,16,14,24,0,0,0,38,0.0,1.0,1.4210526315789473,0.0,54,0.3157894736842105,0.21052631578947367,0.47368421052631576
2026-06-16 06:33:02,47,37,1,18,12,7,10,11,26,1,1,0,38,0.02631578947368421,0.9736842105263158,1.236842105263158,0.02631578947368421,47,0.3157894736842105,0.18421052631578946,0.47368421052631576
2026-06-16 06:48:01,45,38,0,18,12,8,15,15,14,1,0,0,38,0.0,1.0,1.1842105263157894,0.02631578947368421,44,0.3157894736842105,0.21052631578947367,0.47368421052631576
2026-06-16 07:03:03,32,38,0,18,12,8,11,16,5,0,0,0,38,0.0,1.0,0.8421052631578947,0.0,32,0.3157894736842105,0.21052631578947367,0.47368421052631576
2026-06-16 07:18:02,38,38,0,18,12,8,10,14,14,0,0,0,38,0.0,1.0,1.0,0.0,38,0.3157894736842105,0.21052631578947367,0.47368421052631576
2026-06-16 07:33:01,40,38,0,18,12,8,11,16,13,0,0,0,38,0.0,1.0,1.0526315789473684,0.0,40,0.3157894736842105,0.21052631578947367,0.47368421052631576
2026-06-16 07:48:01,37,38,0,18,12,8,14,16,7,0,0,0,38,0.0,1.0,0.9736842105263158,0.0,37,0.3157894736842105,0.21052631578947367,0.47368421052631576
2026-06-16 08:03:01,75,38,0,18,12,8,17,33,25,0,0,0,38,0.0,1.0,1.9736842105263157,0.0,75,0.3157894736842105,0.21052631578947367,0.47368421052631576
2026-06-16 08:18:01,61,37,1,18,11,8,9,34,18,0,1,0,38,0.02631578947368421,0.9736842105263158,1.605263157894737,0.0,61,0.2894736842105263,0.21052631578947367,0.47368421052631576
2026-06-16 08:33:01,59,38,0,18,12,8,16,32,10,1,0,0,38,0.0,1.0,1.5526315789473684,0.02631578947368421,58,0.3157894736842105,0.21052631578947367,0.47368421052631576
2026-06-16 08:48:01,55,38,0,18,12,8,12,22,20,1,0,0,38,0.0,1.0,1.4473684210526316,0.02631578947368421,54,0.3157894736842105,0.21052631578947367,0.47368421052631576
2026-06-16 09:03:01,51,38,0,18,12,8,19,13,18,1,0,0,38,0.0,1.0,1.3421052631578947,0.02631578947368421,50,0.3157894736842105,0.21052631578947367,0.47368421052631576
2026-06-16 09:18:02,38,38,0,18,12,8,8,22,8,0,0,0,38,0.0,1.0,1.0,0.0,38,0.3157894736842105,0.21052631578947367,0.47368421052631576
2026-06-16 09:33:01,45,38,0,18,12,8,13,11,21,0,0,0,38,0.0,1.0,1.1842105263157894,0.0,45,0.3157894736842105,0.21052631578947367,0.47368421052631576
2026-06-16 09:48:02,39,38,0,18,12,8,10,23,6,0,0,0,38,0.0,1.0,1.0263157894736843,0.0,39,0.3157894736842105,0.21052631578947367,0.47368421052631576
2026-06-16 10:03:02,62,38,0,18,12,8,15,15,32,0,0,0,38,0.0,1.0,1.631578947368421,0.0,62,0.3157894736842105,0.21052631578947367,0.47368421052631576
2026-06-16 10:18:01,40,38,0,18,12,8,12,20,8,0,0,0,38,0.0,1.0,1.0526315789473684,0.0,40,0.3157894736842105,0.21052631578947367,0.47368421052631576
2026-06-16 10:33:01,38,38,0,18,12,8,11,13,14,0,0,0,38,0.0,1.0,1.0,0.0,38,0.3157894736842105,0.21052631578947367,0.47368421052631576
2026-06-16 10:48:01,37,38,0,18,12,8,14,13,10,0,0,0,38,0.0,1.0,0.9736842105263158,0.0,37,0.3157894736842105,0.21052631578947367,0.47368421052631576
2026-06-16 11:03:01,47,38,0,18,12,8,13,25,8,1,0,0,38,0.0,1.0,1.236842105263158,0.02631578947368421,46,0.3157894736842105,0.21052631578947367,0.47368421052631576
2026-06-16 11:18:02,51,38,0,18,12,8,11,20,20,0,0,0,38,0.0,1.0,1.3421052631578947,0.0,51,0.3157894736842105,0.21052631578947367,0.47368421052631576
2026-06-16 11:33:01,31,38,0,18,12,8,13,12,6,0,0,0,38,0.0,1.0,0.8157894736842105,0.0,31,0.3157894736842105,0.21052631578947367,0.47368421052631576
2026-06-16 11:48:02,48,38,0,18,12,8,12,25,11,0,0,0,38,0.0,1.0,1.263157894736842,0.0,48,0.3157894736842105,0.21052631578947367,0.47368421052631576
2026-06-16 12:03:02,33,38,0,18,12,8,11,15,7,0,0,0,38,0.0,1.0,0.868421052631579,0.0,33,0.3157894736842105,0.21052631578947367,0.47368421052631576
2026-06-16 12:18:01,33,38,0,18,12,8,13,14,6,0,0,0,38,0.0,1.0,0.868421052631579,0.0,33,0.3157894736842105,0.21052631578947367,0.47368421052631576
2026-06-16 12:33:01,47,38,0,18,12,8,16,24,7,0,0,0,38,0.0,1.0,1.236842105263158,0.0,47,0.3157894736842105,0.21052631578947367,0.47368421052631576
2026-06-16 12:48:02,42,38,0,18,12,8,18,15,8,1,0,0,38,0.0,1.0,1.105263157894737,0.02631578947368421,41,0.3157894736842105,0.21052631578947367,0.47368421052631576
2026-06-16 13:03:01,31,38,0,18,12,8,13,12,6,0,0,0,38,0.0,1.0,0.8157894736842105,0.0,31,0.3157894736842105,0.21052631578947367,0.47368421052631576
2026-06-16 13:18:02,41,38,0,18,12,8,13,14,14,0,0,0,38,0.0,1.0,1.0789473684210527,0.0,41,0.3157894736842105,0.21052631578947367,0.47368421052631576
2026-06-16 13:33:01,43,38,0,18,12,8,9,16,17,1,0,0,38,0.0,1.0,1.131578947368421,0.02631578947368421,42,0.3157894736842105,0.21052631578947367,0.47368421052631576
2026-06-16 13:48:01,30,38,0,18,12,8,10,12,7,1,0,0,38,0.0,1.0,0.7894736842105263,0.02631578947368421,29,0.3157894736842105,0.21052631578947367,0.47368421052631576
2026-06-16 14:03:02,35,38,0,18,12,8,17,10,8,0,0,0,38,0.0,1.0,0.9210526315789473,0.0,35,0.3157894736842105,0.21052631578947367,0.47368421052631576
2026-06-16 14:18:02,47,38,0,18,12,8,12,27,8,0,0,0,38,0.0,1.0,1.236842105263158,0.0,47,0.3157894736842105,0.21052631578947367,0.47368421052631576
2026-06-16 14:33:01,43,37,1,18,12,7,10,13,20,0,1,0,38,0.02631578947368421,0.9736842105263158,1.131578947368421,0.0,43,0.3157894736842105,0.18421052631578946,0.47368421052631576
2026-06-16 14:48:01,35,38,0,18,12,8,14,14,6,1,0,0,38,0.0,1.0,0.9210526315789473,0.02631578947368421,34,0.3157894736842105,0.21052631578947367,0.47368421052631576
2026-06-16 15:03:02,46,38,0,18,12,8,13,15,18,0,0,0,38,0.0,1.0,1.2105263157894737,0.0,46,0.3157894736842105,0.21052631578947367,0.47368421052631576
2026-06-16 15:18:02,42,38,0,18,12,8,14,16,11,1,0,0,38,0.0,1.0,1.105263157894737,0.02631578947368421,41,0.3157894736842105,0.21052631578947367,0.47368421052631576
2026-06-16 15:33:01,35,38,0,18,12,8,12,17,6,0,0,0,38,0.0,1.0,0.9210526315789473,0.0,35,0.3157894736842105,0.21052631578947367,0.47368421052631576
2026-06-16 15:48:01,30,38,0,18,12,8,9,11,10,0,0,0,38,0.0,1.0,0.7894736842105263,0.0,30,0.3157894736842105,0.21052631578947367,0.47368421052631576
2026-06-16 16:03:01,48,38,0,18,12,8,13,28,6,1,0,0,38,0.0,1.0,1.263157894736842,0.02631578947368421,47,0.3157894736842105,0.21052631578947367,0.47368421052631576
2026-06-16 16:18:01,60,38,0,18,12,8,11,11,38,0,0,0,38,0.0,1.0,1.5789473684210527,0.0,60,0.3157894736842105,0.21052631578947367,0.47368421052631576
2026-06-16 16:33:04,35,38,0,18,12,8,13,16,6,0,0,0,38,0.0,1.0,0.9210526315789473,0.0,35,0.3157894736842105,0.21052631578947367,0.47368421052631576
2026-06-16 16:48:01,37,38,0,18,12,8,14,15,7,1,0,0,38,0.0,1.0,0.9736842105263158,0.02631578947368421,36,0.3157894736842105,0.21052631578947367,0.47368421052631576
2026-06-16 17:03:01,37,37,1,17,12,8,20,11,6,0,1,0,38,0.02631578947368421,0.9736842105263158,0.9736842105263158,0.0,37,0.3157894736842105,0.21052631578947367,0.4473684210526316
2026-06-16 17:18:01,39,38,0,18,12,8,12,19,8,0,0,0,38,0.0,1.0,1.0263157894736843,0.0,39,0.3157894736842105,0.21052631578947367,0.47368421052631576
2026-06-16 17:33:01,45,38,0,18,12,8,14,26,5,0,0,0,38,0.0,1.0,1.1842105263157894,0.0,45,0.3157894736842105,0.21052631578947367,0.47368421052631576
2026-06-16 17:48:02,39,38,0,18,12,8,12,19,8,0,0,0,38,0.0,1.0,1.0263157894736843,0.0,39,0.3157894736842105,0.21052631578947367,0.47368421052631576
2026-06-16 18:03:02,39,38,0,18,12,8,15,18,6,0,0,0,38,0.0,1.0,1.0263157894736843,0.0,39,0.3157894736842105,0.21052631578947367,0.47368421052631576
2026-06-16 18:18:01,36,38,0,18,12,8,12,15,9,0,0,0,38,0.0,1.0,0.9473684210526315,0.0,36,0.3157894736842105,0.21052631578947367,0.47368421052631576
2026-06-16 18:33:01,34,38,0,18,12,8,15,12,7,0,0,0,38,0.0,1.0,0.8947368421052632,0.0,34,0.3157894736842105,0.21052631578947367,0.47368421052631576
2026-06-16 18:48:01,39,38,0,18,12,8,19,13,6,1,0,0,38,0.0,1.0,1.0263157894736843,0.02631578947368421,38,0.3157894736842105,0.21052631578947367,0.47368421052631576
2026-06-16 19:03:01,43,38,0,18,12,8,18,17,7,1,0,0,38,0.0,1.0,1.131578947368421,0.02631578947368421,42,0.3157894736842105,0.21052631578947367,0.47368421052631576
2026-06-16 19:18:01,44,38,0,18,12,8,9,27,8,0,0,0,38,0.0,1.0,1.1578947368421053,0.0,44,0.3157894736842105,0.21052631578947367,0.47368421052631576
2026-06-16 19:33:01,34,38,0,18,12,8,15,13,6,0,0,0,38,0.0,1.0,0.8947368421052632,0.0,34,0.3157894736842105,0.21052631578947367,0.47368421052631576
2026-06-16 19:48:01,30,38,0,18,12,8,10,14,6,0,0,0,38,0.0,1.0,0.7894736842105263,0.0,30,0.3157894736842105,0.21052631578947367,0.47368421052631576
2026-06-16 20:03:01,52,38,0,18,12,8,26,20,6,0,0,0,38,0.0,1.0,1.368421052631579,0.0,52,0.3157894736842105,0.21052631578947367,0.47368421052631576
2026-06-16 20:18:01,52,38,0,18,12,8,14,21,17,0,0,0,38,0.0,1.0,1.368421052631579,0.0,52,0.3157894736842105,0.21052631578947367,0.47368421052631576
2026-06-16 20:33:01,49,38,0,18,12,8,28,15,6,0,0,0,38,0.0,1.0,1.2894736842105263,0.0,49,0.3157894736842105,0.21052631578947367,0.47368421052631576
2026-06-16 20:48:01,41,38,0,18,12,8,22,13,6,0,0,0,38,0.0,1.0,1.0789473684210527,0.0,41,0.3157894736842105,0.21052631578947367,0.47368421052631576
2026-06-16 21:03:01,37,38,0,18,12,8,15,15,6,1,0,0,38,0.0,1.0,0.9736842105263158,0.02631578947368421,36,0.3157894736842105,0.21052631578947367,0.47368421052631576
2026-06-16 21:18:01,38,38,0,18,12,8,18,11,8,1,0,0,38,0.0,1.0,1.0,0.02631578947368421,37,0.3157894736842105,0.21052631578947367,0.47368421052631576
2026-06-16 21:33:01,38,38,0,18,12,8,18,11,5,1,0,0,38,0.0,1.0,1.0,0.02631578947368421,34,0.3157894736842105,0.21052631578947367,0.47368421052631576
2026-06-16 21:48:01,37,38,0,18,12,8,10,20,6,1,0,0,38,0.0,1.0,0.9736842105263158,0.02631578947368421,36,0.3157894736842105,0.21052631578947367,0.47368421052631576
2026-06-16 22:03:01,46,38,0,18,12,8,12,27,7,0,0,0,38,0.0,1.0,1.2105263157894737,0.0,46,0.3157894736842105,0.21052631578947367,0.47368421052631576
2026-06-16 22:18:01,41,38,0,18,12,8,11,19,11,0,0,0,38,0.0,1.0,1.0789473684210527,0.0,41,0.3157894736842105,0.21052631578947367,0.47368421052631576
2026-06-16 22:33:02,48,38,0,18,12,8,10,17,21,0,0,0,38,0.0,1.0,1.263157894736842,0.0,48,0.3157894736842105,0.21052631578947367,0.47368421052631576
2026-06-16 22:48:02,68,38,0,18,12,8,14,35,19,0,0,0,38,0.0,1.0,1.7894736842105263,0.0,68,0.3157894736842105,0.21052631578947367,0.47368421052631576
2026-06-16 23:03:02,60,38,0,18,12,8,15,28,16,1,0,0,38,0.0,1.0,1.5789473684210527,0.02631578947368421,59,0.3157894736842105,0.21052631578947367,0.47368421052631576
2026-06-16 23:18:01,59,38,0,18,12,8,15,20,23,1,0,0,38,0.0,1.0,1.5526315789473684,0.02631578947368421,58,0.3157894736842105,0.21052631578947367,0.47368421052631576
2026-06-16 23:33:01,49,38,0,18,12,8,24,19,6,0,0,0,38,0.0,1.0,1.2894736842105263,0.0,49,0.3157894736842105,0.21052631578947367,0.47368421052631576
2026-06-16 23:48:01,63,38,0,18,12,8,16,14,32,1,0,0,38,0.0,1.0,1.6578947368421053,0.02631578947368421,62,0.3157894736842105,0.21052631578947367,0.47368421052631576
2026-06-17 00:03:04,37,38,0,18,12,8,12,16,7,2,0,0,38,0.0,1.0,0.9736842105263158,0.05263157894736842,35,0.3157894736842105,0.21052631578947367,0.47368421052631576
2026-06-17 00:18:01,58,38,0,18,12,8,19,22,16,1,0,0,38,0.0,1.0,1.5263157894736843,0.02631578947368421,57,0.3157894736842105,0.21052631578947367,0.47368421052631576
2026-06-17 00:33:01,46,38,0,18,12,8,16,19,10,1,0,0,38,0.0,1.0,1.2105263157894737,0.02631578947368421,45,0.3157894736842105,0.21052631578947367,0.47368421052631576
2026-06-17 00:48:01,58,38,0,18,12,8,16,13,29,0,0,0,38,0.0,1.0,1.5263157894736843,0.0,58,0.3157894736842105,0.21052631578947367,0.47368421052631576
2026-06-17 01:03:01,34,38,0,18,12,8,12,13,9,0,0,0,38,0.0,1.0,0.8947368421052632,0.0,34,0.3157894736842105,0.21052631578947367,0.47368421052631576
2026-06-17 01:18:01,44,38,0,18,12,8,23,15,6,0,0,0,38,0.0,1.0,1.1578947368421053,0.0,44,0.3157894736842105,0.21052631578947367,0.47368421052631576
2026-06-17 01:33:02,33,38,0,18,12,8,13,12,8,0,0,0,38,0.0,1.0,0.868421052631579,0.0,33,0.3157894736842105,0.21052631578947367,0.47368421052631576
2026-06-17 01:48:01,46,38,0,18,12,8,17,24,5,0,0,0,38,0.0,1.0,1.2105263157894737,0.0,46,0.3157894736842105,0.21052631578947367,0.47368421052631576
2026-06-17 02:03:01,68,38,0,18,12,8,22,16,30,0,0,0,38,0.0,1.0,1.7894736842105263,0.0,68,0.3157894736842105,0.21052631578947367,0.47368421052631576
2026-06-17 02:18:02,28,38,0,18,12,8,13,10,5,0,0,0,38,0.0,1.0,0.7368421052631579,0.0,28,0.3157894736842105,0.21052631578947367,0.47368421052631576
2026-06-17 02:33:01,44,38,0,18,12,8,9,12,23,0,0,0,38,0.0,1.0,1.1578947368421053,0.0,44,0.3157894736842105,0.21052631578947367,0.47368421052631576
2026-06-17 02:48:01,40,38,0,18,12,8,13,14,13,0,0,0,38,0.0,1.0,1.0526315789473684,0.0,40,0.3157894736842105,0.21052631578947367,0.47368421052631576
2026-06-17 03:03:01,45,38,0,18,12,8,12,22,11,0,0,0,38,0.0,1.0,1.1842105263157894,0.0,45,0.3157894736842105,0.21052631578947367,0.47368421052631576
2026-06-17 03:18:02,45,38,0,18,12,8,13,20,12,0,0,0,38,0.0,1.0,1.1842105263157894,0.0,45,0.3157894736842105,0.21052631578947367,0.47368421052631576
2026-06-17 03:33:01,34,38,0,18,12,8,9,12,12,1,0,0,38,0.0,1.0,0.8947368421052632,0.02631578947368421,33,0.3157894736842105,0.21052631578947367,0.47368421052631576
2026-06-17 03:48:02,50,38,0,18,12,8,12,32,6,0,0,0,38,0.0,1.0,1.3157894736842106,0.0,50,0.3157894736842105,0.21052631578947367,0.47368421052631576
2026-06-17 04:03:02,34,38,0,18,12,8,8,15,11,0,0,0,38,0.0,1.0,0.8947368421052632,0.0,34,0.3157894736842105,0.21052631578947367,0.47368421052631576
2026-06-17 04:18:01,59,38,0,18,12,8,16,36,7,0,0,0,38,0.0,1.0,1.5526315789473684,0.0,59,0.3157894736842105,0.21052631578947367,0.47368421052631576
2026-06-17 04:33:01,41,38,0,18,12,8,12,17,12,0,0,0,38,0.0,1.0,1.0789473684210527,0.0,41,0.3157894736842105,0.21052631578947367,0.47368421052631576
2026-06-17 04:48:01,52,38,0,18,12,8,12,32,8,0,0,0,38,0.0,1.0,1.368421052631579,0.0,52,0.3157894736842105,0.21052631578947367,0.47368421052631576
2026-06-17 05:03:01,47,38,0,18,12,8,27,11,9,0,0,0,38,0.0,1.0,1.236842105263158,0.0,47,0.3157894736842105,0.21052631578947367,0.47368421052631576
2026-06-17 05:18:01,47,38,0,18,12,8,16,24,7,0,0,0,38,0.0,1.0,1.236842105263158,0.0,47,0.3157894736842105,0.21052631578947367,0.47368421052631576
2026-06-17 05:33:01,66,38,0,18,12,8,13,29,23,1,0,0,38,0.0,1.0,1.736842105263158,0.02631578947368421,65,0.3157894736842105,0.21052631578947367,0.47368421052631576
2026-06-17 05:48:01,36,38,0,18,12,8,14,16,6,0,0,0,38,0.0,1.0,0.9473684210526315,0.0,36,0.3157894736842105,0.21052631578947367,0.47368421052631576
2026-06-17 06:03:01,31,38,0,18,12,8,9,16,6,0,0,0,38,0.0,1.0,0.8157894736842105,0.0,31,0.3157894736842105,0.21052631578947367,0.47368421052631576
2026-06-17 06:18:01,45,38,0,18,12,8,17,16,12,0,0,0,38,0.0,1.0,1.1842105263157894,0.0,45,0.3157894736842105,0.21052631578947367,0.47368421052631576
2026-06-17 06:33:01,32,38,0,18,12,8,14,12,6,0,0,0,38,0.0,1.0,0.8421052631578947,0.0,32,0.3157894736842105,0.21052631578947367,0.47368421052631576
2026-06-17 06:48:02,40,38,0,18,12,8,19,15,6,0,0,0,38,0.0,1.0,1.0526315789473684,0.0,40,0.3157894736842105,0.21052631578947367,0.47368421052631576
2026-06-17 07:03:01,35,38,0,18,12,8,18,10,7,0,0,0,38,0.0,1.0,0.9210526315789473,0.0,35,0.3157894736842105,0.21052631578947367,0.47368421052631576
2026-06-17 07:18:02,57,38,0,18,12,8,19,17,21,0,0,0,38,0.0,1.0,1.5,0.0,57,0.3157894736842105,0.21052631578947367,0.47368421052631576
2026-06-17 07:33:01,34,38,0,18,12,8,17,11,6,0,0,0,38,0.0,1.0,0.8947368421052632,0.0,34,0.3157894736842105,0.21052631578947367,0.47368421052631576
2026-06-17 07:48:01,45,38,0,18,12,8,16,19,10,0,0,0,38,0.0,1.0,1.1842105263157894,0.0,45,0.3157894736842105,0.21052631578947367,0.47368421052631576
2026-06-17 08:03:02,32,38,0,18,12,8,11,14,7,0,0,0,38,0.0,1.0,0.8421052631578947,0.0,32,0.3157894736842105,0.21052631578947367,0.47368421052631576
2026-06-17 08:18:01,44,38,0,18,12,8,12,11,20,1,0,0,38,0.0,1.0,1.1578947368421053,0.02631578947368421,43,0.3157894736842105,0.21052631578947367,0.47368421052631576
2026-06-17 08:33:01,39,38,0,18,12,8,9,21,9,0,0,0,38,0.0,1.0,1.0263157894736843,0.0,39,0.3157894736842105,0.21052631578947367,0.47368421052631576
2026-06-17 08:48:01,54,38,0,18,12,8,21,11,22,0,0,0,38,0.0,1.0,1.4210526315789473,0.0,54,0.3157894736842105,0.21052631578947367,0.47368421052631576
2026-06-17 09:03:01,36,38,0,18,12,8,8,20,7,1,0,0,38,0.0,1.0,0.9473684210526315,0.02631578947368421,35,0.3157894736842105,0.21052631578947367,0.47368421052631576
2026-06-17 09:18:01,51,38,0,18,12,8,12,33,6,0,0,0,38,0.0,1.0,1.3421052631578947,0.0,51,0.3157894736842105,0.21052631578947367,0.47368421052631576
2026-06-17 09:33:01,36,38,0,18,12,8,18,12,6,0,0,0,38,0.0,1.0,0.9473684210526315,0.0,36,0.3157894736842105,0.21052631578947367,0.47368421052631576
2026-06-17 09:48:01,25,38,0,18,12,8,9,11,5,0,0,0,38,0.0,1.0,0.6578947368421053,0.0,25,0.3157894736842105,0.21052631578947367,0.47368421052631576
2026-06-17 10:03:01,30,38,0,18,12,8,13,10,6,1,0,0,38,0.0,1.0,0.7894736842105263,0.02631578947368421,29,0.3157894736842105,0.21052631578947367,0.47368421052631576
2026-06-17 10:18:02,51,38,0,18,12,8,16,25,10,0,0,0,38,0.0,1.0,1.3421052631578947,0.0,51,0.3157894736842105,0.21052631578947367,0.47368421052631576
2026-06-17 10:33:01,32,38,0,18,12,8,12,14,6,0,0,0,38,0.0,1.0,0.8421052631578947,0.0,32,0.3157894736842105,0.21052631578947367,0.47368421052631576
2026-06-17 10:48:02,34,38,0,18,12,8,13,11,5,0,0,0,38,0.0,1.0,0.8947368421052632,0.0,29,0.3157894736842105,0.21052631578947367,0.47368421052631576
2026-06-17 11:03:01,41,38,0,18,12,8,10,14,8,0,0,0,38,0.0,1.0,1.0789473684210527,0.0,32,0.3157894736842105,0.21052631578947367,0.47368421052631576
2026-06-17 11:18:02,39,38,0,18,12,8,9,23,7,0,0,0,38,0.0,1.0,1.0263157894736843,0.0,39,0.3157894736842105,0.21052631578947367,0.47368421052631576
2026-06-17 11:33:01,42,38,0,18,12,8,8,27,6,1,0,0,38,0.0,1.0,1.105263157894737,0.02631578947368421,41,0.3157894736842105,0.21052631578947367,0.47368421052631576
2026-06-17 11:48:02,28,38,0,18,12,8,9,10,9,0,0,0,38,0.0,1.0,0.7368421052631579,0.0,28,0.3157894736842105,0.21052631578947367,0.47368421052631576
2026-06-17 12:03:01,41,38,0,18,12,8,8,19,14,0,0,0,38,0.0,1.0,1.0789473684210527,0.0,41,0.3157894736842105,0.21052631578947367,0.47368421052631576
2026-06-17 12:18:01,42,38,0,18,12,8,8,15,19,0,0,0,38,0.0,1.0,1.105263157894737,0.0,42,0.3157894736842105,0.21052631578947367,0.47368421052631576
2026-06-17 12:33:01,53,38,0,18,12,8,17,25,9,0,0,0,38,0.0,1.0,1.394736842105263,0.0,51,0.3157894736842105,0.21052631578947367,0.47368421052631576
2026-06-17 12:48:01,43,38,0,18,12,8,22,12,6,3,0,0,38,0.0,1.0,1.131578947368421,0.07894736842105263,40,0.3157894736842105,0.21052631578947367,0.47368421052631576
2026-06-17 13:03:01,34,38,0,18,12,8,12,16,6,0,0,0,38,0.0,1.0,0.8947368421052632,0.0,34,0.3157894736842105,0.21052631578947367,0.47368421052631576
2026-06-17 13:18:01,40,38,0,18,12,8,19,14,6,1,0,0,38,0.0,1.0,1.0526315789473684,0.02631578947368421,39,0.3157894736842105,0.21052631578947367,0.47368421052631576
2026-06-17 13:33:01,53,38,0,18,12,8,21,19,13,0,0,0,38,0.0,1.0,1.394736842105263,0.0,53,0.3157894736842105,0.21052631578947367,0.47368421052631576
2026-06-17 13:48:01,38,38,0,18,12,8,12,10,15,1,0,0,38,0.0,1.0,1.0,0.02631578947368421,37,0.3157894736842105,0.21052631578947367,0.47368421052631576
2026-06-17 14:03:01,48,38,0,18,12,8,29,13,6,0,0,0,38,0.0,1.0,1.263157894736842,0.0,48,0.3157894736842105,0.21052631578947367,0.47368421052631576
2026-06-17 14:18:01,40,38,0,18,12,8,16,19,5,0,0,0,38,0.0,1.0,1.0526315789473684,0.0,40,0.3157894736842105,0.21052631578947367,0.47368421052631576
2026-06-17 14:33:01,52,38,0,18,12,8,10,18,24,0,0,0,38,0.0,1.0,1.368421052631579,0.0,52,0.3157894736842105,0.21052631578947367,0.47368421052631576
2026-06-17 14:48:01,49,38,0,18,12,8,21,10,18,0,0,0,38,0.0,1.0,1.2894736842105263,0.0,49,0.3157894736842105,0.21052631578947367,0.47368421052631576
2026-06-17 15:03:01,40,38,0,18,12,8,18,15,6,1,0,0,38,0.0,1.0,1.0526315789473684,0.02631578947368421,39,0.3157894736842105,0.21052631578947367,0.47368421052631576
2026-06-17 15:18:01,44,38,0,18,12,8,18,16,9,1,0,0,38,0.0,1.0,1.1578947368421053,0.02631578947368421,43,0.3157894736842105,0.21052631578947367,0.47368421052631576
2026-06-17 15:33:01,45,38,0,18,12,8,18,14,13,0,0,0,38,0.0,1.0,1.1842105263157894,0.0,45,0.3157894736842105,0.21052631578947367,0.47368421052631576
2026-06-17 15:48:01,42,37,1,18,11,8,12,22,8,0,1,0,38,0.02631578947368421,0.9736842105263158,1.105263157894737,0.0,42,0.2894736842105263,0.21052631578947367,0.47368421052631576
2026-06-17 16:03:01,38,38,0,18,12,8,12,19,6,1,0,0,38,0.0,1.0,1.0,0.02631578947368421,37,0.3157894736842105,0.21052631578947367,0.47368421052631576
2026-06-17 16:18:02,34,38,0,18,12,8,10,12,12,0,0,0,38,0.0,1.0,0.8947368421052632,0.0,34,0.3157894736842105,0.21052631578947367,0.47368421052631576
2026-06-17 16:33:01,35,38,0,18,12,8,9,17,9,0,0,0,38,0.0,1.0,0.9210526315789473,0.0,35,0.3157894736842105,0.21052631578947367,0.47368421052631576
2026-06-17 16:48:01,34,38,0,18,12,8,11,17,6,0,0,0,38,0.0,1.0,0.8947368421052632,0.0,34,0.3157894736842105,0.21052631578947367,0.47368421052631576
2026-06-17 17:03:01,52,38,0,18,12,8,11,33,8,0,0,0,38,0.0,1.0,1.368421052631579,0.0,52,0.3157894736842105,0.21052631578947367,0.47368421052631576
2026-06-17 17:18:01,28,38,0,18,12,8,8,11,9,0,0,0,38,0.0,1.0,0.7368421052631579,0.0,28,0.3157894736842105,0.21052631578947367,0.47368421052631576
2026-06-17 17:33:01,34,38,0,18,12,8,10,19,5,0,0,0,38,0.0,1.0,0.8947368421052632,0.0,34,0.3157894736842105,0.21052631578947367,0.47368421052631576
2026-06-17 17:48:01,30,38,0,18,12,8,10,10,9,1,0,0,38,0.0,1.0,0.7894736842105263,0.02631578947368421,29,0.3157894736842105,0.21052631578947367,0.47368421052631576
2026-06-17 18:03:01,32,38,0,18,12,8,11,15,6,0,0,0,38,0.0,1.0,0.8421052631578947,0.0,32,0.3157894736842105,0.21052631578947367,0.47368421052631576
2026-06-17 18:18:02,37,38,0,18,12,8,8,23,6,0,0,0,38,0.0,1.0,0.9736842105263158,0.0,37,0.3157894736842105,0.21052631578947367,0.47368421052631576
2026-06-17 18:33:01,35,38,0,18,12,8,9,19,6,1,0,0,38,0.0,1.0,0.9210526315789473,0.02631578947368421,34,0.3157894736842105,0.21052631578947367,0.47368421052631576
2026-06-17 18:48:01,38,38,0,18,12,8,11,18,9,0,0,0,38,0.0,1.0,1.0,0.0,38,0.3157894736842105,0.21052631578947367,0.47368421052631576
2026-06-17 19:03:01,32,38,0,18,12,8,16,10,6,0,0,0,38,0.0,1.0,0.8421052631578947,0.0,32,0.3157894736842105,0.21052631578947367,0.47368421052631576
2026-06-17 19:18:01,36,38,0,18,12,8,11,13,12,0,0,0,38,0.0,1.0,0.9473684210526315,0.0,36,0.3157894736842105,0.21052631578947367,0.47368421052631576
2026-06-17 19:33:01,45,38,0,18,12,8,8,29,8,0,0,0,38,0.0,1.0,1.1842105263157894,0.0,45,0.3157894736842105,0.21052631578947367,0.47368421052631576
2026-06-17 19:48:02,43,38,0,18,12,8,14,23,6,0,0,0,38,0.0,1.0,1.131578947368421,0.0,43,0.3157894736842105,0.21052631578947367,0.47368421052631576
2026-06-17 20:03:01,38,38,0,18,12,8,11,21,6,0,0,0,38,0.0,1.0,1.0,0.0,38,0.3157894736842105,0.21052631578947367,0.47368421052631576
2026-06-17 20:18:01,44,38,0,18,12,8,15,22,7,0,0,0,38,0.0,1.0,1.1578947368421053,0.0,44,0.3157894736842105,0.21052631578947367,0.47368421052631576
2026-06-17 20:33:01,37,38,0,18,12,8,13,18,6,0,0,0,38,0.0,1.0,0.9736842105263158,0.0,37,0.3157894736842105,0.21052631578947367,0.47368421052631576
2026-06-17 20:48:01,32,38,0,18,12,8,12,10,10,0,0,0,38,0.0,1.0,0.8421052631578947,0.0,32,0.3157894736842105,0.21052631578947367,0.47368421052631576
2026-06-17 21:03:01,31,38,0,18,12,8,10,16,5,0,0,0,38,0.0,1.0,0.8157894736842105,0.0,31,0.3157894736842105,0.21052631578947367,0.47368421052631576
2026-06-17 21:18:01,44,38,0,18,12,8,10,29,5,0,0,0,38,0.0,1.0,1.1578947368421053,0.0,44,0.3157894736842105,0.21052631578947367,0.47368421052631576
2026-06-17 21:33:01,60,38,0,18,12,8,14,18,26,0,0,0,38,0.0,1.0,1.5789473684210527,0.0,58,0.3157894736842105,0.21052631578947367,0.47368421052631576
2026-06-17 21:48:02,36,38,0,18,12,8,11,10,14,1,0,0,38,0.0,1.0,0.9473684210526315,0.02631578947368421,35,0.3157894736842105,0.21052631578947367,0.47368421052631576
2026-06-17 22:03:02,34,38,0,18,12,8,13,9,12,0,0,0,38,0.0,1.0,0.8947368421052632,0.0,34,0.3157894736842105,0.21052631578947367,0.47368421052631576
2026-06-17 22:18:01,39,38,0,18,12,8,9,17,13,0,0,0,38,0.0,1.0,1.0263157894736843,0.0,39,0.3157894736842105,0.21052631578947367,0.47368421052631576
2026-06-17 22:33:01,32,38,0,18,12,8,12,11,9,0,0,0,38,0.0,1.0,0.8421052631578947,0.0,32,0.3157894736842105,0.21052631578947367,0.47368421052631576
2026-06-17 22:48:01,50,38,0,18,12,8,12,31,7,0,0,0,38,0.0,1.0,1.3157894736842106,0.0,50,0.3157894736842105,0.21052631578947367,0.47368421052631576
2026-06-17 23:03:01,38,38,0,18,12,8,14,15,8,1,0,0,38,0.0,1.0,1.0,0.02631578947368421,37,0.3157894736842105,0.21052631578947367,0.47368421052631576
2026-06-17 23:18:02,47,38,0,18,12,8,13,25,9,0,0,0,38,0.0,1.0,1.236842105263158,0.0,47,0.3157894736842105,0.21052631578947367,0.47368421052631576
2026-06-17 23:33:01,50,38,0,18,12,8,10,19,20,1,0,0,38,0.0,1.0,1.3157894736842106,0.02631578947368421,49,0.3157894736842105,0.21052631578947367,0.47368421052631576
2026-06-17 23:48:01,60,38,0,18,12,8,11,25,24,0,0,0,38,0.0,1.0,1.5789473684210527,0.0,60,0.3157894736842105,0.21052631578947367,0.47368421052631576
2026-06-18 00:03:04,64,38,0,18,12,8,15,18,31,0,0,0,38,0.0,1.0,1.6842105263157894,0.0,64,0.3157894736842105,0.21052631578947367,0.47368421052631576
2026-06-18 00:18:01,29,38,0,18,12,8,10,10,8,1,0,0,38,0.0,1.0,0.7631578947368421,0.02631578947368421,28,0.3157894736842105,0.21052631578947367,0.47368421052631576
2026-06-18 00:33:02,49,38,0,18,12,8,11,17,21,0,0,0,38,0.0,1.0,1.2894736842105263,0.0,49,0.3157894736842105,0.21052631578947367,0.47368421052631576
2026-06-18 00:48:01,44,38,0,18,12,8,9,28,7,0,0,0,38,0.0,1.0,1.1578947368421053,0.0,44,0.3157894736842105,0.21052631578947367,0.47368421052631576
2026-06-18 01:03:01,32,38,0,18,12,8,13,11,7,1,0,0,38,0.0,1.0,0.8421052631578947,0.02631578947368421,31,0.3157894736842105,0.21052631578947367,0.47368421052631576
2026-06-18 01:18:01,36,38,0,18,12,8,18,10,8,0,0,0,38,0.0,1.0,0.9473684210526315,0.0,36,0.3157894736842105,0.21052631578947367,0.47368421052631576
2026-06-18 01:33:01,32,38,0,18,12,8,15,12,5,0,0,0,38,0.0,1.0,0.8421052631578947,0.0,32,0.3157894736842105,0.21052631578947367,0.47368421052631576
2026-06-18 01:48:01,55,38,0,18,12,8,14,32,9,0,0,0,38,0.0,1.0,1.4473684210526316,0.0,55,0.3157894736842105,0.21052631578947367,0.47368421052631576
2026-06-18 02:03:01,56,38,0,18,12,8,8,18,29,1,0,0,38,0.0,1.0,1.4736842105263157,0.02631578947368421,55,0.3157894736842105,0.21052631578947367,0.47368421052631576
2026-06-18 02:18:01,29,38,0,18,12,8,9,14,6,0,0,0,38,0.0,1.0,0.7631578947368421,0.0,29,0.3157894736842105,0.21052631578947367,0.47368421052631576
2026-06-18 02:33:01,32,38,0,18,12,8,10,14,8,0,0,0,38,0.0,1.0,0.8421052631578947,0.0,32,0.3157894736842105,0.21052631578947367,0.47368421052631576
2026-06-18 02:48:01,34,38,0,18,12,8,14,13,7,0,0,0,38,0.0,1.0,0.8947368421052632,0.0,34,0.3157894736842105,0.21052631578947367,0.47368421052631576
2026-06-18 03:03:01,32,38,0,18,12,8,11,15,6,0,0,0,38,0.0,1.0,0.8421052631578947,0.0,32,0.3157894736842105,0.21052631578947367,0.47368421052631576
2026-06-18 03:18:01,44,38,0,18,12,8,10,28,5,1,0,0,38,0.0,1.0,1.1578947368421053,0.02631578947368421,43,0.3157894736842105,0.21052631578947367,0.47368421052631576
2026-06-18 03:33:01,37,38,0,18,12,8,12,11,14,0,0,0,38,0.0,1.0,0.9736842105263158,0.0,37,0.3157894736842105,0.21052631578947367,0.47368421052631576
2026-06-18 03:48:01,42,38,0,18,12,8,9,26,6,1,0,0,38,0.0,1.0,1.105263157894737,0.02631578947368421,41,0.3157894736842105,0.21052631578947367,0.47368421052631576
2026-06-18 04:03:01,39,38,0,18,12,8,12,17,10,0,0,0,38,0.0,1.0,1.0263157894736843,0.0,39,0.3157894736842105,0.21052631578947367,0.47368421052631576
2026-06-18 04:18:01,37,38,0,18,12,8,12,13,12,0,0,0,38,0.0,1.0,0.9736842105263158,0.0,37,0.3157894736842105,0.21052631578947367,0.47368421052631576
2026-06-18 04:33:01,38,38,0,18,12,8,13,14,11,0,0,0,38,0.0,1.0,1.0,0.0,38,0.3157894736842105,0.21052631578947367,0.47368421052631576
2026-06-18 04:48:01,41,38,0,18,12,8,16,13,11,0,0,0,38,0.0,1.0,1.0789473684210527,0.0,40,0.3157894736842105,0.21052631578947367,0.47368421052631576
2026-06-18 05:03:01,29,38,0,18,12,8,8,16,5,0,0,0,38,0.0,1.0,0.7631578947368421,0.0,29,0.3157894736842105,0.21052631578947367,0.47368421052631576
2026-06-18 05:18:01,52,38,0,18,12,8,9,20,22,1,0,0,38,0.0,1.0,1.368421052631579,0.02631578947368421,51,0.3157894736842105,0.21052631578947367,0.47368421052631576
2026-06-18 05:33:01,51,38,0,18,12,8,14,20,16,1,0,0,38,0.0,1.0,1.3421052631578947,0.02631578947368421,50,0.3157894736842105,0.21052631578947367,0.47368421052631576
2026-06-18 05:48:01,29,38,0,18,12,8,12,9,8,0,0,0,38,0.0,1.0,0.7631578947368421,0.0,29,0.3157894736842105,0.21052631578947367,0.47368421052631576
2026-06-18 06:03:02,77,38,0,18,12,8,14,27,36,0,0,0,38,0.0,1.0,2.026315789473684,0.0,77,0.3157894736842105,0.21052631578947367,0.47368421052631576
2026-06-18 06:18:01,31,38,0,18,12,8,9,15,7,0,0,0,38,0.0,1.0,0.8157894736842105,0.0,31,0.3157894736842105,0.21052631578947367,0.47368421052631576
2026-06-18 06:33:02,30,38,0,18,12,8,10,13,7,0,0,0,38,0.0,1.0,0.7894736842105263,0.0,30,0.3157894736842105,0.21052631578947367,0.47368421052631576
2026-06-18 06:48:01,40,38,0,18,12,8,21,11,8,0,0,0,38,0.0,1.0,1.0526315789473684,0.0,40,0.3157894736842105,0.21052631578947367,0.47368421052631576
2026-06-18 07:03:01,32,38,0,18,12,8,9,16,6,1,0,0,38,0.0,1.0,0.8421052631578947,0.02631578947368421,31,0.3157894736842105,0.21052631578947367,0.47368421052631576
2026-06-18 07:18:02,34,38,0,18,12,8,13,12,9,0,0,0,38,0.0,1.0,0.8947368421052632,0.0,34,0.3157894736842105,0.21052631578947367,0.47368421052631576
2026-06-18 07:33:01,49,38,0,18,12,8,17,26,6,0,0,0,38,0.0,1.0,1.2894736842105263,0.0,49,0.3157894736842105,0.21052631578947367,0.47368421052631576
2026-06-18 07:48:02,25,38,0,18,12,8,8,10,6,1,0,0,38,0.0,1.0,0.6578947368421053,0.02631578947368421,24,0.3157894736842105,0.21052631578947367,0.47368421052631576
2026-06-18 08:03:02,56,38,0,18,12,8,14,12,30,0,0,0,38,0.0,1.0,1.4736842105263157,0.0,56,0.3157894736842105,0.21052631578947367,0.47368421052631576
2026-06-18 08:18:01,44,38,0,18,12,8,19,20,5,0,0,0,38,0.0,1.0,1.1578947368421053,0.0,44,0.3157894736842105,0.21052631578947367,0.47368421052631576
2026-06-18 08:33:01,30,38,0,18,12,8,14,10,6,0,0,0,38,0.0,1.0,0.7894736842105263,0.0,30,0.3157894736842105,0.21052631578947367,0.47368421052631576
2026-06-18 08:48:02,39,38,0,18,12,8,17,13,9,0,0,0,38,0.0,1.0,1.0263157894736843,0.0,39,0.3157894736842105,0.21052631578947367,0.47368421052631576
2026-06-18 09:03:01,42,38,0,18,12,8,19,14,8,1,0,0,38,0.0,1.0,1.105263157894737,0.02631578947368421,41,0.3157894736842105,0.21052631578947367,0.47368421052631576
2026-06-18 09:18:02,30,38,0,18,12,8,9,15,6,0,0,0,38,0.0,1.0,0.7894736842105263,0.0,30,0.3157894736842105,0.21052631578947367,0.47368421052631576
2026-06-18 09:33:01,25,38,0,18,12,8,8,10,6,1,0,0,38,0.0,1.0,0.6578947368421053,0.02631578947368421,24,0.3157894736842105,0.21052631578947367,0.47368421052631576
2026-06-18 09:48:01,66,38,0,18,12,8,18,18,30,0,0,0,38,0.0,1.0,1.736842105263158,0.0,66,0.3157894736842105,0.21052631578947367,0.47368421052631576
2026-06-18 10:03:01,53,38,0,18,12,8,13,34,6,0,0,0,38,0.0,1.0,1.394736842105263,0.0,53,0.3157894736842105,0.21052631578947367,0.47368421052631576
2026-06-18 10:18:02,69,38,0,18,12,8,16,35,18,0,0,0,38,0.0,1.0,1.8157894736842106,0.0,69,0.3157894736842105,0.21052631578947367,0.47368421052631576
2026-06-18 10:33:01,48,38,0,18,12,8,7,16,20,1,0,0,38,0.0,1.0,1.263157894736842,0.02631578947368421,43,0.3157894736842105,0.21052631578947367,0.47368421052631576
2026-06-18 10:48:02,47,37,1,18,12,7,15,14,18,1,1,0,38,0.02631578947368421,0.9736842105263158,1.236842105263158,0.02631578947368421,47,0.3157894736842105,0.18421052631578946,0.47368421052631576
2026-06-18 11:03:01,62,38,0,18,12,8,13,17,32,0,0,0,38,0.0,1.0,1.631578947368421,0.0,62,0.3157894736842105,0.21052631578947367,0.47368421052631576
2026-06-18 11:18:01,29,38,0,18,12,8,9,12,8,0,0,0,38,0.0,1.0,0.7631578947368421,0.0,29,0.3157894736842105,0.21052631578947367,0.47368421052631576
2026-06-18 11:33:01,36,38,0,18,12,8,10,15,11,0,0,0,38,0.0,1.0,0.9473684210526315,0.0,36,0.3157894736842105,0.21052631578947367,0.47368421052631576
2026-06-18 11:48:02,53,38,0,18,12,8,15,20,18,0,0,0,38,0.0,1.0,1.394736842105263,0.0,53,0.3157894736842105,0.21052631578947367,0.47368421052631576
2026-06-18 12:03:02,40,38,0,18,12,8,15,15,10,0,0,0,38,0.0,1.0,1.0526315789473684,0.0,40,0.3157894736842105,0.21052631578947367,0.47368421052631576
2026-06-18 12:18:02,54,38,0,18,12,8,15,17,22,0,0,0,38,0.0,1.0,1.4210526315789473,0.0,54,0.3157894736842105,0.21052631578947367,0.47368421052631576
2026-06-18 12:33:01,49,38,0,18,12,8,21,20,8,0,0,0,38,0.0,1.0,1.2894736842105263,0.0,49,0.3157894736842105,0.21052631578947367,0.47368421052631576
2026-06-18 12:48:01,42,38,0,18,12,8,16,14,10,0,0,0,38,0.0,1.0,1.105263157894737,0.0,40,0.3157894736842105,0.21052631578947367,0.47368421052631576
2026-06-18 13:03:01,37,38,0,18,12,8,20,10,6,1,0,0,38,0.0,1.0,0.9736842105263158,0.02631578947368421,36,0.3157894736842105,0.21052631578947367,0.47368421052631576
2026-06-18 13:18:02,42,38,0,18,12,8,16,10,16,0,0,0,38,0.0,1.0,1.105263157894737,0.0,42,0.3157894736842105,0.21052631578947367,0.47368421052631576
2026-06-18 13:33:01,26,38,0,18,12,8,9,10,7,0,0,0,38,0.0,1.0,0.6842105263157895,0.0,26,0.3157894736842105,0.21052631578947367,0.47368421052631576
2026-06-18 13:48:01,36,38,0,18,12,8,12,17,7,0,0,0,38,0.0,1.0,0.9473684210526315,0.0,36,0.3157894736842105,0.21052631578947367,0.47368421052631576
2026-06-18 14:03:01,46,38,0,18,12,8,11,19,16,0,0,0,38,0.0,1.0,1.2105263157894737,0.0,46,0.3157894736842105,0.21052631578947367,0.47368421052631576
2026-06-18 14:18:01,37,38,0,18,12,8,17,15,5,0,0,0,38,0.0,1.0,0.9736842105263158,0.0,37,0.3157894736842105,0.21052631578947367,0.47368421052631576
2026-06-18 14:33:01,43,38,0,18,12,8,20,12,11,0,0,0,38,0.0,1.0,1.131578947368421,0.0,43,0.3157894736842105,0.21052631578947367,0.47368421052631576
2026-06-18 14:48:01,40,38,0,18,12,8,16,17,6,1,0,0,38,0.0,1.0,1.0526315789473684,0.02631578947368421,39,0.3157894736842105,0.21052631578947367,0.47368421052631576
2026-06-18 15:03:02,52,38,0,18,12,8,15,16,19,0,0,0,38,0.0,1.0,1.368421052631579,0.0,50,0.3157894736842105,0.21052631578947367,0.47368421052631576
2026-06-18 15:18:02,37,38,0,18,12,8,11,18,8,0,0,0,38,0.0,1.0,0.9736842105263158,0.0,37,0.3157894736842105,0.21052631578947367,0.47368421052631576
2026-06-18 15:33:02,52,38,0,18,12,8,10,17,25,0,0,0,38,0.0,1.0,1.368421052631579,0.0,52,0.3157894736842105,0.21052631578947367,0.47368421052631576
2026-06-18 15:48:01,30,38,0,18,12,8,9,14,7,0,0,0,38,0.0,1.0,0.7894736842105263,0.0,30,0.3157894736842105,0.21052631578947367,0.47368421052631576
2026-06-18 16:03:01,45,38,0,18,12,8,16,13,10,1,0,0,38,0.0,1.0,1.1842105263157894,0.02631578947368421,39,0.3157894736842105,0.21052631578947367,0.47368421052631576
2026-06-18 16:18:01,45,38,0,18,12,8,13,13,17,0,0,0,38,0.0,1.0,1.1842105263157894,0.0,43,0.3157894736842105,0.21052631578947367,0.47368421052631576
2026-06-18 16:33:02,43,38,0,18,12,8,14,22,7,0,0,0,38,0.0,1.0,1.131578947368421,0.0,43,0.3157894736842105,0.21052631578947367,0.47368421052631576
2026-06-18 16:48:01,34,38,0,18,12,8,13,11,10,0,0,0,38,0.0,1.0,0.8947368421052632,0.0,34,0.3157894736842105,0.21052631578947367,0.47368421052631576
2026-06-18 17:03:01,40,38,0,18,12,8,12,16,12,0,0,0,38,0.0,1.0,1.0526315789473684,0.0,40,0.3157894736842105,0.21052631578947367,0.47368421052631576
2026-06-18 17:18:01,47,38,0,18,12,8,13,13,21,0,0,0,38,0.0,1.0,1.236842105263158,0.0,47,0.3157894736842105,0.21052631578947367,0.47368421052631576
2026-06-18 17:33:01,36,38,0,18,12,8,11,15,10,0,0,0,38,0.0,1.0,0.9473684210526315,0.0,36,0.3157894736842105,0.21052631578947367,0.47368421052631576
2026-06-18 17:48:01,33,38,0,18,12,8,12,14,7,0,0,0,38,0.0,1.0,0.868421052631579,0.0,33,0.3157894736842105,0.21052631578947367,0.47368421052631576
2026-06-18 18:03:01,40,38,0,18,12,8,13,14,6,0,0,0,38,0.0,1.0,1.0526315789473684,0.0,33,0.3157894736842105,0.21052631578947367,0.47368421052631576
2026-06-18 18:18:01,45,38,0,18,12,8,21,10,13,1,0,0,38,0.0,1.0,1.1842105263157894,0.02631578947368421,44,0.3157894736842105,0.21052631578947367,0.47368421052631576
2026-06-18 18:33:01,32,38,0,18,12,8,12,13,6,1,0,0,38,0.0,1.0,0.8421052631578947,0.02631578947368421,31,0.3157894736842105,0.21052631578947367,0.47368421052631576
2026-06-18 18:48:01,48,38,0,18,12,8,15,19,14,0,0,0,38,0.0,1.0,1.263157894736842,0.0,48,0.3157894736842105,0.21052631578947367,0.47368421052631576
2026-06-18 19:03:02,43,38,0,18,12,8,15,11,17,0,0,0,38,0.0,1.0,1.131578947368421,0.0,43,0.3157894736842105,0.21052631578947367,0.47368421052631576
2026-06-18 19:18:01,31,38,0,18,12,8,8,13,10,0,0,0,38,0.0,1.0,0.8157894736842105,0.0,31,0.3157894736842105,0.21052631578947367,0.47368421052631576
2026-06-18 19:33:01,30,38,0,18,12,8,8,15,7,0,0,0,38,0.0,1.0,0.7894736842105263,0.0,30,0.3157894736842105,0.21052631578947367,0.47368421052631576
2026-06-18 19:48:01,56,38,0,18,12,8,15,14,27,0,0,0,38,0.0,1.0,1.4736842105263157,0.0,56,0.3157894736842105,0.21052631578947367,0.47368421052631576
2026-06-18 20:03:01,39,38,0,18,12,8,14,12,13,0,0,0,38,0.0,1.0,1.0263157894736843,0.0,39,0.3157894736842105,0.21052631578947367,0.47368421052631576
2026-06-18 20:18:01,31,38,0,18,12,8,12,11,8,0,0,0,38,0.0,1.0,0.8157894736842105,0.0,31,0.3157894736842105,0.21052631578947367,0.47368421052631576
2026-06-18 20:33:01,28,38,0,18,12,8,9,11,7,1,0,0,38,0.0,1.0,0.7368421052631579,0.02631578947368421,27,0.3157894736842105,0.21052631578947367,0.47368421052631576
2026-06-18 20:48:01,28,38,0,18,12,8,11,10,7,0,0,0,38,0.0,1.0,0.7368421052631579,0.0,28,0.3157894736842105,0.21052631578947367,0.47368421052631576
2026-06-18 21:03:02,68,37,1,18,12,7,18,22,28,1,1,0,38,0.02631578947368421,0.9736842105263158,1.7894736842105263,0.02631578947368421,68,0.3157894736842105,0.18421052631578946,0.47368421052631576
2026-06-18 21:18:01,29,38,0,18,12,8,13,10,6,0,0,0,38,0.0,1.0,0.7631578947368421,0.0,29,0.3157894736842105,0.21052631578947367,0.47368421052631576
2026-06-18 21:33:01,35,38,0,18,12,8,9,16,10,0,0,0,38,0.0,1.0,0.9210526315789473,0.0,35,0.3157894736842105,0.21052631578947367,0.47368421052631576
2026-06-18 21:48:01,38,38,0,18,12,8,15,17,6,0,0,0,38,0.0,1.0,1.0,0.0,38,0.3157894736842105,0.21052631578947367,0.47368421052631576
2026-06-18 22:03:01,42,38,0,18,12,8,11,25,6,0,0,0,38,0.0,1.0,1.105263157894737,0.0,42,0.3157894736842105,0.21052631578947367,0.47368421052631576
2026-06-18 22:18:01,35,38,0,18,12,8,11,17,7,0,0,0,38,0.0,1.0,0.9210526315789473,0.0,35,0.3157894736842105,0.21052631578947367,0.47368421052631576
2026-06-18 22:33:01,38,38,0,18,12,8,12,10,16,0,0,0,38,0.0,1.0,1.0,0.0,38,0.3157894736842105,0.21052631578947367,0.47368421052631576
2026-06-18 22:48:02,33,38,0,18,12,8,11,10,12,0,0,0,38,0.0,1.0,0.868421052631579,0.0,33,0.3157894736842105,0.21052631578947367,0.47368421052631576
2026-06-18 23:03:01,48,38,0,18,12,8,15,12,6,0,0,0,38,0.0,1.0,1.263157894736842,0.0,33,0.3157894736842105,0.21052631578947367,0.47368421052631576
2026-06-18 23:18:01,33,38,0,18,12,8,11,16,6,0,0,0,38,0.0,1.0,0.868421052631579,0.0,33,0.3157894736842105,0.21052631578947367,0.47368421052631576
2026-06-18 23:33:02,31,38,0,18,12,8,11,14,6,0,0,0,38,0.0,1.0,0.8157894736842105,0.0,31,0.3157894736842105,0.21052631578947367,0.47368421052631576
2026-06-18 23:48:02,27,38,0,18,12,8,11,10,6,0,0,0,38,0.0,1.0,0.7105263157894737,0.0,27,0.3157894736842105,0.21052631578947367,0.47368421052631576
2026-06-19 00:03:04,61,38,0,18,12,8,14,26,21,0,0,0,38,0.0,1.0,1.605263157894737,0.0,61,0.3157894736842105,0.21052631578947367,0.47368421052631576
2026-06-19 00:18:01,25,38,0,18,12,8,9,10,6,0,0,0,38,0.0,1.0,0.6578947368421053,0.0,25,0.3157894736842105,0.21052631578947367,0.47368421052631576
2026-06-19 00:33:02,30,38,0,18,12,8,11,14,5,0,0,0,38,0.0,1.0,0.7894736842105263,0.0,30,0.3157894736842105,0.21052631578947367,0.47368421052631576
2026-06-19 00:48:01,66,38,0,18,12,8,21,23,22,0,0,0,38,0.0,1.0,1.736842105263158,0.0,66,0.3157894736842105,0.21052631578947367,0.47368421052631576
2026-06-19 01:03:01,41,38,0,18,12,8,18,13,9,1,0,0,38,0.0,1.0,1.0789473684210527,0.02631578947368421,40,0.3157894736842105,0.21052631578947367,0.47368421052631576
2026-06-19 01:18:01,37,38,0,18,12,8,15,13,7,0,0,0,38,0.0,1.0,0.9736842105263158,0.0,35,0.3157894736842105,0.21052631578947367,0.47368421052631576
2026-06-19 01:33:01,46,38,0,18,12,8,21,10,15,0,0,0,38,0.0,1.0,1.2105263157894737,0.0,46,0.3157894736842105,0.21052631578947367,0.47368421052631576
2026-06-19 01:48:01,31,38,0,18,12,8,13,12,6,0,0,0,38,0.0,1.0,0.8157894736842105,0.0,31,0.3157894736842105,0.21052631578947367,0.47368421052631576
2026-06-19 02:03:02,36,38,0,18,12,8,14,15,7,0,0,0,38,0.0,1.0,0.9473684210526315,0.0,36,0.3157894736842105,0.21052631578947367,0.47368421052631576
2026-06-19 02:18:01,42,38,0,18,12,8,14,13,8,0,0,0,38,0.0,1.0,1.105263157894737,0.0,35,0.3157894736842105,0.21052631578947367,0.47368421052631576
2026-06-19 02:33:01,33,38,0,18,12,8,13,13,7,0,0,0,38,0.0,1.0,0.868421052631579,0.0,33,0.3157894736842105,0.21052631578947367,0.47368421052631576
2026-06-19 02:48:01,38,38,0,18,12,8,15,14,8,1,0,0,38,0.0,1.0,1.0,0.02631578947368421,37,0.3157894736842105,0.21052631578947367,0.47368421052631576
2026-06-19 03:03:01,38,38,0,18,12,8,16,14,6,0,0,0,38,0.0,1.0,1.0,0.0,36,0.3157894736842105,0.21052631578947367,0.47368421052631576
2026-06-19 03:18:02,31,38,0,18,12,8,12,12,7,0,0,0,38,0.0,1.0,0.8157894736842105,0.0,31,0.3157894736842105,0.21052631578947367,0.47368421052631576
2026-06-19 03:33:01,50,38,0,18,12,8,9,36,5,0,0,0,38,0.0,1.0,1.3157894736842106,0.0,50,0.3157894736842105,0.21052631578947367,0.47368421052631576
2026-06-19 03:48:01,53,38,0,18,12,8,14,28,11,0,0,0,38,0.0,1.0,1.394736842105263,0.0,53,0.3157894736842105,0.21052631578947367,0.47368421052631576
2026-06-19 04:03:01,37,38,0,18,12,8,19,12,6,0,0,0,38,0.0,1.0,0.9736842105263158,0.0,37,0.3157894736842105,0.21052631578947367,0.47368421052631576
2026-06-19 04:18:02,33,38,0,18,12,8,12,15,6,0,0,0,38,0.0,1.0,0.868421052631579,0.0,33,0.3157894736842105,0.21052631578947367,0.47368421052631576
2026-06-19 04:33:01,29,38,0,18,12,8,10,10,8,1,0,0,38,0.0,1.0,0.7631578947368421,0.02631578947368421,28,0.3157894736842105,0.21052631578947367,0.47368421052631576
2026-06-19 04:48:01,39,38,0,18,12,8,17,17,5,0,0,0,38,0.0,1.0,1.0263157894736843,0.0,39,0.3157894736842105,0.21052631578947367,0.47368421052631576
2026-06-19 05:03:01,46,38,0,18,12,8,12,17,17,0,0,0,38,0.0,1.0,1.2105263157894737,0.0,46,0.3157894736842105,0.21052631578947367,0.47368421052631576
2026-06-19 05:18:01,30,38,0,18,12,8,9,14,6,1,0,0,38,0.0,1.0,0.7894736842105263,0.02631578947368421,29,0.3157894736842105,0.21052631578947367,0.47368421052631576
2026-06-19 05:33:01,38,38,0,18,12,8,18,14,6,0,0,0,38,0.0,1.0,1.0,0.0,38,0.3157894736842105,0.21052631578947367,0.47368421052631576
2026-06-19 05:48:01,38,38,0,18,12,8,12,10,15,1,0,0,38,0.0,1.0,1.0,0.02631578947368421,37,0.3157894736842105,0.21052631578947367,0.47368421052631576
2026-06-19 06:03:01,32,38,0,18,12,8,13,13,6,0,0,0,38,0.0,1.0,0.8421052631578947,0.0,32,0.3157894736842105,0.21052631578947367,0.47368421052631576
2026-06-19 06:18:01,44,37,1,18,12,7,11,16,17,0,1,0,38,0.02631578947368421,0.9736842105263158,1.1578947368421053,0.0,44,0.3157894736842105,0.18421052631578946,0.47368421052631576
2026-06-19 06:33:01,32,38,0,18,12,8,12,14,6,0,0,0,38,0.0,1.0,0.8421052631578947,0.0,32,0.3157894736842105,0.21052631578947367,0.47368421052631576
2026-06-19 06:48:02,31,38,0,18,12,8,11,12,8,0,0,0,38,0.0,1.0,0.8157894736842105,0.0,31,0.3157894736842105,0.21052631578947367,0.47368421052631576
2026-06-19 07:03:01,36,38,0,18,12,8,14,15,7,0,0,0,38,0.0,1.0,0.9473684210526315,0.0,36,0.3157894736842105,0.21052631578947367,0.47368421052631576
2026-06-19 07:18:01,37,38,0,18,12,8,14,17,6,0,0,0,38,0.0,1.0,0.9736842105263158,0.0,37,0.3157894736842105,0.21052631578947367,0.47368421052631576
2026-06-19 07:33:01,35,38,0,18,12,8,16,12,7,0,0,0,38,0.0,1.0,0.9210526315789473,0.0,35,0.3157894736842105,0.21052631578947367,0.47368421052631576
2026-06-19 07:48:01,58,38,0,18,12,8,16,30,12,0,0,0,38,0.0,1.0,1.5263157894736843,0.0,58,0.3157894736842105,0.21052631578947367,0.47368421052631576
2026-06-19 08:03:01,47,38,0,18,12,8,25,13,8,1,0,0,38,0.0,1.0,1.236842105263158,0.02631578947368421,46,0.3157894736842105,0.21052631578947367,0.47368421052631576
2026-06-19 08:18:01,38,38,0,18,12,8,12,19,7,0,0,0,38,0.0,1.0,1.0,0.0,38,0.3157894736842105,0.21052631578947367,0.47368421052631576
2026-06-19 08:33:01,42,38,0,18,12,8,10,12,19,0,0,0,38,0.0,1.0,1.105263157894737,0.0,41,0.3157894736842105,0.21052631578947367,0.47368421052631576
2026-06-19 08:48:01,51,38,0,18,12,8,10,19,21,1,0,0,38,0.0,1.0,1.3421052631578947,0.02631578947368421,50,0.3157894736842105,0.21052631578947367,0.47368421052631576
2026-06-19 09:03:01,39,38,0,18,12,8,17,11,11,0,0,0,38,0.0,1.0,1.0263157894736843,0.0,39,0.3157894736842105,0.21052631578947367,0.47368421052631576
2026-06-19 09:18:02,52,38,0,18,12,8,17,29,6,0,0,0,38,0.0,1.0,1.368421052631579,0.0,52,0.3157894736842105,0.21052631578947367,0.47368421052631576
2026-06-19 09:33:01,32,38,0,18,12,8,9,12,11,0,0,0,38,0.0,1.0,0.8421052631578947,0.0,32,0.3157894736842105,0.21052631578947367,0.47368421052631576
2026-06-19 09:48:01,33,38,0,18,12,8,13,11,9,0,0,0,38,0.0,1.0,0.868421052631579,0.0,33,0.3157894736842105,0.21052631578947367,0.47368421052631576
2026-06-19 10:03:01,34,38,0,18,12,8,13,13,8,0,0,0,38,0.0,1.0,0.8947368421052632,0.0,34,0.3157894736842105,0.21052631578947367,0.47368421052631576
2026-06-19 10:18:01,46,37,1,18,11,8,8,32,6,10,1,0,38,0.02631578947368421,0.9736842105263158,1.2105263157894737,0.2631578947368421,46,0.2894736842105263,0.21052631578947367,0.47368421052631576
2026-06-19 10:33:01,33,38,0,18,12,8,11,14,7,1,0,0,38,0.0,1.0,0.868421052631579,0.02631578947368421,32,0.3157894736842105,0.21052631578947367,0.47368421052631576
2026-06-19 10:48:01,40,38,0,18,12,8,15,14,10,0,0,0,38,0.0,1.0,1.0526315789473684,0.0,39,0.3157894736842105,0.21052631578947367,0.47368421052631576
2026-06-19 11:03:01,33,38,0,18,12,8,13,13,7,0,0,0,38,0.0,1.0,0.868421052631579,0.0,33,0.3157894736842105,0.21052631578947367,0.47368421052631576
2026-06-19 11:18:01,49,38,0,18,12,8,13,26,9,1,0,0,38,0.0,1.0,1.2894736842105263,0.02631578947368421,48,0.3157894736842105,0.21052631578947367,0.47368421052631576
2026-06-19 11:33:02,32,38,0,18,12,8,13,11,8,0,0,0,38,0.0,1.0,0.8421052631578947,0.0,32,0.3157894736842105,0.21052631578947367,0.47368421052631576
2026-06-19 11:48:01,33,38,0,18,12,8,9,18,6,0,0,0,38,0.0,1.0,0.868421052631579,0.0,33,0.3157894736842105,0.21052631578947367,0.47368421052631576
2026-06-19 12:03:02,33,38,0,18,12,8,8,18,7,0,0,0,38,0.0,1.0,0.868421052631579,0.0,33,0.3157894736842105,0.21052631578947367,0.47368421052631576
2026-06-19 12:18:01,55,38,0,18,12,8,15,19,21,0,0,0,38,0.0,1.0,1.4473684210526316,0.0,55,0.3157894736842105,0.21052631578947367,0.47368421052631576
2026-06-19 12:33:01,56,38,0,18,12,8,14,26,16,0,0,0,38,0.0,1.0,1.4736842105263157,0.0,56,0.3157894736842105,0.21052631578947367,0.47368421052631576
2026-06-19 12:48:01,34,38,0,18,12,8,10,10,14,0,0,0,38,0.0,1.0,0.8947368421052632,0.0,34,0.3157894736842105,0.21052631578947367,0.47368421052631576
2026-06-19 13:03:01,55,38,0,18,12,8,21,27,7,0,0,0,38,0.0,1.0,1.4473684210526316,0.0,55,0.3157894736842105,0.21052631578947367,0.47368421052631576
2026-06-19 13:18:01,49,38,0,18,12,8,13,11,25,0,0,0,38,0.0,1.0,1.2894736842105263,0.0,49,0.3157894736842105,0.21052631578947367,0.47368421052631576
2026-06-19 13:33:01,39,38,0,18,12,8,12,10,16,1,0,0,38,0.0,1.0,1.0263157894736843,0.02631578947368421,38,0.3157894736842105,0.21052631578947367,0.47368421052631576
2026-06-19 13:48:01,43,38,0,18,12,8,10,20,6,7,0,0,38,0.0,1.0,1.131578947368421,0.18421052631578946,36,0.3157894736842105,0.21052631578947367,0.47368421052631576
2026-06-19 14:03:01,44,38,0,18,12,8,9,12,23,0,0,0,38,0.0,1.0,1.1578947368421053,0.0,44,0.3157894736842105,0.21052631578947367,0.47368421052631576
2026-06-19 14:18:02,44,38,0,18,12,8,16,22,6,0,0,0,38,0.0,1.0,1.1578947368421053,0.0,44,0.3157894736842105,0.21052631578947367,0.47368421052631576
2026-06-19 14:33:01,35,38,0,18,12,8,17,11,6,1,0,0,38,0.0,1.0,0.9210526315789473,0.02631578947368421,34,0.3157894736842105,0.21052631578947367,0.47368421052631576
2026-06-19 14:48:01,39,38,0,18,12,8,19,13,7,0,0,0,38,0.0,1.0,1.0263157894736843,0.0,39,0.3157894736842105,0.21052631578947367,0.47368421052631576
2026-06-19 15:03:01,30,38,0,18,12,8,10,13,6,1,0,0,38,0.0,1.0,0.7894736842105263,0.02631578947368421,29,0.3157894736842105,0.21052631578947367,0.47368421052631576
2026-06-19 15:18:01,37,38,0,18,12,8,12,17,7,1,0,0,38,0.0,1.0,0.9736842105263158,0.02631578947368421,36,0.3157894736842105,0.21052631578947367,0.47368421052631576
2026-06-19 15:33:02,33,38,0,18,12,8,14,11,8,0,0,0,38,0.0,1.0,0.868421052631579,0.0,33,0.3157894736842105,0.21052631578947367,0.47368421052631576
2026-06-19 15:48:01,42,38,0,18,12,8,13,22,6,1,0,0,38,0.0,1.0,1.105263157894737,0.02631578947368421,41,0.3157894736842105,0.21052631578947367,0.47368421052631576
2026-06-19 16:03:01,38,38,0,18,12,8,20,13,5,0,0,0,38,0.0,1.0,1.0,0.0,38,0.3157894736842105,0.21052631578947367,0.47368421052631576
2026-06-19 16:18:01,45,38,0,18,12,8,15,16,14,0,0,0,38,0.0,1.0,1.1842105263157894,0.0,45,0.3157894736842105,0.21052631578947367,0.47368421052631576
2026-06-19 16:33:01,43,38,0,18,12,8,17,12,14,0,0,0,38,0.0,1.0,1.131578947368421,0.0,43,0.3157894736842105,0.21052631578947367,0.47368421052631576
2026-06-19 16:48:01,65,38,0,18,12,8,18,24,23,0,0,0,38,0.0,1.0,1.7105263157894737,0.0,65,0.3157894736842105,0.21052631578947367,0.47368421052631576
2026-06-19 17:03:01,32,38,0,18,12,8,14,12,5,1,0,0,38,0.0,1.0,0.8421052631578947,0.02631578947368421,31,0.3157894736842105,0.21052631578947367,0.47368421052631576
2026-06-19 17:18:01,63,38,0,18,12,8,9,31,23,0,0,0,38,0.0,1.0,1.6578947368421053,0.0,63,0.3157894736842105,0.21052631578947367,0.47368421052631576
2026-06-19 17:33:02,44,38,0,18,12,8,15,12,17,0,0,0,38,0.0,1.0,1.1578947368421053,0.0,44,0.3157894736842105,0.21052631578947367,0.47368421052631576
2026-06-19 17:48:01,44,38,0,18,12,8,17,21,6,0,0,0,38,0.0,1.0,1.1578947368421053,0.0,44,0.3157894736842105,0.21052631578947367,0.47368421052631576
2026-06-19 18:03:01,30,38,0,18,12,8,10,12,7,1,0,0,38,0.0,1.0,0.7894736842105263,0.02631578947368421,29,0.3157894736842105,0.21052631578947367,0.47368421052631576
2026-06-19 18:18:02,50,38,0,18,12,8,13,15,22,0,0,0,38,0.0,1.0,1.3157894736842106,0.0,50,0.3157894736842105,0.21052631578947367,0.47368421052631576
2026-06-19 18:33:01,33,38,0,18,12,8,15,12,6,0,0,0,38,0.0,1.0,0.868421052631579,0.0,33,0.3157894736842105,0.21052631578947367,0.47368421052631576
2026-06-19 18:48:01,35,38,0,18,12,8,10,12,13,0,0,0,38,0.0,1.0,0.9210526315789473,0.0,35,0.3157894736842105,0.21052631578947367,0.47368421052631576
2026-06-19 19:03:01,34,38,0,18,12,8,9,19,6,0,0,0,38,0.0,1.0,0.8947368421052632,0.0,34,0.3157894736842105,0.21052631578947367,0.47368421052631576
2026-06-19 19:18:01,35,38,0,18,12,8,10,19,6,0,0,0,38,0.0,1.0,0.9210526315789473,0.0,35,0.3157894736842105,0.21052631578947367,0.47368421052631576
2026-06-19 19:33:01,35,38,0,18,12,8,16,10,9,0,0,0,38,0.0,1.0,0.9210526315789473,0.0,35,0.3157894736842105,0.21052631578947367,0.47368421052631576
2026-06-19 19:48:01,59,38,0,18,12,8,14,36,8,1,0,0,38,0.0,1.0,1.5526315789473684,0.02631578947368421,58,0.3157894736842105,0.21052631578947367,0.47368421052631576
2026-06-19 20:03:02,37,38,0,18,12,8,18,11,8,0,0,0,38,0.0,1.0,0.9736842105263158,0.0,37,0.3157894736842105,0.21052631578947367,0.47368421052631576
2026-06-19 20:18:01,32,38,0,18,12,8,12,12,7,1,0,0,38,0.0,1.0,0.8421052631578947,0.02631578947368421,31,0.3157894736842105,0.21052631578947367,0.47368421052631576
2026-06-19 20:33:01,39,38,0,18,12,8,14,16,8,1,0,0,38,0.0,1.0,1.0263157894736843,0.02631578947368421,38,0.3157894736842105,0.21052631578947367,0.47368421052631576
2026-06-19 20:48:01,39,38,0,18,12,8,12,11,16,0,0,0,38,0.0,1.0,1.0263157894736843,0.0,39,0.3157894736842105,0.21052631578947367,0.47368421052631576
2026-06-19 21:03:02,34,38,0,18,12,8,10,13,11,0,0,0,38,0.0,1.0,0.8947368421052632,0.0,34,0.3157894736842105,0.21052631578947367,0.47368421052631576
2026-06-19 21:18:01,36,38,0,18,12,8,12,14,10,0,0,0,38,0.0,1.0,0.9473684210526315,0.0,36,0.3157894736842105,0.21052631578947367,0.47368421052631576
2026-06-19 21:33:01,34,38,0,18,12,8,12,16,5,1,0,0,38,0.0,1.0,0.8947368421052632,0.02631578947368421,33,0.3157894736842105,0.21052631578947367,0.47368421052631576
2026-06-19 21:48:01,43,38,0,18,12,8,21,16,6,0,0,0,38,0.0,1.0,1.131578947368421,0.0,43,0.3157894736842105,0.21052631578947367,0.47368421052631576
2026-06-19 22:03:02,42,38,0,18,12,8,15,20,7,0,0,0,38,0.0,1.0,1.105263157894737,0.0,42,0.3157894736842105,0.21052631578947367,0.47368421052631576
2026-06-19 22:18:01,44,38,0,18,12,8,11,26,6,1,0,0,38,0.0,1.0,1.1578947368421053,0.02631578947368421,43,0.3157894736842105,0.21052631578947367,0.47368421052631576
2026-06-19 22:33:01,37,38,0,18,12,8,14,17,5,0,0,0,38,0.0,1.0,0.9736842105263158,0.0,36,0.3157894736842105,0.21052631578947367,0.47368421052631576
2026-06-19 22:48:01,34,38,0,18,12,8,11,15,7,1,0,0,38,0.0,1.0,0.8947368421052632,0.02631578947368421,33,0.3157894736842105,0.21052631578947367,0.47368421052631576
2026-06-19 23:03:01,34,38,0,18,12,8,17,10,7,0,0,0,38,0.0,1.0,0.8947368421052632,0.0,34,0.3157894736842105,0.21052631578947367,0.47368421052631576
2026-06-19 23:18:01,38,38,0,18,12,8,10,20,7,1,0,0,38,0.0,1.0,1.0,0.02631578947368421,37,0.3157894736842105,0.21052631578947367,0.47368421052631576
2026-06-19 23:33:01,41,38,0,18,12,8,15,18,8,0,0,0,38,0.0,1.0,1.0789473684210527,0.0,41,0.3157894736842105,0.21052631578947367,0.47368421052631576
2026-06-19 23:48:01,32,38,0,18,12,8,8,15,9,0,0,0,38,0.0,1.0,0.8421052631578947,0.0,32,0.3157894736842105,0.21052631578947367,0.47368421052631576
2026-06-20 00:03:04,36,38,0,18,12,8,10,20,6,0,0,0,38,0.0,1.0,0.9473684210526315,0.0,36,0.3157894736842105,0.21052631578947367,0.47368421052631576
2026-06-20 00:18:01,64,38,0,18,12,8,13,27,24,0,0,0,38,0.0,1.0,1.6842105263157894,0.0,64,0.3157894736842105,0.21052631578947367,0.47368421052631576
2026-06-20 00:33:02,48,38,0,18,12,8,13,14,21,0,0,0,38,0.0,1.0,1.263157894736842,0.0,48,0.3157894736842105,0.21052631578947367,0.47368421052631576
2026-06-20 00:48:01,27,38,0,18,12,8,11,9,6,1,0,0,38,0.0,1.0,0.7105263157894737,0.02631578947368421,26,0.3157894736842105,0.21052631578947367,0.47368421052631576
2026-06-20 01:03:01,37,38,0,18,12,8,20,11,6,0,0,0,38,0.0,1.0,0.9736842105263158,0.0,37,0.3157894736842105,0.21052631578947367,0.47368421052631576
2026-06-20 01:18:02,56,37,1,18,12,7,11,11,34,0,1,0,38,0.02631578947368421,0.9736842105263158,1.4736842105263157,0.0,56,0.3157894736842105,0.18421052631578946,0.47368421052631576
2026-06-20 01:33:01,42,37,1,18,11,8,8,28,6,2,1,0,38,0.02631578947368421,0.9736842105263158,1.105263157894737,0.05263157894736842,42,0.2894736842105263,0.21052631578947367,0.47368421052631576
2026-06-20 01:48:01,48,38,0,18,12,8,11,30,6,1,0,0,38,0.0,1.0,1.263157894736842,0.02631578947368421,47,0.3157894736842105,0.21052631578947367,0.47368421052631576
2026-06-20 02:03:02,34,38,0,18,12,8,13,13,8,0,0,0,38,0.0,1.0,0.8947368421052632,0.0,34,0.3157894736842105,0.21052631578947367,0.47368421052631576
2026-06-20 02:18:02,33,38,0,18,12,8,12,15,6,0,0,0,38,0.0,1.0,0.868421052631579,0.0,33,0.3157894736842105,0.21052631578947367,0.47368421052631576
2026-06-20 02:33:01,28,38,0,18,12,8,12,10,6,0,0,0,38,0.0,1.0,0.7368421052631579,0.0,28,0.3157894736842105,0.21052631578947367,0.47368421052631576
2026-06-20 02:48:01,43,38,0,18,12,8,16,21,6,0,0,0,38,0.0,1.0,1.131578947368421,0.0,43,0.3157894736842105,0.21052631578947367,0.47368421052631576
2026-06-20 03:03:01,39,38,0,18,12,8,18,11,10,0,0,0,38,0.0,1.0,1.0263157894736843,0.0,39,0.3157894736842105,0.21052631578947367,0.47368421052631576
2026-06-20 03:18:01,44,38,0,18,12,8,11,18,14,1,0,0,38,0.0,1.0,1.1578947368421053,0.02631578947368421,43,0.3157894736842105,0.21052631578947367,0.47368421052631576
2026-06-20 03:33:01,31,38,0,18,12,8,11,13,7,0,0,0,38,0.0,1.0,0.8157894736842105,0.0,31,0.3157894736842105,0.21052631578947367,0.47368421052631576
2026-06-20 03:48:01,30,38,0,18,12,8,9,15,6,0,0,0,38,0.0,1.0,0.7894736842105263,0.0,30,0.3157894736842105,0.21052631578947367,0.47368421052631576
2026-06-20 04:03:01,39,38,0,18,12,8,13,19,7,0,0,0,38,0.0,1.0,1.0263157894736843,0.0,39,0.3157894736842105,0.21052631578947367,0.47368421052631576
2026-06-20 04:18:01,27,38,0,18,12,8,9,9,8,1,0,0,38,0.0,1.0,0.7105263157894737,0.02631578947368421,26,0.3157894736842105,0.21052631578947367,0.47368421052631576
2026-06-20 04:33:01,25,38,0,18,12,8,10,9,6,0,0,0,38,0.0,1.0,0.6578947368421053,0.0,25,0.3157894736842105,0.21052631578947367,0.47368421052631576
2026-06-20 04:48:01,49,38,0,18,12,8,11,32,6,0,0,0,38,0.0,1.0,1.2894736842105263,0.0,49,0.3157894736842105,0.21052631578947367,0.47368421052631576
2026-06-20 05:03:01,41,38,0,18,12,8,17,12,11,0,0,0,38,0.0,1.0,1.0789473684210527,0.0,40,0.3157894736842105,0.21052631578947367,0.47368421052631576
2026-06-20 05:18:02,40,38,0,18,12,8,19,15,6,0,0,0,38,0.0,1.0,1.0526315789473684,0.0,40,0.3157894736842105,0.21052631578947367,0.47368421052631576
2026-06-20 05:33:01,37,38,0,18,12,8,11,14,12,0,0,0,38,0.0,1.0,0.9736842105263158,0.0,37,0.3157894736842105,0.21052631578947367,0.47368421052631576
2026-06-20 05:48:01,30,38,0,18,12,8,11,13,6,0,0,0,38,0.0,1.0,0.7894736842105263,0.0,30,0.3157894736842105,0.21052631578947367,0.47368421052631576
2026-06-20 06:03:01,29,38,0,18,12,8,12,10,6,1,0,0,38,0.0,1.0,0.7631578947368421,0.02631578947368421,28,0.3157894736842105,0.21052631578947367,0.47368421052631576
2026-06-20 06:18:01,31,38,0,18,12,8,11,14,6,0,0,0,38,0.0,1.0,0.8157894736842105,0.0,31,0.3157894736842105,0.21052631578947367,0.47368421052631576
2026-06-20 06:33:01,42,38,0,18,12,8,13,11,18,0,0,0,38,0.0,1.0,1.105263157894737,0.0,42,0.3157894736842105,0.21052631578947367,0.47368421052631576
2026-06-20 06:48:01,32,38,0,18,12,8,11,15,6,0,0,0,38,0.0,1.0,0.8421052631578947,0.0,32,0.3157894736842105,0.21052631578947367,0.47368421052631576
2026-06-20 07:03:01,43,38,0,18,12,8,13,23,7,0,0,0,38,0.0,1.0,1.131578947368421,0.0,43,0.3157894736842105,0.21052631578947367,0.47368421052631576
2026-06-20 07:18:02,61,38,0,18,12,8,10,26,25,0,0,0,38,0.0,1.0,1.605263157894737,0.0,61,0.3157894736842105,0.21052631578947367,0.47368421052631576
2026-06-20 07:33:01,40,38,0,18,12,8,13,21,6,0,0,0,38,0.0,1.0,1.0526315789473684,0.0,40,0.3157894736842105,0.21052631578947367,0.47368421052631576
2026-06-20 07:48:01,38,38,0,18,12,8,10,20,7,1,0,0,38,0.0,1.0,1.0,0.02631578947368421,37,0.3157894736842105,0.21052631578947367,0.47368421052631576
2026-06-20 08:03:01,38,38,0,18,12,8,17,14,7,0,0,0,38,0.0,1.0,1.0,0.0,38,0.3157894736842105,0.21052631578947367,0.47368421052631576
2026-06-20 08:18:02,66,38,0,18,12,8,16,19,31,0,0,0,38,0.0,1.0,1.736842105263158,0.0,66,0.3157894736842105,0.21052631578947367,0.47368421052631576
2026-06-20 08:33:01,40,38,0,18,12,8,15,19,6,0,0,0,38,0.0,1.0,1.0526315789473684,0.0,40,0.3157894736842105,0.21052631578947367,0.47368421052631576
2026-06-20 08:48:01,49,38,0,18,12,8,13,29,7,0,0,0,38,0.0,1.0,1.2894736842105263,0.0,49,0.3157894736842105,0.21052631578947367,0.47368421052631576
2026-06-20 09:03:01,47,38,0,18,12,8,27,14,6,0,0,0,38,0.0,1.0,1.236842105263158,0.0,47,0.3157894736842105,0.21052631578947367,0.47368421052631576
2026-06-20 09:18:01,43,38,0,18,12,8,13,14,16,0,0,0,38,0.0,1.0,1.131578947368421,0.0,43,0.3157894736842105,0.21052631578947367,0.47368421052631576
2026-06-20 09:33:01,36,38,0,18,12,8,11,17,8,0,0,0,38,0.0,1.0,0.9473684210526315,0.0,36,0.3157894736842105,0.21052631578947367,0.47368421052631576
2026-06-20 09:48:01,41,38,0,18,12,8,11,24,6,0,0,0,38,0.0,1.0,1.0789473684210527,0.0,41,0.3157894736842105,0.21052631578947367,0.47368421052631576
2026-06-20 10:03:01,33,38,0,18,12,8,13,12,7,1,0,0,38,0.0,1.0,0.868421052631579,0.02631578947368421,32,0.3157894736842105,0.21052631578947367,0.47368421052631576
2026-06-20 10:18:01,60,38,0,18,12,8,19,18,23,0,0,0,38,0.0,1.0,1.5789473684210527,0.0,60,0.3157894736842105,0.21052631578947367,0.47368421052631576
2026-06-20 10:33:02,30,38,0,18,12,8,10,15,5,0,0,0,38,0.0,1.0,0.7894736842105263,0.0,30,0.3157894736842105,0.21052631578947367,0.47368421052631576
2026-06-20 10:48:01,31,38,0,18,12,8,12,11,8,0,0,0,38,0.0,1.0,0.8157894736842105,0.0,31,0.3157894736842105,0.21052631578947367,0.47368421052631576
2026-06-20 11:03:01,51,38,0,18,12,8,20,23,8,0,0,0,38,0.0,1.0,1.3421052631578947,0.0,51,0.3157894736842105,0.21052631578947367,0.47368421052631576
2026-06-20 11:18:01,50,38,0,18,12,8,19,17,14,0,0,0,38,0.0,1.0,1.3157894736842106,0.0,50,0.3157894736842105,0.21052631578947367,0.47368421052631576
2026-06-20 11:33:03,33,38,0,18,12,8,11,11,10,0,0,0,38,0.0,1.0,0.868421052631579,0.0,32,0.3157894736842105,0.21052631578947367,0.47368421052631576
2026-06-20 11:48:01,34,38,0,18,12,8,9,18,6,1,0,0,38,0.0,1.0,0.8947368421052632,0.02631578947368421,33,0.3157894736842105,0.21052631578947367,0.47368421052631576
2026-06-20 12:03:02,34,38,0,18,12,8,12,13,9,0,0,0,38,0.0,1.0,0.8947368421052632,0.0,34,0.3157894736842105,0.21052631578947367,0.47368421052631576
2026-06-20 12:18:01,48,38,0,18,12,8,14,28,6,0,0,0,38,0.0,1.0,1.263157894736842,0.0,48,0.3157894736842105,0.21052631578947367,0.47368421052631576
2026-06-20 12:33:01,45,38,0,18,12,8,13,24,7,1,0,0,38,0.0,1.0,1.1842105263157894,0.02631578947368421,44,0.3157894736842105,0.21052631578947367,0.47368421052631576
2026-06-20 12:48:01,33,38,0,18,12,8,14,13,6,0,0,0,38,0.0,1.0,0.868421052631579,0.0,33,0.3157894736842105,0.21052631578947367,0.47368421052631576
2026-06-20 13:03:01,52,38,0,18,12,8,22,15,14,1,0,0,38,0.0,1.0,1.368421052631579,0.02631578947368421,51,0.3157894736842105,0.21052631578947367,0.47368421052631576
2026-06-20 13:18:01,40,38,0,18,12,8,15,18,6,1,0,0,38,0.0,1.0,1.0526315789473684,0.02631578947368421,39,0.3157894736842105,0.21052631578947367,0.47368421052631576
2026-06-20 13:33:01,30,38,0,18,12,8,14,10,6,0,0,0,38,0.0,1.0,0.7894736842105263,0.0,30,0.3157894736842105,0.21052631578947367,0.47368421052631576
2026-06-20 13:48:01,48,38,0,18,12,8,14,17,17,0,0,0,38,0.0,1.0,1.263157894736842,0.0,48,0.3157894736842105,0.21052631578947367,0.47368421052631576
2026-06-20 14:03:02,48,38,0,18,12,8,26,12,10,0,0,0,38,0.0,1.0,1.263157894736842,0.0,48,0.3157894736842105,0.21052631578947367,0.47368421052631576
2026-06-20 14:18:02,57,38,0,18,12,8,25,19,12,1,0,0,38,0.0,1.0,1.5,0.02631578947368421,56,0.3157894736842105,0.21052631578947367,0.47368421052631576
2026-06-20 14:33:01,35,38,0,18,12,8,14,12,9,0,0,0,38,0.0,1.0,0.9210526315789473,0.0,35,0.3157894736842105,0.21052631578947367,0.47368421052631576
2026-06-20 14:48:01,43,37,1,18,11,8,15,21,6,3,1,0,38,0.02631578947368421,0.9736842105263158,1.131578947368421,0.07894736842105263,42,0.2894736842105263,0.21052631578947367,0.47368421052631576
2026-06-20 15:03:01,58,38,0,18,12,8,15,15,28,0,0,0,38,0.0,1.0,1.5263157894736843,0.0,58,0.3157894736842105,0.21052631578947367,0.47368421052631576
2026-06-20 15:18:01,34,38,0,18,12,8,13,13,8,0,0,0,38,0.0,1.0,0.8947368421052632,0.0,34,0.3157894736842105,0.21052631578947367,0.47368421052631576
2026-06-20 15:33:01,36,38,0,18,12,8,10,20,6,0,0,0,38,0.0,1.0,0.9473684210526315,0.0,36,0.3157894736842105,0.21052631578947367,0.47368421052631576
2026-06-20 15:48:02,32,38,0,18,12,8,12,14,6,0,0,0,38,0.0,1.0,0.8421052631578947,0.0,32,0.3157894736842105,0.21052631578947367,0.47368421052631576
2026-06-20 16:03:01,47,38,0,18,12,8,13,14,20,0,0,0,38,0.0,1.0,1.236842105263158,0.0,47,0.3157894736842105,0.21052631578947367,0.47368421052631576
2026-06-20 16:18:01,30,38,0,18,12,8,8,14,7,1,0,0,38,0.0,1.0,0.7894736842105263,0.02631578947368421,29,0.3157894736842105,0.21052631578947367,0.47368421052631576
2026-06-20 16:33:02,34,38,0,18,12,8,8,17,9,0,0,0,38,0.0,1.0,0.8947368421052632,0.0,34,0.3157894736842105,0.21052631578947367,0.47368421052631576
2026-06-20 16:48:02,26,38,0,18,12,8,10,10,6,0,0,0,38,0.0,1.0,0.6842105263157895,0.0,26,0.3157894736842105,0.21052631578947367,0.47368421052631576
2026-06-20 17:03:01,29,38,0,18,12,8,13,11,5,0,0,0,38,0.0,1.0,0.7631578947368421,0.0,29,0.3157894736842105,0.21052631578947367,0.47368421052631576
2026-06-20 17:18:01,41,38,0,18,12,8,14,18,9,0,0,0,38,0.0,1.0,1.0789473684210527,0.0,41,0.3157894736842105,0.21052631578947367,0.47368421052631576
2026-06-20 17:33:01,29,38,0,18,12,8,11,12,6,0,0,0,38,0.0,1.0,0.7631578947368421,0.0,29,0.3157894736842105,0.21052631578947367,0.47368421052631576
2026-06-20 17:48:01,44,38,0,18,12,8,14,14,13,0,0,0,38,0.0,1.0,1.1578947368421053,0.0,41,0.3157894736842105,0.21052631578947367,0.47368421052631576
2026-06-20 18:03:01,39,38,0,18,12,8,12,14,13,0,0,0,38,0.0,1.0,1.0263157894736843,0.0,39,0.3157894736842105,0.21052631578947367,0.47368421052631576
2026-06-20 18:18:01,27,38,0,18,12,8,10,11,6,0,0,0,38,0.0,1.0,0.7105263157894737,0.0,27,0.3157894736842105,0.21052631578947367,0.47368421052631576
2026-06-20 18:33:02,31,38,0,18,12,8,12,11,8,0,0,0,38,0.0,1.0,0.8157894736842105,0.0,31,0.3157894736842105,0.21052631578947367,0.47368421052631576
2026-06-20 18:48:01,32,38,0,18,12,8,10,15,6,1,0,0,38,0.0,1.0,0.8421052631578947,0.02631578947368421,31,0.3157894736842105,0.21052631578947367,0.47368421052631576
2026-06-20 19:03:01,33,38,0,18,12,8,13,13,6,0,0,0,38,0.0,1.0,0.868421052631579,0.0,32,0.3157894736842105,0.21052631578947367,0.47368421052631576
2026-06-20 19:18:01,30,38,0,18,12,8,12,11,7,0,0,0,38,0.0,1.0,0.7894736842105263,0.0,30,0.3157894736842105,0.21052631578947367,0.47368421052631576
2026-06-20 19:33:01,42,38,0,18,12,8,10,26,6,0,0,0,38,0.0,1.0,1.105263157894737,0.0,42,0.3157894736842105,0.21052631578947367,0.47368421052631576
2026-06-20 19:48:01,48,38,0,18,12,8,11,21,16,0,0,0,38,0.0,1.0,1.263157894736842,0.0,48,0.3157894736842105,0.21052631578947367,0.47368421052631576
2026-06-20 20:03:01,29,38,0,18,12,8,11,12,6,0,0,0,38,0.0,1.0,0.7631578947368421,0.0,29,0.3157894736842105,0.21052631578947367,0.47368421052631576
2026-06-20 20:18:01,44,38,0,18,12,8,13,14,17,0,0,0,38,0.0,1.0,1.1578947368421053,0.0,44,0.3157894736842105,0.21052631578947367,0.47368421052631576
2026-06-20 20:33:01,37,38,0,18,12,8,10,21,6,0,0,0,38,0.0,1.0,0.9736842105263158,0.0,37,0.3157894736842105,0.21052631578947367,0.47368421052631576
2026-06-20 20:48:01,39,38,0,18,12,8,16,14,8,1,0,0,38,0.0,1.0,1.0263157894736843,0.02631578947368421,38,0.3157894736842105,0.21052631578947367,0.47368421052631576
2026-06-20 21:03:01,55,38,0,18,12,8,21,23,9,2,0,0,38,0.0,1.0,1.4473684210526316,0.05263157894736842,53,0.3157894736842105,0.21052631578947367,0.47368421052631576
2026-06-20 21:18:01,33,38,0,18,12,8,14,13,6,0,0,0,38,0.0,1.0,0.868421052631579,0.0,33,0.3157894736842105,0.21052631578947367,0.47368421052631576
2026-06-20 21:33:01,51,38,0,18,12,8,19,24,8,0,0,0,38,0.0,1.0,1.3421052631578947,0.0,51,0.3157894736842105,0.21052631578947367,0.47368421052631576
2026-06-20 21:48:01,46,38,0,18,12,8,12,27,6,1,0,0,38,0.0,1.0,1.2105263157894737,0.02631578947368421,45,0.3157894736842105,0.21052631578947367,0.47368421052631576
2026-06-20 22:03:01,50,38,0,18,12,8,22,21,7,0,0,0,38,0.0,1.0,1.3157894736842106,0.0,50,0.3157894736842105,0.21052631578947367,0.47368421052631576
2026-06-20 22:18:01,39,38,0,18,12,8,21,11,6,1,0,0,38,0.0,1.0,1.0263157894736843,0.02631578947368421,38,0.3157894736842105,0.21052631578947367,0.47368421052631576
2026-06-20 22:33:01,41,38,0,18,12,8,18,17,5,1,0,0,38,0.0,1.0,1.0789473684210527,0.02631578947368421,40,0.3157894736842105,0.21052631578947367,0.47368421052631576
2026-06-20 22:48:01,34,38,0,18,12,8,10,16,8,0,0,0,38,0.0,1.0,0.8947368421052632,0.0,34,0.3157894736842105,0.21052631578947367,0.47368421052631576
2026-06-20 23:03:01,54,38,0,18,12,8,11,33,10,0,0,0,38,0.0,1.0,1.4210526315789473,0.0,54,0.3157894736842105,0.21052631578947367,0.47368421052631576
2026-06-20 23:18:01,53,38,0,18,12,8,10,20,23,0,0,0,38,0.0,1.0,1.394736842105263,0.0,53,0.3157894736842105,0.21052631578947367,0.47368421052631576
2026-06-20 23:33:01,38,38,0,18,12,8,12,13,12,1,0,0,38,0.0,1.0,1.0,0.02631578947368421,37,0.3157894736842105,0.21052631578947367,0.47368421052631576
2026-06-20 23:48:02,47,38,0,18,12,8,18,18,11,0,0,0,38,0.0,1.0,1.236842105263158,0.0,47,0.3157894736842105,0.21052631578947367,0.47368421052631576
2026-06-21 00:03:05,57,38,0,18,12,8,12,13,32,0,0,0,38,0.0,1.0,1.5,0.0,57,0.3157894736842105,0.21052631578947367,0.47368421052631576
2026-06-21 00:18:01,44,38,0,18,12,8,22,12,10,0,0,0,38,0.0,1.0,1.1578947368421053,0.0,44,0.3157894736842105,0.21052631578947367,0.47368421052631576
2026-06-21 00:33:02,41,38,0,18,12,8,14,14,7,0,0,0,38,0.0,1.0,1.0789473684210527,0.0,35,0.3157894736842105,0.21052631578947367,0.47368421052631576
2026-06-21 00:48:01,33,38,0,18,12,8,14,12,7,0,0,0,38,0.0,1.0,0.868421052631579,0.0,33,0.3157894736842105,0.21052631578947367,0.47368421052631576
2026-06-21 01:03:02,41,38,0,18,12,8,10,11,20,0,0,0,38,0.0,1.0,1.0789473684210527,0.0,41,0.3157894736842105,0.21052631578947367,0.47368421052631576
2026-06-21 01:18:02,30,38,0,18,12,8,11,13,6,0,0,0,38,0.0,1.0,0.7894736842105263,0.0,30,0.3157894736842105,0.21052631578947367,0.47368421052631576
2026-06-21 01:33:02,33,38,0,18,12,8,13,12,8,0,0,0,38,0.0,1.0,0.868421052631579,0.0,33,0.3157894736842105,0.21052631578947367,0.47368421052631576
2026-06-21 01:48:01,43,38,0,18,12,8,10,16,17,0,0,0,38,0.0,1.0,1.131578947368421,0.0,43,0.3157894736842105,0.21052631578947367,0.47368421052631576
2026-06-21 02:03:01,31,38,0,18,12,8,14,11,6,0,0,0,38,0.0,1.0,0.8157894736842105,0.0,31,0.3157894736842105,0.21052631578947367,0.47368421052631576
2026-06-21 02:18:02,36,38,0,18,12,8,8,14,14,0,0,0,38,0.0,1.0,0.9473684210526315,0.0,36,0.3157894736842105,0.21052631578947367,0.47368421052631576
2026-06-21 02:33:01,36,38,0,18,12,8,10,18,8,0,0,0,38,0.0,1.0,0.9473684210526315,0.0,36,0.3157894736842105,0.21052631578947367,0.47368421052631576
2026-06-21 02:48:01,31,38,0,18,12,8,9,11,11,0,0,0,38,0.0,1.0,0.8157894736842105,0.0,31,0.3157894736842105,0.21052631578947367,0.47368421052631576
2026-06-21 03:03:01,52,38,0,18,12,8,22,21,8,1,0,0,38,0.0,1.0,1.368421052631579,0.02631578947368421,51,0.3157894736842105,0.21052631578947367,0.47368421052631576
2026-06-21 03:18:01,41,38,0,18,12,8,22,13,6,0,0,0,38,0.0,1.0,1.0789473684210527,0.0,41,0.3157894736842105,0.21052631578947367,0.47368421052631576
2026-06-21 03:33:02,35,38,0,18,12,8,14,12,9,0,0,0,38,0.0,1.0,0.9210526315789473,0.0,35,0.3157894736842105,0.21052631578947367,0.47368421052631576
2026-06-21 03:48:01,40,38,0,18,12,8,12,13,14,1,0,0,38,0.0,1.0,1.0526315789473684,0.02631578947368421,39,0.3157894736842105,0.21052631578947367,0.47368421052631576
2026-06-21 04:03:01,34,38,0,18,12,8,15,11,7,1,0,0,38,0.0,1.0,0.8947368421052632,0.02631578947368421,33,0.3157894736842105,0.21052631578947367,0.47368421052631576
2026-06-21 04:18:01,57,38,0,18,12,8,15,19,8,0,0,0,38,0.0,1.0,1.5,0.0,42,0.3157894736842105,0.21052631578947367,0.47368421052631576
2026-06-21 04:33:01,33,38,0,18,12,8,11,14,8,0,0,0,38,0.0,1.0,0.868421052631579,0.0,33,0.3157894736842105,0.21052631578947367,0.47368421052631576
2026-06-21 04:48:02,37,38,0,18,12,8,12,18,6,0,0,0,38,0.0,1.0,0.9736842105263158,0.0,36,0.3157894736842105,0.21052631578947367,0.47368421052631576
2026-06-21 05:03:02,52,38,0,18,12,8,13,13,7,0,0,0,38,0.0,1.0,1.368421052631579,0.0,33,0.3157894736842105,0.21052631578947367,0.47368421052631576
2026-06-21 05:18:01,55,38,0,18,12,8,14,20,21,0,0,0,38,0.0,1.0,1.4473684210526316,0.0,55,0.3157894736842105,0.21052631578947367,0.47368421052631576
2026-06-21 05:33:01,31,38,0,18,12,8,9,15,6,1,0,0,38,0.0,1.0,0.8157894736842105,0.02631578947368421,30,0.3157894736842105,0.21052631578947367,0.47368421052631576
2026-06-21 05:48:01,52,38,0,18,12,8,9,36,6,1,0,0,38,0.0,1.0,1.368421052631579,0.02631578947368421,51,0.3157894736842105,0.21052631578947367,0.47368421052631576
2026-06-21 06:03:02,32,38,0,18,12,8,15,11,6,0,0,0,38,0.0,1.0,0.8421052631578947,0.0,32,0.3157894736842105,0.21052631578947367,0.47368421052631576
2026-06-21 06:18:01,42,38,0,18,12,8,12,25,5,0,0,0,38,0.0,1.0,1.105263157894737,0.0,42,0.3157894736842105,0.21052631578947367,0.47368421052631576
2026-06-21 06:33:02,41,38,0,18,12,8,23,10,8,0,0,0,38,0.0,1.0,1.0789473684210527,0.0,41,0.3157894736842105,0.21052631578947367,0.47368421052631576
2026-06-21 06:48:02,39,38,0,18,12,8,13,12,14,0,0,0,38,0.0,1.0,1.0263157894736843,0.0,39,0.3157894736842105,0.21052631578947367,0.47368421052631576
2026-06-21 07:03:02,33,38,0,18,12,8,13,12,8,0,0,0,38,0.0,1.0,0.868421052631579,0.0,33,0.3157894736842105,0.21052631578947367,0.47368421052631576
2026-06-21 07:18:01,36,38,0,18,12,8,13,16,7,0,0,0,38,0.0,1.0,0.9473684210526315,0.0,36,0.3157894736842105,0.21052631578947367,0.47368421052631576
2026-06-21 07:33:01,45,38,0,18,12,8,23,16,6,0,0,0,38,0.0,1.0,1.1842105263157894,0.0,45,0.3157894736842105,0.21052631578947367,0.47368421052631576
2026-06-21 07:48:01,31,38,0,18,12,8,12,11,8,0,0,0,38,0.0,1.0,0.8157894736842105,0.0,31,0.3157894736842105,0.21052631578947367,0.47368421052631576
2026-06-21 08:03:01,47,38,0,18,12,8,22,17,7,1,0,0,38,0.0,1.0,1.236842105263158,0.02631578947368421,46,0.3157894736842105,0.21052631578947367,0.47368421052631576
2026-06-21 08:18:01,39,38,0,18,12,8,14,16,9,0,0,0,38,0.0,1.0,1.0263157894736843,0.0,39,0.3157894736842105,0.21052631578947367,0.47368421052631576
2026-06-21 08:33:01,65,38,0,18,12,8,22,19,24,0,0,0,38,0.0,1.0,1.7105263157894737,0.0,65,0.3157894736842105,0.21052631578947367,0.47368421052631576
2026-06-21 08:48:02,40,38,0,18,12,8,14,16,10,0,0,0,38,0.0,1.0,1.0526315789473684,0.0,40,0.3157894736842105,0.21052631578947367,0.47368421052631576
2026-06-21 09:03:01,43,38,0,18,12,8,16,14,12,1,0,0,38,0.0,1.0,1.131578947368421,0.02631578947368421,42,0.3157894736842105,0.21052631578947367,0.47368421052631576
2026-06-21 09:18:01,45,38,0,18,12,8,18,13,13,1,0,0,38,0.0,1.0,1.1842105263157894,0.02631578947368421,44,0.3157894736842105,0.21052631578947367,0.47368421052631576
2026-06-21 09:33:01,36,38,0,18,12,8,13,13,10,0,0,0,38,0.0,1.0,0.9473684210526315,0.0,36,0.3157894736842105,0.21052631578947367,0.47368421052631576
2026-06-21 09:48:02,43,38,0,18,12,8,11,21,11,0,0,0,38,0.0,1.0,1.131578947368421,0.0,43,0.3157894736842105,0.21052631578947367,0.47368421052631576
2026-06-21 10:03:01,35,38,0,18,12,8,15,15,5,0,0,0,38,0.0,1.0,0.9210526315789473,0.0,35,0.3157894736842105,0.21052631578947367,0.47368421052631576
2026-06-21 10:18:01,42,38,0,18,12,8,14,13,14,1,0,0,38,0.0,1.0,1.105263157894737,0.02631578947368421,41,0.3157894736842105,0.21052631578947367,0.47368421052631576
2026-06-21 10:33:01,31,38,0,18,12,8,11,12,8,0,0,0,38,0.0,1.0,0.8157894736842105,0.0,31,0.3157894736842105,0.21052631578947367,0.47368421052631576
2026-06-21 10:48:01,32,38,0,18,12,8,10,12,9,1,0,0,38,0.0,1.0,0.8421052631578947,0.02631578947368421,31,0.3157894736842105,0.21052631578947367,0.47368421052631576
2026-06-21 11:03:01,31,38,0,18,12,8,9,16,6,0,0,0,38,0.0,1.0,0.8157894736842105,0.0,31,0.3157894736842105,0.21052631578947367,0.47368421052631576
2026-06-21 11:18:01,32,38,0,18,12,8,10,16,6,0,0,0,38,0.0,1.0,0.8421052631578947,0.0,32,0.3157894736842105,0.21052631578947367,0.47368421052631576
2026-06-21 11:33:02,64,37,1,18,11,8,8,35,21,4,1,0,38,0.02631578947368421,0.9736842105263158,1.6842105263157894,0.10526315789473684,64,0.2894736842105263,0.21052631578947367,0.47368421052631576
2026-06-21 11:48:01,40,38,0,18,12,8,19,13,8,0,0,0,38,0.0,1.0,1.0526315789473684,0.0,40,0.3157894736842105,0.21052631578947367,0.47368421052631576
2026-06-21 12:03:01,31,38,0,18,12,8,11,13,7,0,0,0,38,0.0,1.0,0.8157894736842105,0.0,31,0.3157894736842105,0.21052631578947367,0.47368421052631576
2026-06-21 12:18:01,48,38,0,18,12,8,12,29,7,0,0,0,38,0.0,1.0,1.263157894736842,0.0,48,0.3157894736842105,0.21052631578947367,0.47368421052631576
2026-06-21 12:33:01,48,38,0,18,12,8,11,30,6,1,0,0,38,0.0,1.0,1.263157894736842,0.02631578947368421,47,0.3157894736842105,0.21052631578947367,0.47368421052631576
2026-06-21 12:48:02,39,38,0,18,12,8,18,14,7,0,0,0,38,0.0,1.0,1.0263157894736843,0.0,39,0.3157894736842105,0.21052631578947367,0.47368421052631576
2026-06-21 13:03:17,35,38,0,18,12,8,9,21,5,0,0,0,38,0.0,1.0,0.9210526315789473,0.0,35,0.3157894736842105,0.21052631578947367,0.47368421052631576
2026-06-21 13:18:01,38,38,0,18,12,8,17,12,9,0,0,0,38,0.0,1.0,1.0,0.0,38,0.3157894736842105,0.21052631578947367,0.47368421052631576
2026-06-21 13:33:01,51,38,0,18,12,8,16,19,16,0,0,0,38,0.0,1.0,1.3421052631578947,0.0,51,0.3157894736842105,0.21052631578947367,0.47368421052631576
2026-06-21 13:48:01,34,38,0,18,12,8,12,14,7,1,0,0,38,0.0,1.0,0.8947368421052632,0.02631578947368421,33,0.3157894736842105,0.21052631578947367,0.47368421052631576
2026-06-21 14:03:02,35,38,0,18,12,8,11,18,6,0,0,0,38,0.0,1.0,0.9210526315789473,0.0,35,0.3157894736842105,0.21052631578947367,0.47368421052631576
2026-06-21 14:18:01,28,38,0,18,12,8,10,11,6,1,0,0,38,0.0,1.0,0.7368421052631579,0.02631578947368421,27,0.3157894736842105,0.21052631578947367,0.47368421052631576
2026-06-21 14:33:01,30,38,0,18,12,8,12,12,6,0,0,0,38,0.0,1.0,0.7894736842105263,0.0,30,0.3157894736842105,0.21052631578947367,0.47368421052631576
2026-06-21 14:48:01,33,38,0,18,12,8,11,12,10,0,0,0,38,0.0,1.0,0.868421052631579,0.0,33,0.3157894736842105,0.21052631578947367,0.47368421052631576
2026-06-21 15:03:02,41,38,0,18,12,8,11,21,9,0,0,0,38,0.0,1.0,1.0789473684210527,0.0,41,0.3157894736842105,0.21052631578947367,0.47368421052631576
2026-06-21 15:18:02,44,38,0,18,12,8,12,26,6,0,0,0,38,0.0,1.0,1.1578947368421053,0.0,44,0.3157894736842105,0.21052631578947367,0.47368421052631576
2026-06-21 15:33:02,35,38,0,18,12,8,12,14,9,0,0,0,38,0.0,1.0,0.9210526315789473,0.0,35,0.3157894736842105,0.21052631578947367,0.47368421052631576
2026-06-21 15:48:01,55,38,0,18,12,8,10,36,9,0,0,0,38,0.0,1.0,1.4473684210526316,0.0,55,0.3157894736842105,0.21052631578947367,0.47368421052631576
2026-06-21 16:03:01,52,38,0,18,12,8,11,20,21,0,0,0,38,0.0,1.0,1.368421052631579,0.0,52,0.3157894736842105,0.21052631578947367,0.47368421052631576
2026-06-21 16:18:01,41,38,0,18,12,8,17,15,9,0,0,0,38,0.0,1.0,1.0789473684210527,0.0,41,0.3157894736842105,0.21052631578947367,0.47368421052631576
2026-06-21 16:33:02,43,38,0,18,12,8,10,27,6,0,0,0,38,0.0,1.0,1.131578947368421,0.0,43,0.3157894736842105,0.21052631578947367,0.47368421052631576
2026-06-21 16:48:02,37,38,0,18,12,8,17,14,6,0,0,0,38,0.0,1.0,0.9736842105263158,0.0,37,0.3157894736842105,0.21052631578947367,0.47368421052631576
2026-06-21 17:03:01,51,38,0,18,12,8,19,21,10,1,0,0,38,0.0,1.0,1.3421052631578947,0.02631578947368421,50,0.3157894736842105,0.21052631578947367,0.47368421052631576
2026-06-21 17:18:01,41,38,0,18,12,8,12,23,6,0,0,0,38,0.0,1.0,1.0789473684210527,0.0,41,0.3157894736842105,0.21052631578947367,0.47368421052631576
2026-06-21 17:33:01,46,38,0,18,12,8,9,15,21,0,0,0,38,0.0,1.0,1.2105263157894737,0.0,45,0.3157894736842105,0.21052631578947367,0.47368421052631576
2026-06-21 17:48:01,34,38,0,18,12,8,17,11,6,0,0,0,38,0.0,1.0,0.8947368421052632,0.0,34,0.3157894736842105,0.21052631578947367,0.47368421052631576
2026-06-21 18:03:01,28,38,0,18,12,8,9,12,7,0,0,0,38,0.0,1.0,0.7368421052631579,0.0,28,0.3157894736842105,0.21052631578947367,0.47368421052631576
2026-06-21 18:18:01,28,38,0,18,12,8,9,12,6,1,0,0,38,0.0,1.0,0.7368421052631579,0.02631578947368421,27,0.3157894736842105,0.21052631578947367,0.47368421052631576
2026-06-21 18:33:01,36,38,0,18,12,8,9,16,10,1,0,0,38,0.0,1.0,0.9473684210526315,0.02631578947368421,35,0.3157894736842105,0.21052631578947367,0.47368421052631576
2026-06-21 18:48:01,30,38,0,18,12,8,11,10,9,0,0,0,38,0.0,1.0,0.7894736842105263,0.0,30,0.3157894736842105,0.21052631578947367,0.47368421052631576
2026-06-21 19:03:01,34,38,0,18,12,8,14,14,6,0,0,0,38,0.0,1.0,0.8947368421052632,0.0,34,0.3157894736842105,0.21052631578947367,0.47368421052631576
2026-06-21 19:18:01,33,38,0,18,12,8,15,12,6,0,0,0,38,0.0,1.0,0.868421052631579,0.0,33,0.3157894736842105,0.21052631578947367,0.47368421052631576
2026-06-21 19:33:01,29,38,0,18,12,8,11,11,6,1,0,0,38,0.0,1.0,0.7631578947368421,0.02631578947368421,28,0.3157894736842105,0.21052631578947367,0.47368421052631576
2026-06-21 19:48:01,36,38,0,18,12,8,13,12,7,0,0,0,38,0.0,1.0,0.9473684210526315,0.0,32,0.3157894736842105,0.21052631578947367,0.47368421052631576
2026-06-21 20:03:02,41,38,0,18,12,8,10,19,12,0,0,0,38,0.0,1.0,1.0789473684210527,0.0,41,0.3157894736842105,0.21052631578947367,0.47368421052631576
2026-06-21 20:18:02,38,38,0,18,12,8,12,17,9,0,0,0,38,0.0,1.0,1.0,0.0,38,0.3157894736842105,0.21052631578947367,0.47368421052631576
2026-06-21 20:33:01,36,38,0,18,12,8,12,17,7,0,0,0,38,0.0,1.0,0.9473684210526315,0.0,36,0.3157894736842105,0.21052631578947367,0.47368421052631576
2026-06-21 20:48:01,36,38,0,18,12,8,9,17,9,1,0,0,38,0.0,1.0,0.9473684210526315,0.02631578947368421,35,0.3157894736842105,0.21052631578947367,0.47368421052631576
2026-06-21 21:03:01,29,38,0,18,12,8,13,10,6,0,0,0,38,0.0,1.0,0.7631578947368421,0.0,29,0.3157894736842105,0.21052631578947367,0.47368421052631576
2026-06-21 21:18:01,37,38,0,18,12,8,14,15,7,1,0,0,38,0.0,1.0,0.9736842105263158,0.02631578947368421,36,0.3157894736842105,0.21052631578947367,0.47368421052631576
2026-06-21 21:33:01,45,38,0,18,12,8,18,21,6,0,0,0,38,0.0,1.0,1.1842105263157894,0.0,45,0.3157894736842105,0.21052631578947367,0.47368421052631576
2026-06-21 21:48:01,58,38,0,18,12,8,13,13,12,0,0,0,38,0.0,1.0,1.5263157894736843,0.0,38,0.3157894736842105,0.21052631578947367,0.47368421052631576
2026-06-21 22:03:01,38,38,0,18,12,8,11,21,6,0,0,0,38,0.0,1.0,1.0,0.0,38,0.3157894736842105,0.21052631578947367,0.47368421052631576
2026-06-21 22:18:01,39,38,0,18,12,8,17,15,6,1,0,0,38,0.0,1.0,1.0263157894736843,0.02631578947368421,38,0.3157894736842105,0.21052631578947367,0.47368421052631576
2026-06-21 22:33:01,48,38,0,18,12,8,17,12,19,0,0,0,38,0.0,1.0,1.263157894736842,0.0,48,0.3157894736842105,0.21052631578947367,0.47368421052631576
2026-06-21 22:48:01,44,38,0,18,12,8,20,12,8,1,0,0,38,0.0,1.0,1.1578947368421053,0.02631578947368421,40,0.3157894736842105,0.21052631578947367,0.47368421052631576
2026-06-21 23:03:02,25,38,0,18,12,8,10,9,6,0,0,0,38,0.0,1.0,0.6578947368421053,0.0,25,0.3157894736842105,0.21052631578947367,0.47368421052631576
2026-06-21 23:18:01,31,38,0,18,12,8,11,12,7,1,0,0,38,0.0,1.0,0.8157894736842105,0.02631578947368421,30,0.3157894736842105,0.21052631578947367,0.47368421052631576
2026-06-21 23:33:02,41,38,0,18,12,8,19,16,6,0,0,0,38,0.0,1.0,1.0789473684210527,0.0,41,0.3157894736842105,0.21052631578947367,0.47368421052631576
2026-06-21 23:48:01,37,38,0,18,12,8,11,18,7,0,0,0,38,0.0,1.0,0.9736842105263158,0.0,36,0.3157894736842105,0.21052631578947367,0.47368421052631576
2026-06-22 00:03:03,35,38,0,18,12,8,16,11,8,0,0,0,38,0.0,1.0,0.9210526315789473,0.0,35,0.3157894736842105,0.21052631578947367,0.47368421052631576
2026-06-22 00:18:01,37,38,0,18,12,8,12,16,9,0,0,0,38,0.0,1.0,0.9736842105263158,0.0,37,0.3157894736842105,0.21052631578947367,0.47368421052631576
2026-06-22 00:33:01,45,38,0,18,12,8,12,15,7,0,0,0,38,0.0,1.0,1.1842105263157894,0.0,34,0.3157894736842105,0.21052631578947367,0.47368421052631576
2026-06-22 00:48:01,29,38,0,18,12,8,14,9,6,0,0,0,38,0.0,1.0,0.7631578947368421,0.0,29,0.3157894736842105,0.21052631578947367,0.47368421052631576
2026-06-22 01:03:01,34,38,0,18,12,8,15,11,6,1,0,0,38,0.0,1.0,0.8947368421052632,0.02631578947368421,32,0.3157894736842105,0.21052631578947367,0.47368421052631576
2026-06-22 01:18:01,34,38,0,18,12,8,14,15,5,0,0,0,38,0.0,1.0,0.8947368421052632,0.0,34,0.3157894736842105,0.21052631578947367,0.47368421052631576
2026-06-22 01:33:01,34,38,0,18,12,8,10,17,6,1,0,0,38,0.0,1.0,0.8947368421052632,0.02631578947368421,33,0.3157894736842105,0.21052631578947367,0.47368421052631576
2026-06-22 01:48:01,51,37,1,18,12,7,12,16,23,3,1,0,38,0.02631578947368421,0.9736842105263158,1.3421052631578947,0.07894736842105263,51,0.3157894736842105,0.18421052631578946,0.47368421052631576
2026-06-22 02:03:02,29,38,0,18,12,8,9,10,10,0,0,0,38,0.0,1.0,0.7631578947368421,0.0,29,0.3157894736842105,0.21052631578947367,0.47368421052631576
2026-06-22 02:18:01,25,38,0,18,12,8,10,10,5,0,0,0,38,0.0,1.0,0.6578947368421053,0.0,25,0.3157894736842105,0.21052631578947367,0.47368421052631576
2026-06-22 02:33:01,35,38,0,18,12,8,10,12,12,1,0,0,38,0.0,1.0,0.9210526315789473,0.02631578947368421,34,0.3157894736842105,0.21052631578947367,0.47368421052631576
2026-06-22 02:48:01,46,38,0,18,12,8,14,13,19,0,0,0,38,0.0,1.0,1.2105263157894737,0.0,46,0.3157894736842105,0.21052631578947367,0.47368421052631576
2026-06-22 03:03:01,30,38,0,18,12,8,12,11,7,0,0,0,38,0.0,1.0,0.7894736842105263,0.0,30,0.3157894736842105,0.21052631578947367,0.47368421052631576
2026-06-22 03:18:01,31,38,0,18,12,8,9,11,7,1,0,0,38,0.0,1.0,0.8157894736842105,0.02631578947368421,27,0.3157894736842105,0.21052631578947367,0.47368421052631576
2026-06-22 03:33:01,31,38,0,18,12,8,9,13,8,1,0,0,38,0.0,1.0,0.8157894736842105,0.02631578947368421,30,0.3157894736842105,0.21052631578947367,0.47368421052631576
2026-06-22 03:48:01,34,38,0,18,12,8,11,17,6,0,0,0,38,0.0,1.0,0.8947368421052632,0.0,34,0.3157894736842105,0.21052631578947367,0.47368421052631576
2026-06-22 04:03:01,68,38,0,18,12,8,15,22,30,0,0,0,38,0.0,1.0,1.7894736842105263,0.0,67,0.3157894736842105,0.21052631578947367,0.47368421052631576
2026-06-22 04:18:04,35,38,0,18,12,8,11,19,5,0,0,0,38,0.0,1.0,0.9210526315789473,0.0,35,0.3157894736842105,0.21052631578947367,0.47368421052631576
2026-06-22 04:33:02,38,38,0,18,12,8,14,18,6,0,0,0,38,0.0,1.0,1.0,0.0,38,0.3157894736842105,0.21052631578947367,0.47368421052631576
2026-06-22 04:48:01,48,38,0,18,12,8,10,31,6,1,0,0,38,0.0,1.0,1.263157894736842,0.02631578947368421,47,0.3157894736842105,0.21052631578947367,0.47368421052631576
2026-06-22 05:03:01,40,38,0,18,12,8,18,15,7,0,0,0,38,0.0,1.0,1.0526315789473684,0.0,40,0.3157894736842105,0.21052631578947367,0.47368421052631576
2026-06-22 05:18:01,47,38,0,18,12,8,14,11,21,1,0,0,38,0.0,1.0,1.236842105263158,0.02631578947368421,46,0.3157894736842105,0.21052631578947367,0.47368421052631576
2026-06-22 05:33:01,47,38,0,18,12,8,9,29,8,1,0,0,38,0.0,1.0,1.236842105263158,0.02631578947368421,46,0.3157894736842105,0.21052631578947367,0.47368421052631576
2026-06-22 05:48:01,52,38,0,18,12,8,14,14,7,1,0,0,38,0.0,1.0,1.368421052631579,0.02631578947368421,35,0.3157894736842105,0.21052631578947367,0.47368421052631576
2026-06-22 06:03:02,39,38,0,18,12,8,10,10,19,0,0,0,38,0.0,1.0,1.0263157894736843,0.0,39,0.3157894736842105,0.21052631578947367,0.47368421052631576
2026-06-22 06:18:01,39,38,0,18,12,8,14,11,14,0,0,0,38,0.0,1.0,1.0263157894736843,0.0,39,0.3157894736842105,0.21052631578947367,0.47368421052631576
2026-06-22 06:33:01,42,38,0,18,12,8,9,23,9,1,0,0,38,0.0,1.0,1.105263157894737,0.02631578947368421,41,0.3157894736842105,0.21052631578947367,0.47368421052631576
2026-06-22 06:48:02,48,38,0,18,12,8,18,20,10,0,0,0,38,0.0,1.0,1.263157894736842,0.0,48,0.3157894736842105,0.21052631578947367,0.47368421052631576
2026-06-22 07:03:01,39,38,0,18,12,8,10,18,10,1,0,0,38,0.0,1.0,1.0263157894736843,0.02631578947368421,38,0.3157894736842105,0.21052631578947367,0.47368421052631576
2026-06-22 07:18:01,39,38,0,18,12,8,16,16,6,1,0,0,38,0.0,1.0,1.0263157894736843,0.02631578947368421,38,0.3157894736842105,0.21052631578947367,0.47368421052631576
2026-06-22 07:33:02,57,38,0,18,12,8,15,17,25,0,0,0,38,0.0,1.0,1.5,0.0,57,0.3157894736842105,0.21052631578947367,0.47368421052631576
2026-06-22 07:48:01,49,38,0,18,12,8,17,20,10,0,0,0,38,0.0,1.0,1.2894736842105263,0.0,47,0.3157894736842105,0.21052631578947367,0.47368421052631576
2026-06-22 08:03:02,34,38,0,18,12,8,11,16,7,0,0,0,38,0.0,1.0,0.8947368421052632,0.0,34,0.3157894736842105,0.21052631578947367,0.47368421052631576
2026-06-22 08:18:01,44,38,0,18,12,8,16,21,6,1,0,0,38,0.0,1.0,1.1578947368421053,0.02631578947368421,43,0.3157894736842105,0.21052631578947367,0.47368421052631576
2026-06-22 08:33:01,52,38,0,18,12,8,14,20,18,0,0,0,38,0.0,1.0,1.368421052631579,0.0,52,0.3157894736842105,0.21052631578947367,0.47368421052631576
2026-06-22 08:48:01,35,38,0,18,12,8,11,17,7,0,0,0,38,0.0,1.0,0.9210526315789473,0.0,35,0.3157894736842105,0.21052631578947367,0.47368421052631576
2026-06-22 09:03:02,34,38,0,18,12,8,11,15,8,0,0,0,38,0.0,1.0,0.8947368421052632,0.0,34,0.3157894736842105,0.21052631578947367,0.47368421052631576
2026-06-22 09:18:02,37,38,0,18,12,8,13,16,8,0,0,0,38,0.0,1.0,0.9736842105263158,0.0,37,0.3157894736842105,0.21052631578947367,0.47368421052631576
2026-06-22 09:33:02,42,38,0,18,12,8,18,18,6,0,0,0,38,0.0,1.0,1.105263157894737,0.0,42,0.3157894736842105,0.21052631578947367,0.47368421052631576
2026-06-22 09:48:01,50,38,0,18,12,8,20,14,15,1,0,0,38,0.0,1.0,1.3157894736842106,0.02631578947368421,49,0.3157894736842105,0.21052631578947367,0.47368421052631576
2026-06-22 10:03:02,56,38,0,18,12,8,14,21,21,0,0,0,38,0.0,1.0,1.4736842105263157,0.0,56,0.3157894736842105,0.21052631578947367,0.47368421052631576
2026-06-22 10:18:01,33,38,0,18,12,8,10,16,6,1,0,0,38,0.0,1.0,0.868421052631579,0.02631578947368421,32,0.3157894736842105,0.21052631578947367,0.47368421052631576
2026-06-22 10:33:01,53,38,0,18,12,8,15,15,7,0,0,0,38,0.0,1.0,1.394736842105263,0.0,37,0.3157894736842105,0.21052631578947367,0.47368421052631576
2026-06-22 10:48:02,50,38,0,18,12,8,12,16,22,0,0,0,38,0.0,1.0,1.3157894736842106,0.0,50,0.3157894736842105,0.21052631578947367,0.47368421052631576
2026-06-22 11:03:01,47,38,0,18,12,8,13,28,6,0,0,0,38,0.0,1.0,1.236842105263158,0.0,47,0.3157894736842105,0.21052631578947367,0.47368421052631576
2026-06-22 11:18:01,45,38,0,18,12,8,13,12,20,0,0,0,38,0.0,1.0,1.1842105263157894,0.0,45,0.3157894736842105,0.21052631578947367,0.47368421052631576
2026-06-22 11:33:01,54,38,0,18,12,8,11,16,25,1,0,0,38,0.0,1.0,1.4210526315789473,0.02631578947368421,52,0.3157894736842105,0.21052631578947367,0.47368421052631576
2026-06-22 11:48:01,27,38,0,18,12,8,10,11,6,0,0,0,38,0.0,1.0,0.7105263157894737,0.0,27,0.3157894736842105,0.21052631578947367,0.47368421052631576
2026-06-22 12:03:02,38,38,0,18,12,8,10,10,17,1,0,0,38,0.0,1.0,1.0,0.02631578947368421,37,0.3157894736842105,0.21052631578947367,0.47368421052631576
2026-06-22 12:18:01,34,38,0,18,12,8,14,14,6,0,0,0,38,0.0,1.0,0.8947368421052632,0.0,34,0.3157894736842105,0.21052631578947367,0.47368421052631576
2026-06-22 12:33:01,47,38,0,18,12,8,11,14,11,0,0,0,38,0.0,1.0,1.236842105263158,0.0,36,0.3157894736842105,0.21052631578947367,0.47368421052631576
2026-06-22 12:48:01,62,37,1,18,12,7,18,26,18,1,1,0,38,0.02631578947368421,0.9736842105263158,1.631578947368421,0.02631578947368421,62,0.3157894736842105,0.18421052631578946,0.47368421052631576
2026-06-22 13:03:01,58,38,0,18,12,8,18,19,21,0,0,0,38,0.0,1.0,1.5263157894736843,0.0,58,0.3157894736842105,0.21052631578947367,0.47368421052631576
2026-06-22 13:18:01,36,38,0,18,12,8,13,16,7,0,0,0,38,0.0,1.0,0.9473684210526315,0.0,36,0.3157894736842105,0.21052631578947367,0.47368421052631576
2026-06-22 13:33:01,39,38,0,18,12,8,13,17,9,0,0,0,38,0.0,1.0,1.0263157894736843,0.0,39,0.3157894736842105,0.21052631578947367,0.47368421052631576
2026-06-22 13:48:01,31,38,0,18,12,8,9,11,11,0,0,0,38,0.0,1.0,0.8157894736842105,0.0,31,0.3157894736842105,0.21052631578947367,0.47368421052631576
2026-06-22 14:03:01,42,38,0,18,12,8,9,16,16,1,0,0,38,0.0,1.0,1.105263157894737,0.02631578947368421,41,0.3157894736842105,0.21052631578947367,0.47368421052631576
2026-06-22 14:18:01,42,38,0,18,12,8,22,10,9,0,0,0,38,0.0,1.0,1.105263157894737,0.0,41,0.3157894736842105,0.21052631578947367,0.47368421052631576
2026-06-22 14:33:01,45,38,0,18,12,8,10,11,24,0,0,0,38,0.0,1.0,1.1842105263157894,0.0,45,0.3157894736842105,0.21052631578947367,0.47368421052631576
2026-06-22 14:48:01,28,38,0,18,12,8,12,10,6,0,0,0,38,0.0,1.0,0.7368421052631579,0.0,28,0.3157894736842105,0.21052631578947367,0.47368421052631576
2026-06-22 15:03:01,29,38,0,18,12,8,9,14,6,0,0,0,38,0.0,1.0,0.7631578947368421,0.0,29,0.3157894736842105,0.21052631578947367,0.47368421052631576
2026-06-22 15:18:01,49,38,0,18,12,8,9,10,29,1,0,0,38,0.0,1.0,1.2894736842105263,0.02631578947368421,48,0.3157894736842105,0.21052631578947367,0.47368421052631576
2026-06-22 15:33:01,31,38,0,18,12,8,13,10,8,0,0,0,38,0.0,1.0,0.8157894736842105,0.0,31,0.3157894736842105,0.21052631578947367,0.47368421052631576
2026-06-22 15:48:01,28,38,0,18,12,8,9,12,7,0,0,0,38,0.0,1.0,0.7368421052631579,0.0,28,0.3157894736842105,0.21052631578947367,0.47368421052631576
2026-06-22 16:03:01,48,38,0,18,12,8,14,16,17,0,0,0,38,0.0,1.0,1.263157894736842,0.0,47,0.3157894736842105,0.21052631578947367,0.47368421052631576
2026-06-22 16:18:02,52,38,0,18,12,8,11,18,22,1,0,0,38,0.0,1.0,1.368421052631579,0.02631578947368421,51,0.3157894736842105,0.21052631578947367,0.47368421052631576
2026-06-22 16:33:01,58,38,0,18,12,8,14,27,15,1,0,0,38,0.0,1.0,1.5263157894736843,0.02631578947368421,56,0.3157894736842105,0.21052631578947367,0.47368421052631576
2026-06-22 16:48:01,25,38,0,18,12,8,10,9,6,0,0,0,38,0.0,1.0,0.6578947368421053,0.0,25,0.3157894736842105,0.21052631578947367,0.47368421052631576
2026-06-22 17:03:01,34,38,0,18,12,8,14,14,6,0,0,0,38,0.0,1.0,0.8947368421052632,0.0,34,0.3157894736842105,0.21052631578947367,0.47368421052631576
2026-06-22 17:18:01,36,38,0,18,12,8,14,15,6,1,0,0,38,0.0,1.0,0.9473684210526315,0.02631578947368421,35,0.3157894736842105,0.21052631578947367,0.47368421052631576
2026-06-22 17:33:02,35,38,0,18,12,8,12,18,5,0,0,0,38,0.0,1.0,0.9210526315789473,0.0,35,0.3157894736842105,0.21052631578947367,0.47368421052631576
2026-06-22 17:48:01,34,38,0,18,12,8,14,12,8,0,0,0,38,0.0,1.0,0.8947368421052632,0.0,34,0.3157894736842105,0.21052631578947367,0.47368421052631576
2026-06-22 18:03:01,35,38,0,18,12,8,14,13,8,0,0,0,38,0.0,1.0,0.9210526315789473,0.0,35,0.3157894736842105,0.21052631578947367,0.47368421052631576
2026-06-22 18:18:01,49,38,0,18,12,8,15,28,6,0,0,0,38,0.0,1.0,1.2894736842105263,0.0,49,0.3157894736842105,0.21052631578947367,0.47368421052631576
2026-06-22 18:33:01,64,38,0,18,12,8,14,10,40,0,0,0,38,0.0,1.0,1.6842105263157894,0.0,64,0.3157894736842105,0.21052631578947367,0.47368421052631576
2026-06-22 18:48:01,36,38,0,18,12,8,14,16,6,0,0,0,38,0.0,1.0,0.9473684210526315,0.0,36,0.3157894736842105,0.21052631578947367,0.47368421052631576
2026-06-22 19:03:01,41,38,0,18,12,8,11,24,6,0,0,0,38,0.0,1.0,1.0789473684210527,0.0,41,0.3157894736842105,0.21052631578947367,0.47368421052631576
2026-06-22 19:18:01,31,38,0,18,12,8,14,11,6,0,0,0,38,0.0,1.0,0.8157894736842105,0.0,31,0.3157894736842105,0.21052631578947367,0.47368421052631576
2026-06-22 19:33:02,47,38,0,18,12,8,13,25,9,0,0,0,38,0.0,1.0,1.236842105263158,0.0,47,0.3157894736842105,0.21052631578947367,0.47368421052631576
2026-06-22 19:48:02,52,38,0,18,12,8,13,27,12,0,0,0,38,0.0,1.0,1.368421052631579,0.0,52,0.3157894736842105,0.21052631578947367,0.47368421052631576
2026-06-22 20:03:01,39,38,0,18,12,8,9,17,13,0,0,0,38,0.0,1.0,1.0263157894736843,0.0,39,0.3157894736842105,0.21052631578947367,0.47368421052631576
2026-06-22 20:18:01,33,38,0,18,12,8,13,12,8,0,0,0,38,0.0,1.0,0.868421052631579,0.0,33,0.3157894736842105,0.21052631578947367,0.47368421052631576
2026-06-22 20:33:01,55,38,0,18,12,8,13,13,28,1,0,0,38,0.0,1.0,1.4473684210526316,0.02631578947368421,54,0.3157894736842105,0.21052631578947367,0.47368421052631576
2026-06-22 20:48:01,29,38,0,18,12,8,13,10,6,0,0,0,38,0.0,1.0,0.7631578947368421,0.0,29,0.3157894736842105,0.21052631578947367,0.47368421052631576
2026-06-22 21:03:01,40,38,0,18,12,8,14,18,7,1,0,0,38,0.0,1.0,1.0526315789473684,0.02631578947368421,39,0.3157894736842105,0.21052631578947367,0.47368421052631576
2026-06-22 21:18:02,50,38,0,18,12,8,12,17,8,0,0,0,38,0.0,1.0,1.3157894736842106,0.0,37,0.3157894736842105,0.21052631578947367,0.47368421052631576
2026-06-22 21:33:01,34,38,0,18,12,8,9,17,7,1,0,0,38,0.0,1.0,0.8947368421052632,0.02631578947368421,33,0.3157894736842105,0.21052631578947367,0.47368421052631576
2026-06-22 21:48:01,44,38,0,18,12,8,21,12,10,1,0,0,38,0.0,1.0,1.1578947368421053,0.02631578947368421,43,0.3157894736842105,0.21052631578947367,0.47368421052631576
2026-06-22 22:03:01,37,38,0,18,12,8,9,19,8,1,0,0,38,0.0,1.0,0.9736842105263158,0.02631578947368421,36,0.3157894736842105,0.21052631578947367,0.47368421052631576
2026-06-22 22:18:02,32,38,0,18,12,8,10,16,6,0,0,0,38,0.0,1.0,0.8421052631578947,0.0,32,0.3157894736842105,0.21052631578947367,0.47368421052631576
2026-06-22 22:33:02,32,38,0,18,12,8,11,15,6,0,0,0,38,0.0,1.0,0.8421052631578947,0.0,32,0.3157894736842105,0.21052631578947367,0.47368421052631576
2026-06-22 22:48:01,43,38,0,18,12,8,17,20,5,1,0,0,38,0.0,1.0,1.131578947368421,0.02631578947368421,42,0.3157894736842105,0.21052631578947367,0.47368421052631576
2026-06-22 23:03:01,63,38,0,18,12,8,9,31,20,1,0,0,38,0.0,1.0,1.6578947368421053,0.02631578947368421,60,0.3157894736842105,0.21052631578947367,0.47368421052631576
2026-06-22 23:18:01,63,38,0,18,12,8,14,20,29,0,0,0,38,0.0,1.0,1.6578947368421053,0.0,63,0.3157894736842105,0.21052631578947367,0.47368421052631576
2026-06-22 23:33:01,64,38,0,18,12,8,16,18,30,0,0,0,38,0.0,1.0,1.6842105263157894,0.0,64,0.3157894736842105,0.21052631578947367,0.47368421052631576
2026-06-22 23:48:01,44,38,0,18,12,8,14,14,14,0,0,0,38,0.0,1.0,1.1578947368421053,0.0,42,0.3157894736842105,0.21052631578947367,0.47368421052631576
2026-06-23 00:03:03,34,38,0,18,12,8,11,15,7,1,0,0,38,0.0,1.0,0.8947368421052632,0.02631578947368421,33,0.3157894736842105,0.21052631578947367,0.47368421052631576
2026-06-23 00:18:01,37,38,0,18,12,8,12,16,9,0,0,0,38,0.0,1.0,0.9736842105263158,0.0,37,0.3157894736842105,0.21052631578947367,0.47368421052631576
2026-06-23 00:33:01,30,38,0,18,12,8,10,11,9,0,0,0,38,0.0,1.0,0.7894736842105263,0.0,30,0.3157894736842105,0.21052631578947367,0.47368421052631576
2026-06-23 00:48:02,36,38,0,18,12,8,14,15,7,0,0,0,38,0.0,1.0,0.9473684210526315,0.0,36,0.3157894736842105,0.21052631578947367,0.47368421052631576
2026-06-23 01:03:01,30,38,0,18,12,8,10,10,9,1,0,0,38,0.0,1.0,0.7894736842105263,0.02631578947368421,29,0.3157894736842105,0.21052631578947367,0.47368421052631576
2026-06-23 01:18:01,36,38,0,18,12,8,13,17,6,0,0,0,38,0.0,1.0,0.9473684210526315,0.0,36,0.3157894736842105,0.21052631578947367,0.47368421052631576
2026-06-23 01:33:02,40,38,0,18,12,8,16,14,6,0,0,0,38,0.0,1.0,1.0526315789473684,0.0,36,0.3157894736842105,0.21052631578947367,0.47368421052631576
2026-06-23 01:48:01,30,38,0,18,12,8,13,11,6,0,0,0,38,0.0,1.0,0.7894736842105263,0.0,30,0.3157894736842105,0.21052631578947367,0.47368421052631576
2026-06-23 02:03:01,44,38,0,18,12,8,13,24,6,1,0,0,38,0.0,1.0,1.1578947368421053,0.02631578947368421,43,0.3157894736842105,0.21052631578947367,0.47368421052631576
2026-06-23 02:18:01,33,38,0,18,12,8,15,12,6,0,0,0,38,0.0,1.0,0.868421052631579,0.0,33,0.3157894736842105,0.21052631578947367,0.47368421052631576
2026-06-23 02:33:01,55,38,0,18,12,8,13,14,28,0,0,0,38,0.0,1.0,1.4473684210526316,0.0,55,0.3157894736842105,0.21052631578947367,0.47368421052631576
2026-06-23 02:48:01,32,38,0,18,12,8,16,9,6,1,0,0,38,0.0,1.0,0.8421052631578947,0.02631578947368421,31,0.3157894736842105,0.21052631578947367,0.47368421052631576
2026-06-23 03:03:01,50,38,0,18,12,8,12,17,9,0,0,0,38,0.0,1.0,1.3157894736842106,0.0,38,0.3157894736842105,0.21052631578947367,0.47368421052631576
2026-06-23 03:18:02,48,38,0,18,12,8,16,20,12,0,0,0,38,0.0,1.0,1.263157894736842,0.0,48,0.3157894736842105,0.21052631578947367,0.47368421052631576
2026-06-23 03:33:01,54,38,0,18,12,8,12,19,12,0,0,0,38,0.0,1.0,1.4210526315789473,0.0,43,0.3157894736842105,0.21052631578947367,0.47368421052631576
2026-06-23 03:48:01,36,38,0,18,12,8,14,16,6,0,0,0,38,0.0,1.0,0.9473684210526315,0.0,36,0.3157894736842105,0.21052631578947367,0.47368421052631576
2026-06-23 04:03:01,30,38,0,18,12,8,12,12,6,0,0,0,38,0.0,1.0,0.7894736842105263,0.0,30,0.3157894736842105,0.21052631578947367,0.47368421052631576
2026-06-23 04:18:01,40,38,0,18,12,8,17,17,6,0,0,0,38,0.0,1.0,1.0526315789473684,0.0,40,0.3157894736842105,0.21052631578947367,0.47368421052631576
2026-06-23 04:33:01,32,38,0,18,12,8,10,16,6,0,0,0,38,0.0,1.0,0.8421052631578947,0.0,32,0.3157894736842105,0.21052631578947367,0.47368421052631576
2026-06-23 04:48:01,40,38,0,18,12,8,12,13,14,1,0,0,38,0.0,1.0,1.0526315789473684,0.02631578947368421,39,0.3157894736842105,0.21052631578947367,0.47368421052631576
2026-06-23 05:03:01,38,38,0,18,12,8,13,13,12,0,0,0,38,0.0,1.0,1.0,0.0,38,0.3157894736842105,0.21052631578947367,0.47368421052631576
2026-06-23 05:18:01,44,38,0,18,12,8,11,18,15,0,0,0,38,0.0,1.0,1.1578947368421053,0.0,44,0.3157894736842105,0.21052631578947367,0.47368421052631576
2026-06-23 05:33:01,35,38,0,18,12,8,11,16,7,1,0,0,38,0.0,1.0,0.9210526315789473,0.02631578947368421,34,0.3157894736842105,0.21052631578947367,0.47368421052631576
2026-06-23 05:48:01,32,38,0,18,12,8,12,12,8,0,0,0,38,0.0,1.0,0.8421052631578947,0.0,32,0.3157894736842105,0.21052631578947367,0.47368421052631576
2026-06-23 06:03:01,59,38,0,18,12,8,14,15,9,0,0,0,38,0.0,1.0,1.5526315789473684,0.0,38,0.3157894736842105,0.21052631578947367,0.47368421052631576
2026-06-23 06:18:02,32,38,0,18,12,8,9,13,10,0,0,0,38,0.0,1.0,0.8421052631578947,0.0,32,0.3157894736842105,0.21052631578947367,0.47368421052631576
2026-06-23 06:33:01,28,38,0,18,12,8,10,10,8,0,0,0,38,0.0,1.0,0.7368421052631579,0.0,28,0.3157894736842105,0.21052631578947367,0.47368421052631576
2026-06-23 06:48:01,39,38,0,18,12,8,14,20,5,0,0,0,38,0.0,1.0,1.0263157894736843,0.0,39,0.3157894736842105,0.21052631578947367,0.47368421052631576
2026-06-23 07:03:02,50,38,0,18,12,8,25,11,5,0,0,0,38,0.0,1.0,1.3157894736842106,0.0,41,0.3157894736842105,0.21052631578947367,0.47368421052631576
2026-06-23 07:18:01,41,38,0,18,12,8,11,16,13,1,0,0,38,0.0,1.0,1.0789473684210527,0.02631578947368421,40,0.3157894736842105,0.21052631578947367,0.47368421052631576
2026-06-23 07:33:02,34,38,0,18,12,8,8,16,10,0,0,0,38,0.0,1.0,0.8947368421052632,0.0,34,0.3157894736842105,0.21052631578947367,0.47368421052631576
2026-06-23 07:48:02,33,38,0,18,12,8,16,11,6,0,0,0,38,0.0,1.0,0.868421052631579,0.0,33,0.3157894736842105,0.21052631578947367,0.47368421052631576
2026-06-23 08:03:02,40,38,0,18,12,8,18,13,8,1,0,0,38,0.0,1.0,1.0526315789473684,0.02631578947368421,39,0.3157894736842105,0.21052631578947367,0.47368421052631576
2026-06-23 08:18:01,37,38,0,18,12,8,15,17,5,0,0,0,38,0.0,1.0,0.9736842105263158,0.0,37,0.3157894736842105,0.21052631578947367,0.47368421052631576
2026-06-23 08:33:01,51,38,0,18,12,8,14,13,8,0,0,0,38,0.0,1.0,1.3421052631578947,0.0,35,0.3157894736842105,0.21052631578947367,0.47368421052631576
2026-06-23 08:48:01,31,38,0,18,12,8,8,15,7,1,0,0,38,0.0,1.0,0.8157894736842105,0.02631578947368421,30,0.3157894736842105,0.21052631578947367,0.47368421052631576
2026-06-23 09:03:01,44,38,0,18,12,8,12,22,10,0,0,0,38,0.0,1.0,1.1578947368421053,0.0,44,0.3157894736842105,0.21052631578947367,0.47368421052631576
2026-06-23 09:18:02,29,38,0,18,12,8,9,14,5,1,0,0,38,0.0,1.0,0.7631578947368421,0.02631578947368421,28,0.3157894736842105,0.21052631578947367,0.47368421052631576
2026-06-23 09:33:01,37,38,0,18,12,8,12,15,10,0,0,0,38,0.0,1.0,0.9736842105263158,0.0,37,0.3157894736842105,0.21052631578947367,0.47368421052631576
2026-06-23 09:48:02,31,38,0,18,12,8,13,10,8,0,0,0,38,0.0,1.0,0.8157894736842105,0.0,31,0.3157894736842105,0.21052631578947367,0.47368421052631576
2026-06-23 10:03:01,36,38,0,18,12,8,8,21,7,0,0,0,38,0.0,1.0,0.9473684210526315,0.0,36,0.3157894736842105,0.21052631578947367,0.47368421052631576
2026-06-23 10:18:02,45,38,0,18,12,8,24,14,7,0,0,0,38,0.0,1.0,1.1842105263157894,0.0,45,0.3157894736842105,0.21052631578947367,0.47368421052631576
2026-06-23 10:33:01,49,38,0,18,12,8,9,20,20,0,0,0,38,0.0,1.0,1.2894736842105263,0.0,49,0.3157894736842105,0.21052631578947367,0.47368421052631576
2026-06-23 10:48:01,33,38,0,18,12,8,12,13,7,1,0,0,38,0.0,1.0,0.868421052631579,0.02631578947368421,32,0.3157894736842105,0.21052631578947367,0.47368421052631576
2026-06-23 11:03:01,42,38,0,18,12,8,17,19,6,0,0,0,38,0.0,1.0,1.105263157894737,0.0,42,0.3157894736842105,0.21052631578947367,0.47368421052631576
2026-06-23 11:18:02,44,38,0,18,12,8,10,14,19,1,0,0,38,0.0,1.0,1.1578947368421053,0.02631578947368421,43,0.3157894736842105,0.21052631578947367,0.47368421052631576
2026-06-23 11:33:01,31,38,0,18,12,8,11,11,8,1,0,0,38,0.0,1.0,0.8157894736842105,0.02631578947368421,30,0.3157894736842105,0.21052631578947367,0.47368421052631576
2026-06-23 11:48:02,27,38,0,18,12,8,11,10,6,0,0,0,38,0.0,1.0,0.7105263157894737,0.0,27,0.3157894736842105,0.21052631578947367,0.47368421052631576
2026-06-23 12:03:01,33,38,0,18,12,8,10,10,12,1,0,0,38,0.0,1.0,0.868421052631579,0.02631578947368421,32,0.3157894736842105,0.21052631578947367,0.47368421052631576
2026-06-23 12:18:01,46,38,0,18,12,8,12,11,6,0,0,0,38,0.0,1.0,1.2105263157894737,0.0,29,0.3157894736842105,0.21052631578947367,0.47368421052631576
2026-06-23 12:33:01,41,38,0,18,12,8,8,15,17,1,0,0,38,0.0,1.0,1.0789473684210527,0.02631578947368421,40,0.3157894736842105,0.21052631578947367,0.47368421052631576
2026-06-23 12:48:02,45,38,0,18,12,8,8,18,19,0,0,0,38,0.0,1.0,1.1842105263157894,0.0,45,0.3157894736842105,0.21052631578947367,0.47368421052631576
2026-06-23 13:03:01,44,38,0,18,12,8,13,22,6,0,0,0,38,0.0,1.0,1.1578947368421053,0.0,41,0.3157894736842105,0.21052631578947367,0.47368421052631576
2026-06-23 13:18:01,43,38,0,18,12,8,14,20,9,0,0,0,38,0.0,1.0,1.131578947368421,0.0,43,0.3157894736842105,0.21052631578947367,0.47368421052631576
2026-06-23 13:33:01,37,38,0,18,12,8,12,11,14,0,0,0,38,0.0,1.0,0.9736842105263158,0.0,37,0.3157894736842105,0.21052631578947367,0.47368421052631576
2026-06-23 13:48:01,29,38,0,18,12,8,12,10,7,0,0,0,38,0.0,1.0,0.7631578947368421,0.0,29,0.3157894736842105,0.21052631578947367,0.47368421052631576
2026-06-23 14:03:03,45,38,0,18,12,8,17,20,7,1,0,0,38,0.0,1.0,1.1842105263157894,0.02631578947368421,44,0.3157894736842105,0.21052631578947367,0.47368421052631576
2026-06-23 14:18:01,34,38,0,18,12,8,11,18,5,0,0,0,38,0.0,1.0,0.8947368421052632,0.0,34,0.3157894736842105,0.21052631578947367,0.47368421052631576
2026-06-23 14:33:02,34,38,0,18,12,8,12,13,9,0,0,0,38,0.0,1.0,0.8947368421052632,0.0,34,0.3157894736842105,0.21052631578947367,0.47368421052631576
2026-06-23 14:48:02,42,38,0,18,12,8,17,15,9,1,0,0,38,0.0,1.0,1.105263157894737,0.02631578947368421,41,0.3157894736842105,0.21052631578947367,0.47368421052631576
2026-06-23 15:03:01,34,38,0,18,12,8,10,17,7,0,0,0,38,0.0,1.0,0.8947368421052632,0.0,34,0.3157894736842105,0.21052631578947367,0.47368421052631576
2026-06-23 15:18:01,40,38,0,18,12,8,15,17,7,1,0,0,38,0.0,1.0,1.0526315789473684,0.02631578947368421,39,0.3157894736842105,0.21052631578947367,0.47368421052631576
2026-06-23 15:33:01,42,38,0,18,12,8,12,20,10,0,0,0,38,0.0,1.0,1.105263157894737,0.0,42,0.3157894736842105,0.21052631578947367,0.47368421052631576
2026-06-23 15:48:02,39,38,0,18,12,8,15,15,8,1,0,0,38,0.0,1.0,1.0263157894736843,0.02631578947368421,38,0.3157894736842105,0.21052631578947367,0.47368421052631576
2026-06-23 16:03:01,57,38,0,18,12,8,24,26,6,1,0,0,38,0.0,1.0,1.5,0.02631578947368421,56,0.3157894736842105,0.21052631578947367,0.47368421052631576
2026-06-23 16:18:01,27,38,0,18,12,8,9,11,6,1,0,0,38,0.0,1.0,0.7105263157894737,0.02631578947368421,26,0.3157894736842105,0.21052631578947367,0.47368421052631576
2026-06-23 16:33:01,45,38,0,18,12,8,10,16,18,1,0,0,38,0.0,1.0,1.1842105263157894,0.02631578947368421,44,0.3157894736842105,0.21052631578947367,0.47368421052631576
2026-06-23 16:48:01,53,38,0,18,12,8,12,25,7,0,0,0,38,0.0,1.0,1.394736842105263,0.0,44,0.3157894736842105,0.21052631578947367,0.47368421052631576
2026-06-23 17:03:01,39,38,0,18,12,8,23,10,6,0,0,0,38,0.0,1.0,1.0263157894736843,0.0,39,0.3157894736842105,0.21052631578947367,0.47368421052631576
2026-06-23 17:18:01,48,38,0,18,12,8,15,19,13,1,0,0,38,0.0,1.0,1.263157894736842,0.02631578947368421,47,0.3157894736842105,0.21052631578947367,0.47368421052631576
2026-06-23 17:33:01,40,38,0,18,12,8,18,16,6,0,0,0,38,0.0,1.0,1.0526315789473684,0.0,40,0.3157894736842105,0.21052631578947367,0.47368421052631576
2026-06-23 17:48:01,33,38,0,18,12,8,10,10,13,0,0,0,38,0.0,1.0,0.868421052631579,0.0,33,0.3157894736842105,0.21052631578947367,0.47368421052631576
2026-06-23 18:03:02,45,38,0,18,12,8,12,12,21,0,0,0,38,0.0,1.0,1.1842105263157894,0.0,45,0.3157894736842105,0.21052631578947367,0.47368421052631576
2026-06-23 18:18:02,38,38,0,18,12,8,8,18,12,0,0,0,38,0.0,1.0,1.0,0.0,38,0.3157894736842105,0.21052631578947367,0.47368421052631576
2026-06-23 18:33:01,33,38,0,18,12,8,13,12,7,1,0,0,38,0.0,1.0,0.868421052631579,0.02631578947368421,32,0.3157894736842105,0.21052631578947367,0.47368421052631576
2026-06-23 18:48:01,50,38,0,18,12,8,13,14,23,0,0,0,38,0.0,1.0,1.3157894736842106,0.0,50,0.3157894736842105,0.21052631578947367,0.47368421052631576
2026-06-23 19:03:01,39,38,0,18,12,8,13,16,9,1,0,0,38,0.0,1.0,1.0263157894736843,0.02631578947368421,38,0.3157894736842105,0.21052631578947367,0.47368421052631576
2026-06-23 19:18:01,30,38,0,18,12,8,10,13,6,1,0,0,38,0.0,1.0,0.7894736842105263,0.02631578947368421,29,0.3157894736842105,0.21052631578947367,0.47368421052631576
2026-06-23 19:33:01,34,38,0,18,12,8,9,18,6,1,0,0,38,0.0,1.0,0.8947368421052632,0.02631578947368421,33,0.3157894736842105,0.21052631578947367,0.47368421052631576
2026-06-23 19:48:01,29,38,0,18,12,8,8,13,7,1,0,0,38,0.0,1.0,0.7631578947368421,0.02631578947368421,28,0.3157894736842105,0.21052631578947367,0.47368421052631576
2026-06-23 20:03:01,38,38,0,18,12,8,10,22,6,0,0,0,38,0.0,1.0,1.0,0.0,38,0.3157894736842105,0.21052631578947367,0.47368421052631576
2026-06-23 20:18:01,25,38,0,18,12,8,9,10,6,0,0,0,38,0.0,1.0,0.6578947368421053,0.0,25,0.3157894736842105,0.21052631578947367,0.47368421052631576
2026-06-23 20:33:01,36,38,0,18,12,8,9,14,6,0,0,0,38,0.0,1.0,0.9473684210526315,0.0,29,0.3157894736842105,0.21052631578947367,0.47368421052631576
2026-06-23 20:48:01,31,38,0,18,12,8,11,15,5,0,0,0,38,0.0,1.0,0.8157894736842105,0.0,31,0.3157894736842105,0.21052631578947367,0.47368421052631576
2026-06-23 21:03:01,41,38,0,18,12,8,13,11,17,0,0,0,38,0.0,1.0,1.0789473684210527,0.0,41,0.3157894736842105,0.21052631578947367,0.47368421052631576
2026-06-23 21:18:01,40,38,0,18,12,8,12,19,8,1,0,0,38,0.0,1.0,1.0526315789473684,0.02631578947368421,39,0.3157894736842105,0.21052631578947367,0.47368421052631576
2026-06-23 21:33:01,52,38,0,18,12,8,18,14,19,1,0,0,38,0.0,1.0,1.368421052631579,0.02631578947368421,51,0.3157894736842105,0.21052631578947367,0.47368421052631576
2026-06-23 21:48:01,27,38,0,18,12,8,9,11,6,1,0,0,38,0.0,1.0,0.7105263157894737,0.02631578947368421,26,0.3157894736842105,0.21052631578947367,0.47368421052631576
2026-06-23 22:03:01,28,38,0,18,12,8,13,9,6,0,0,0,38,0.0,1.0,0.7368421052631579,0.0,28,0.3157894736842105,0.21052631578947367,0.47368421052631576
2026-06-23 22:18:01,51,38,0,18,12,8,14,27,9,1,0,0,38,0.0,1.0,1.3421052631578947,0.02631578947368421,50,0.3157894736842105,0.21052631578947367,0.47368421052631576
2026-06-23 22:33:02,39,38,0,18,12,8,13,12,14,0,0,0,38,0.0,1.0,1.0263157894736843,0.0,39,0.3157894736842105,0.21052631578947367,0.47368421052631576
2026-06-23 22:48:02,49,38,0,18,12,8,15,15,18,1,0,0,38,0.0,1.0,1.2894736842105263,0.02631578947368421,48,0.3157894736842105,0.21052631578947367,0.47368421052631576
2026-06-23 23:03:01,28,38,0,18,12,8,9,11,7,1,0,0,38,0.0,1.0,0.7368421052631579,0.02631578947368421,27,0.3157894736842105,0.21052631578947367,0.47368421052631576
2026-06-23 23:18:01,45,38,0,18,12,8,10,16,7,0,0,0,38,0.0,1.0,1.1842105263157894,0.0,33,0.3157894736842105,0.21052631578947367,0.47368421052631576
2026-06-23 23:33:01,37,38,0,18,12,8,12,18,6,1,0,0,38,0.0,1.0,0.9736842105263158,0.02631578947368421,36,0.3157894736842105,0.21052631578947367,0.47368421052631576
2026-06-23 23:48:01,41,38,0,18,12,8,12,15,14,0,0,0,38,0.0,1.0,1.0789473684210527,0.0,41,0.3157894736842105,0.21052631578947367,0.47368421052631576
2026-06-24 00:03:04,35,38,0,18,12,8,9,18,7,1,0,0,38,0.0,1.0,0.9210526315789473,0.02631578947368421,34,0.3157894736842105,0.21052631578947367,0.47368421052631576
2026-06-24 00:18:01,33,38,0,18,12,8,13,12,7,1,0,0,38,0.0,1.0,0.868421052631579,0.02631578947368421,32,0.3157894736842105,0.21052631578947367,0.47368421052631576
2026-06-24 00:33:01,41,38,0,18,12,8,14,18,8,1,0,0,38,0.0,1.0,1.0789473684210527,0.02631578947368421,40,0.3157894736842105,0.21052631578947367,0.47368421052631576
2026-06-24 00:48:01,40,38,0,18,12,8,10,23,6,1,0,0,38,0.0,1.0,1.0526315789473684,0.02631578947368421,39,0.3157894736842105,0.21052631578947367,0.47368421052631576
2026-06-24 01:03:01,29,38,0,18,12,8,10,13,6,0,0,0,38,0.0,1.0,0.7631578947368421,0.0,29,0.3157894736842105,0.21052631578947367,0.47368421052631576
2026-06-24 01:18:01,42,38,0,18,12,8,25,11,6,0,0,0,38,0.0,1.0,1.105263157894737,0.0,42,0.3157894736842105,0.21052631578947367,0.47368421052631576
2026-06-24 01:33:01,29,38,0,18,12,8,12,11,5,1,0,0,38,0.0,1.0,0.7631578947368421,0.02631578947368421,28,0.3157894736842105,0.21052631578947367,0.47368421052631576
2026-06-24 01:48:01,33,38,0,18,12,8,10,16,7,0,0,0,38,0.0,1.0,0.868421052631579,0.0,33,0.3157894736842105,0.21052631578947367,0.47368421052631576
2026-06-24 02:03:01,31,38,0,18,12,8,9,15,7,0,0,0,38,0.0,1.0,0.8157894736842105,0.0,31,0.3157894736842105,0.21052631578947367,0.47368421052631576
2026-06-24 02:18:01,48,38,0,18,12,8,13,25,9,0,0,0,38,0.0,1.0,1.263157894736842,0.0,47,0.3157894736842105,0.21052631578947367,0.47368421052631576
2026-06-24 02:33:02,55,38,0,18,12,8,13,34,8,0,0,0,38,0.0,1.0,1.4473684210526316,0.0,55,0.3157894736842105,0.21052631578947367,0.47368421052631576
2026-06-24 02:48:01,41,38,0,18,12,8,17,11,13,0,0,0,38,0.0,1.0,1.0789473684210527,0.0,41,0.3157894736842105,0.21052631578947367,0.47368421052631576
2026-06-24 03:03:01,45,38,0,18,12,8,12,21,11,0,0,0,38,0.0,1.0,1.1842105263157894,0.0,44,0.3157894736842105,0.21052631578947367,0.47368421052631576
2026-06-24 03:18:02,36,38,0,18,12,8,15,16,5,0,0,0,38,0.0,1.0,0.9473684210526315,0.0,36,0.3157894736842105,0.21052631578947367,0.47368421052631576
2026-06-24 03:33:02,42,38,0,18,12,8,10,21,11,0,0,0,38,0.0,1.0,1.105263157894737,0.0,42,0.3157894736842105,0.21052631578947367,0.47368421052631576
2026-06-24 03:48:01,36,38,0,18,12,8,13,16,7,0,0,0,38,0.0,1.0,0.9473684210526315,0.0,36,0.3157894736842105,0.21052631578947367,0.47368421052631576
2026-06-24 04:03:01,39,38,0,18,12,8,15,18,6,0,0,0,38,0.0,1.0,1.0263157894736843,0.0,39,0.3157894736842105,0.21052631578947367,0.47368421052631576
2026-06-24 04:18:02,48,38,0,18,12,8,10,20,18,0,0,0,38,0.0,1.0,1.263157894736842,0.0,48,0.3157894736842105,0.21052631578947367,0.47368421052631576
2026-06-24 04:33:02,26,38,0,18,12,8,10,11,5,0,0,0,38,0.0,1.0,0.6842105263157895,0.0,26,0.3157894736842105,0.21052631578947367,0.47368421052631576
2026-06-24 04:48:01,50,38,0,18,12,8,16,12,22,0,0,0,38,0.0,1.0,1.3157894736842106,0.0,50,0.3157894736842105,0.21052631578947367,0.47368421052631576
2026-06-24 05:03:02,39,38,0,18,12,8,12,13,14,0,0,0,38,0.0,1.0,1.0263157894736843,0.0,39,0.3157894736842105,0.21052631578947367,0.47368421052631576
2026-06-24 05:18:01,42,38,0,18,12,8,17,19,6,0,0,0,38,0.0,1.0,1.105263157894737,0.0,42,0.3157894736842105,0.21052631578947367,0.47368421052631576
2026-06-24 05:33:02,35,38,0,18,12,8,9,20,6,0,0,0,38,0.0,1.0,0.9210526315789473,0.0,35,0.3157894736842105,0.21052631578947367,0.47368421052631576
2026-06-24 05:48:01,38,38,0,18,12,8,16,17,5,0,0,0,38,0.0,1.0,1.0,0.0,38,0.3157894736842105,0.21052631578947367,0.47368421052631576
2026-06-24 06:03:01,33,38,0,18,12,8,12,14,7,0,0,0,38,0.0,1.0,0.868421052631579,0.0,33,0.3157894736842105,0.21052631578947367,0.47368421052631576
2026-06-24 06:18:01,42,38,0,18,12,8,14,17,11,0,0,0,38,0.0,1.0,1.105263157894737,0.0,42,0.3157894736842105,0.21052631578947367,0.47368421052631576
2026-06-24 06:33:01,53,38,0,18,12,8,13,13,27,0,0,0,38,0.0,1.0,1.394736842105263,0.0,53,0.3157894736842105,0.21052631578947367,0.47368421052631576
2026-06-24 06:48:02,32,38,0,18,12,8,13,13,6,0,0,0,38,0.0,1.0,0.8421052631578947,0.0,32,0.3157894736842105,0.21052631578947367,0.47368421052631576
2026-06-24 07:03:01,31,38,0,18,12,8,10,13,8,0,0,0,38,0.0,1.0,0.8157894736842105,0.0,31,0.3157894736842105,0.21052631578947367,0.47368421052631576
2026-06-24 07:18:01,34,38,0,18,12,8,10,12,12,0,0,0,38,0.0,1.0,0.8947368421052632,0.0,34,0.3157894736842105,0.21052631578947367,0.47368421052631576
2026-06-24 07:33:02,41,38,0,18,12,8,17,18,6,0,0,0,38,0.0,1.0,1.0789473684210527,0.0,41,0.3157894736842105,0.21052631578947367,0.47368421052631576
2026-06-24 07:48:02,37,38,0,18,12,8,15,11,11,0,0,0,38,0.0,1.0,0.9736842105263158,0.0,37,0.3157894736842105,0.21052631578947367,0.47368421052631576
2026-06-24 08:03:01,35,38,0,18,12,8,13,11,10,1,0,0,38,0.0,1.0,0.9210526315789473,0.02631578947368421,34,0.3157894736842105,0.21052631578947367,0.47368421052631576
2026-06-24 08:18:01,25,38,0,18,12,8,9,10,6,0,0,0,38,0.0,1.0,0.6578947368421053,0.0,25,0.3157894736842105,0.21052631578947367,0.47368421052631576
2026-06-24 08:33:02,41,38,0,18,12,8,19,12,10,0,0,0,38,0.0,1.0,1.0789473684210527,0.0,41,0.3157894736842105,0.21052631578947367,0.47368421052631576
2026-06-24 08:48:01,31,38,0,18,12,8,12,12,6,1,0,0,38,0.0,1.0,0.8157894736842105,0.02631578947368421,30,0.3157894736842105,0.21052631578947367,0.47368421052631576
2026-06-24 09:03:01,44,38,0,18,12,8,25,12,6,0,0,0,38,0.0,1.0,1.1578947368421053,0.0,43,0.3157894736842105,0.21052631578947367,0.47368421052631576
2026-06-24 09:18:01,57,38,0,18,12,8,10,29,18,0,0,0,38,0.0,1.0,1.5,0.0,57,0.3157894736842105,0.21052631578947367,0.47368421052631576
2026-06-24 09:33:01,32,38,0,18,12,8,9,16,7,0,0,0,38,0.0,1.0,0.8421052631578947,0.0,32,0.3157894736842105,0.21052631578947367,0.47368421052631576
2026-06-24 09:48:01,46,38,0,18,12,8,9,15,21,1,0,0,38,0.0,1.0,1.2105263157894737,0.02631578947368421,45,0.3157894736842105,0.21052631578947367,0.47368421052631576
2026-06-24 10:03:01,32,38,0,18,12,8,11,15,6,0,0,0,38,0.0,1.0,0.8421052631578947,0.0,32,0.3157894736842105,0.21052631578947367,0.47368421052631576
2026-06-24 10:18:02,28,38,0,18,12,8,9,12,7,0,0,0,38,0.0,1.0,0.7368421052631579,0.0,28,0.3157894736842105,0.21052631578947367,0.47368421052631576
2026-06-24 10:33:01,33,38,0,18,12,8,12,14,7,0,0,0,38,0.0,1.0,0.868421052631579,0.0,33,0.3157894736842105,0.21052631578947367,0.47368421052631576
2026-06-24 10:48:01,34,38,0,18,12,8,15,10,9,0,0,0,38,0.0,1.0,0.8947368421052632,0.0,34,0.3157894736842105,0.21052631578947367,0.47368421052631576
2026-06-24 11:03:01,30,38,0,18,12,8,9,14,6,1,0,0,38,0.0,1.0,0.7894736842105263,0.02631578947368421,29,0.3157894736842105,0.21052631578947367,0.47368421052631576
2026-06-24 11:18:03,44,38,0,18,12,8,9,17,18,0,0,0,38,0.0,1.0,1.1578947368421053,0.0,44,0.3157894736842105,0.21052631578947367,0.47368421052631576
2026-06-24 11:33:01,49,38,0,18,12,8,14,26,9,0,0,0,38,0.0,1.0,1.2894736842105263,0.0,49,0.3157894736842105,0.21052631578947367,0.47368421052631576
2026-06-24 11:48:02,42,38,0,18,12,8,17,13,12,0,0,0,38,0.0,1.0,1.105263157894737,0.0,42,0.3157894736842105,0.21052631578947367,0.47368421052631576
2026-06-24 12:03:07,57,38,0,18,12,8,17,17,23,0,0,0,38,0.0,1.0,1.5,0.0,57,0.3157894736842105,0.21052631578947367,0.47368421052631576
2026-06-24 12:18:01,38,38,0,18,12,8,15,16,6,1,0,0,38,0.0,1.0,1.0,0.02631578947368421,37,0.3157894736842105,0.21052631578947367,0.47368421052631576
2026-06-24 12:33:01,56,38,0,18,12,8,12,12,32,0,0,0,38,0.0,1.0,1.4736842105263157,0.0,56,0.3157894736842105,0.21052631578947367,0.47368421052631576
2026-06-24 12:48:01,32,38,0,18,12,8,14,11,6,1,0,0,38,0.0,1.0,0.8421052631578947,0.02631578947368421,31,0.3157894736842105,0.21052631578947367,0.47368421052631576
2026-06-24 13:03:02,54,38,0,18,12,8,8,35,11,0,0,0,38,0.0,1.0,1.4210526315789473,0.0,54,0.3157894736842105,0.21052631578947367,0.47368421052631576
2026-06-24 13:18:01,67,38,0,18,12,8,15,29,22,1,0,0,38,0.0,1.0,1.763157894736842,0.02631578947368421,66,0.3157894736842105,0.21052631578947367,0.47368421052631576
2026-06-24 13:33:03,41,38,0,18,12,8,20,15,6,0,0,0,38,0.0,1.0,1.0789473684210527,0.0,41,0.3157894736842105,0.21052631578947367,0.47368421052631576
2026-06-24 13:48:01,53,37,1,18,12,7,11,15,26,4,1,0,38,0.02631578947368421,0.9736842105263158,1.394736842105263,0.10526315789473684,52,0.3157894736842105,0.18421052631578946,0.47368421052631576
2026-06-24 14:03:01,52,38,0,18,12,8,8,21,23,0,0,0,38,0.0,1.0,1.368421052631579,0.0,52,0.3157894736842105,0.21052631578947367,0.47368421052631576
2026-06-24 14:18:01,38,38,0,18,12,8,11,20,6,1,0,0,38,0.0,1.0,1.0,0.02631578947368421,37,0.3157894736842105,0.21052631578947367,0.47368421052631576
2026-06-24 14:33:01,34,38,0,18,12,8,14,14,6,0,0,0,38,0.0,1.0,0.8947368421052632,0.0,34,0.3157894736842105,0.21052631578947367,0.47368421052631576
2026-06-24 14:48:01,47,38,0,18,12,8,16,11,19,1,0,0,38,0.0,1.0,1.236842105263158,0.02631578947368421,46,0.3157894736842105,0.21052631578947367,0.47368421052631576
2026-06-24 15:03:02,28,38,0,18,12,8,10,11,7,0,0,0,38,0.0,1.0,0.7368421052631579,0.0,28,0.3157894736842105,0.21052631578947367,0.47368421052631576
2026-06-24 15:18:01,33,38,0,18,12,8,8,16,8,0,0,0,38,0.0,1.0,0.868421052631579,0.0,32,0.3157894736842105,0.21052631578947367,0.47368421052631576
2026-06-24 15:33:01,51,38,0,18,12,8,15,23,13,0,0,0,38,0.0,1.0,1.3421052631578947,0.0,51,0.3157894736842105,0.21052631578947367,0.47368421052631576
2026-06-24 15:48:02,61,38,0,18,12,8,14,39,8,0,0,0,38,0.0,1.0,1.605263157894737,0.0,61,0.3157894736842105,0.21052631578947367,0.47368421052631576
2026-06-24 16:03:02,35,38,0,18,12,8,12,18,5,0,0,0,38,0.0,1.0,0.9210526315789473,0.0,35,0.3157894736842105,0.21052631578947367,0.47368421052631576
2026-06-24 16:18:01,39,38,0,18,12,8,10,15,11,1,0,0,38,0.0,1.0,1.0263157894736843,0.02631578947368421,36,0.3157894736842105,0.21052631578947367,0.47368421052631576
2026-06-24 16:33:01,46,38,0,18,12,8,11,16,19,0,0,0,38,0.0,1.0,1.2105263157894737,0.0,46,0.3157894736842105,0.21052631578947367,0.47368421052631576
2026-06-24 16:48:01,34,38,0,18,12,8,17,11,6,0,0,0,38,0.0,1.0,0.8947368421052632,0.0,34,0.3157894736842105,0.21052631578947367,0.47368421052631576
2026-06-24 17:03:02,39,38,0,18,12,8,13,21,5,0,0,0,38,0.0,1.0,1.0263157894736843,0.0,39,0.3157894736842105,0.21052631578947367,0.47368421052631576
2026-06-24 17:18:01,35,38,0,18,12,8,15,13,7,0,0,0,38,0.0,1.0,0.9210526315789473,0.0,35,0.3157894736842105,0.21052631578947367,0.47368421052631576
2026-06-24 17:33:04,47,38,0,18,12,8,12,16,18,1,0,0,38,0.0,1.0,1.236842105263158,0.02631578947368421,46,0.3157894736842105,0.21052631578947367,0.47368421052631576
2026-06-24 17:48:01,31,38,0,18,12,8,12,12,7,0,0,0,38,0.0,1.0,0.8157894736842105,0.0,31,0.3157894736842105,0.21052631578947367,0.47368421052631576
2026-06-24 18:03:01,45,38,0,18,12,8,11,23,10,1,0,0,38,0.0,1.0,1.1842105263157894,0.02631578947368421,44,0.3157894736842105,0.21052631578947367,0.47368421052631576
2026-06-24 18:18:01,38,38,0,18,12,8,14,18,6,0,0,0,38,0.0,1.0,1.0,0.0,38,0.3157894736842105,0.21052631578947367,0.47368421052631576
2026-06-24 18:33:01,36,38,0,18,12,8,9,22,5,0,0,0,38,0.0,1.0,0.9473684210526315,0.0,36,0.3157894736842105,0.21052631578947367,0.47368421052631576
2026-06-24 18:48:01,41,38,0,18,12,8,16,19,6,0,0,0,38,0.0,1.0,1.0789473684210527,0.0,41,0.3157894736842105,0.21052631578947367,0.47368421052631576
2026-06-24 19:03:01,37,38,0,18,12,8,17,13,6,0,0,0,38,0.0,1.0,0.9736842105263158,0.0,36,0.3157894736842105,0.21052631578947367,0.47368421052631576
2026-06-24 19:18:01,37,38,0,18,12,8,16,12,9,0,0,0,38,0.0,1.0,0.9736842105263158,0.0,37,0.3157894736842105,0.21052631578947367,0.47368421052631576
2026-06-24 19:33:01,37,38,0,18,12,8,13,17,7,0,0,0,38,0.0,1.0,0.9736842105263158,0.0,37,0.3157894736842105,0.21052631578947367,0.47368421052631576
2026-06-24 19:48:01,32,38,0,18,12,8,14,9,9,0,0,0,38,0.0,1.0,0.8421052631578947,0.0,32,0.3157894736842105,0.21052631578947367,0.47368421052631576
2026-06-24 20:03:01,36,38,0,18,12,8,19,10,6,1,0,0,38,0.0,1.0,0.9473684210526315,0.02631578947368421,35,0.3157894736842105,0.21052631578947367,0.47368421052631576
2026-06-24 20:18:02,49,38,0,18,12,8,20,21,8,0,0,0,38,0.0,1.0,1.2894736842105263,0.0,49,0.3157894736842105,0.21052631578947367,0.47368421052631576
2026-06-24 20:33:01,34,38,0,18,12,8,9,13,12,0,0,0,38,0.0,1.0,0.8947368421052632,0.0,34,0.3157894736842105,0.21052631578947367,0.47368421052631576
2026-06-24 20:48:02,36,38,0,18,12,8,13,17,6,0,0,0,38,0.0,1.0,0.9473684210526315,0.0,36,0.3157894736842105,0.21052631578947367,0.47368421052631576
2026-06-24 21:03:01,46,38,0,18,12,8,12,21,12,1,0,0,38,0.0,1.0,1.2105263157894737,0.02631578947368421,45,0.3157894736842105,0.21052631578947367,0.47368421052631576
2026-06-24 21:18:01,63,38,0,18,12,8,16,22,24,1,0,0,38,0.0,1.0,1.6578947368421053,0.02631578947368421,62,0.3157894736842105,0.21052631578947367,0.47368421052631576
2026-06-24 21:33:01,33,38,0,18,12,8,11,15,6,1,0,0,38,0.0,1.0,0.868421052631579,0.02631578947368421,32,0.3157894736842105,0.21052631578947367,0.47368421052631576
2026-06-24 21:48:02,37,38,0,18,12,8,13,18,6,0,0,0,38,0.0,1.0,0.9736842105263158,0.0,37,0.3157894736842105,0.21052631578947367,0.47368421052631576
2026-06-24 22:03:01,59,38,0,18,12,8,21,24,6,1,0,0,38,0.0,1.0,1.5526315789473684,0.02631578947368421,51,0.3157894736842105,0.21052631578947367,0.47368421052631576
2026-06-24 22:18:01,31,38,0,18,12,8,14,11,6,0,0,0,38,0.0,1.0,0.8157894736842105,0.0,31,0.3157894736842105,0.21052631578947367,0.47368421052631576
2026-06-24 22:33:02,35,38,0,18,12,8,14,14,7,0,0,0,38,0.0,1.0,0.9210526315789473,0.0,35,0.3157894736842105,0.21052631578947367,0.47368421052631576
2026-06-24 22:48:01,34,38,0,18,12,8,13,14,6,1,0,0,38,0.0,1.0,0.8947368421052632,0.02631578947368421,33,0.3157894736842105,0.21052631578947367,0.47368421052631576
2026-06-24 23:03:01,45,38,0,18,12,8,14,22,9,0,0,0,38,0.0,1.0,1.1842105263157894,0.0,45,0.3157894736842105,0.21052631578947367,0.47368421052631576
2026-06-24 23:18:02,55,38,0,18,12,8,14,33,8,0,0,0,38,0.0,1.0,1.4473684210526316,0.0,55,0.3157894736842105,0.21052631578947367,0.47368421052631576
2026-06-24 23:33:01,39,38,0,18,12,8,11,16,12,0,0,0,38,0.0,1.0,1.0263157894736843,0.0,39,0.3157894736842105,0.21052631578947367,0.47368421052631576
2026-06-24 23:48:01,32,38,0,18,12,8,8,12,10,2,0,0,38,0.0,1.0,0.8421052631578947,0.05263157894736842,30,0.3157894736842105,0.21052631578947367,0.47368421052631576
2026-06-25 00:03:05,32,38,0,18,12,8,11,14,7,0,0,0,38,0.0,1.0,0.8421052631578947,0.0,32,0.3157894736842105,0.21052631578947367,0.47368421052631576
2026-06-25 00:18:01,39,38,0,18,12,8,17,11,11,0,0,0,38,0.0,1.0,1.0263157894736843,0.0,39,0.3157894736842105,0.21052631578947367,0.47368421052631576
2026-06-25 00:33:01,34,38,0,18,12,8,14,14,6,0,0,0,38,0.0,1.0,0.8947368421052632,0.0,34,0.3157894736842105,0.21052631578947367,0.47368421052631576
2026-06-25 00:48:01,39,38,0,18,12,8,16,15,8,0,0,0,38,0.0,1.0,1.0263157894736843,0.0,39,0.3157894736842105,0.21052631578947367,0.47368421052631576
2026-06-25 01:03:01,46,38,0,18,12,8,8,28,10,0,0,0,38,0.0,1.0,1.2105263157894737,0.0,46,0.3157894736842105,0.21052631578947367,0.47368421052631576
2026-06-25 01:18:01,38,38,0,18,12,8,9,19,10,0,0,0,38,0.0,1.0,1.0,0.0,38,0.3157894736842105,0.21052631578947367,0.47368421052631576
2026-06-25 01:33:01,35,38,0,18,12,8,12,12,10,1,0,0,38,0.0,1.0,0.9210526315789473,0.02631578947368421,34,0.3157894736842105,0.21052631578947367,0.47368421052631576
2026-06-25 01:48:01,29,38,0,18,12,8,9,9,11,0,0,0,38,0.0,1.0,0.7631578947368421,0.0,29,0.3157894736842105,0.21052631578947367,0.47368421052631576
2026-06-25 02:03:01,29,38,0,18,12,8,11,12,5,1,0,0,38,0.0,1.0,0.7631578947368421,0.02631578947368421,28,0.3157894736842105,0.21052631578947367,0.47368421052631576
2026-06-25 02:18:01,25,38,0,18,12,8,8,11,6,0,0,0,38,0.0,1.0,0.6578947368421053,0.0,25,0.3157894736842105,0.21052631578947367,0.47368421052631576
2026-06-25 02:33:01,38,38,0,18,12,8,18,11,9,0,0,0,38,0.0,1.0,1.0,0.0,38,0.3157894736842105,0.21052631578947367,0.47368421052631576
2026-06-25 02:48:01,49,38,0,18,12,8,13,30,6,0,0,0,38,0.0,1.0,1.2894736842105263,0.0,49,0.3157894736842105,0.21052631578947367,0.47368421052631576
2026-06-25 03:03:01,32,38,0,18,12,8,10,15,7,0,0,0,38,0.0,1.0,0.8421052631578947,0.0,32,0.3157894736842105,0.21052631578947367,0.47368421052631576
2026-06-25 03:18:01,38,38,0,18,12,8,13,16,8,0,0,0,38,0.0,1.0,1.0,0.0,37,0.3157894736842105,0.21052631578947367,0.47368421052631576
2026-06-25 03:33:02,40,38,0,18,12,8,12,18,10,0,0,0,38,0.0,1.0,1.0526315789473684,0.0,40,0.3157894736842105,0.21052631578947367,0.47368421052631576
2026-06-25 03:48:01,34,38,0,18,12,8,11,12,10,1,0,0,38,0.0,1.0,0.8947368421052632,0.02631578947368421,33,0.3157894736842105,0.21052631578947367,0.47368421052631576
2026-06-25 04:03:01,50,38,0,18,12,8,11,26,12,1,0,0,38,0.0,1.0,1.3157894736842106,0.02631578947368421,49,0.3157894736842105,0.21052631578947367,0.47368421052631576
2026-06-25 04:18:01,50,38,0,18,12,8,13,28,9,0,0,0,38,0.0,1.0,1.3157894736842106,0.0,50,0.3157894736842105,0.21052631578947367,0.47368421052631576
2026-06-25 04:33:02,44,38,0,18,12,8,12,11,9,0,0,0,38,0.0,1.0,1.1578947368421053,0.0,32,0.3157894736842105,0.21052631578947367,0.47368421052631576
2026-06-25 04:48:01,55,38,0,18,12,8,16,22,17,0,0,0,38,0.0,1.0,1.4473684210526316,0.0,55,0.3157894736842105,0.21052631578947367,0.47368421052631576
2026-06-25 05:03:01,38,38,0,18,12,8,11,11,15,1,0,0,38,0.0,1.0,1.0,0.02631578947368421,37,0.3157894736842105,0.21052631578947367,0.47368421052631576
2026-06-25 05:18:01,40,38,0,18,12,8,17,14,8,1,0,0,38,0.0,1.0,1.0526315789473684,0.02631578947368421,39,0.3157894736842105,0.21052631578947367,0.47368421052631576
2026-06-25 05:33:01,43,38,0,18,12,8,15,21,7,0,0,0,38,0.0,1.0,1.131578947368421,0.0,43,0.3157894736842105,0.21052631578947367,0.47368421052631576
2026-06-25 05:48:02,50,38,0,18,12,8,10,17,23,0,0,0,38,0.0,1.0,1.3157894736842106,0.0,50,0.3157894736842105,0.21052631578947367,0.47368421052631576
2026-06-25 06:03:01,41,38,0,18,12,8,15,16,9,1,0,0,38,0.0,1.0,1.0789473684210527,0.02631578947368421,40,0.3157894736842105,0.21052631578947367,0.47368421052631576
2026-06-25 06:18:01,45,38,0,18,12,8,17,22,6,0,0,0,38,0.0,1.0,1.1842105263157894,0.0,45,0.3157894736842105,0.21052631578947367,0.47368421052631576
2026-06-25 06:33:01,36,38,0,18,12,8,12,16,7,1,0,0,38,0.0,1.0,0.9473684210526315,0.02631578947368421,35,0.3157894736842105,0.21052631578947367,0.47368421052631576
2026-06-25 06:48:01,43,38,0,18,12,8,19,16,8,0,0,0,38,0.0,1.0,1.131578947368421,0.0,43,0.3157894736842105,0.21052631578947367,0.47368421052631576
2026-06-25 07:03:01,40,38,0,18,12,8,19,14,7,0,0,0,38,0.0,1.0,1.0526315789473684,0.0,40,0.3157894736842105,0.21052631578947367,0.47368421052631576
2026-06-25 07:18:02,39,38,0,18,12,8,17,14,8,0,0,0,38,0.0,1.0,1.0263157894736843,0.0,39,0.3157894736842105,0.21052631578947367,0.47368421052631576
2026-06-25 07:33:01,33,38,0,18,12,8,13,12,8,0,0,0,38,0.0,1.0,0.868421052631579,0.0,33,0.3157894736842105,0.21052631578947367,0.47368421052631576
2026-06-25 07:48:01,34,38,0,18,12,8,15,12,7,0,0,0,38,0.0,1.0,0.8947368421052632,0.0,34,0.3157894736842105,0.21052631578947367,0.47368421052631576
2026-06-25 08:03:01,28,38,0,18,12,8,9,12,6,1,0,0,38,0.0,1.0,0.7368421052631579,0.02631578947368421,27,0.3157894736842105,0.21052631578947367,0.47368421052631576
2026-06-25 08:18:01,31,38,0,18,12,8,12,13,6,0,0,0,38,0.0,1.0,0.8157894736842105,0.0,31,0.3157894736842105,0.21052631578947367,0.47368421052631576
2026-06-25 08:33:02,57,38,0,18,12,8,14,32,11,0,0,0,38,0.0,1.0,1.5,0.0,57,0.3157894736842105,0.21052631578947367,0.47368421052631576
2026-06-25 08:48:01,35,38,0,18,12,8,10,15,9,1,0,0,38,0.0,1.0,0.9210526315789473,0.02631578947368421,34,0.3157894736842105,0.21052631578947367,0.47368421052631576
2026-06-25 09:03:02,43,38,0,18,12,8,18,11,14,0,0,0,38,0.0,1.0,1.131578947368421,0.0,43,0.3157894736842105,0.21052631578947367,0.47368421052631576
2026-06-25 09:18:01,43,38,0,18,12,8,15,20,8,0,0,0,38,0.0,1.0,1.131578947368421,0.0,43,0.3157894736842105,0.21052631578947367,0.47368421052631576
2026-06-25 09:33:01,40,38,0,18,12,8,16,17,6,1,0,0,38,0.0,1.0,1.0526315789473684,0.02631578947368421,39,0.3157894736842105,0.21052631578947367,0.47368421052631576
2026-06-25 09:48:01,42,38,0,18,12,8,18,16,8,0,0,0,38,0.0,1.0,1.105263157894737,0.0,42,0.3157894736842105,0.21052631578947367,0.47368421052631576
2026-06-25 10:03:02,47,38,0,18,12,8,18,13,16,0,0,0,38,0.0,1.0,1.236842105263158,0.0,47,0.3157894736842105,0.21052631578947367,0.47368421052631576
2026-06-25 10:18:01,57,38,0,18,12,8,20,15,21,1,0,0,38,0.0,1.0,1.5,0.02631578947368421,56,0.3157894736842105,0.21052631578947367,0.47368421052631576
2026-06-25 10:33:02,60,38,0,18,12,8,15,20,25,0,0,0,38,0.0,1.0,1.5789473684210527,0.0,60,0.3157894736842105,0.21052631578947367,0.47368421052631576
2026-06-25 10:48:01,52,38,0,18,12,8,9,20,23,0,0,0,38,0.0,1.0,1.368421052631579,0.0,52,0.3157894736842105,0.21052631578947367,0.47368421052631576
2026-06-25 11:03:02,39,38,0,18,12,8,14,17,8,0,0,0,38,0.0,1.0,1.0263157894736843,0.0,39,0.3157894736842105,0.21052631578947367,0.47368421052631576
2026-06-25 11:18:02,36,38,0,18,12,8,15,12,9,0,0,0,38,0.0,1.0,0.9473684210526315,0.0,36,0.3157894736842105,0.21052631578947367,0.47368421052631576
2026-06-25 11:33:01,31,38,0,18,12,8,9,15,6,1,0,0,38,0.0,1.0,0.8157894736842105,0.02631578947368421,30,0.3157894736842105,0.21052631578947367,0.47368421052631576
2026-06-25 11:48:01,29,38,0,18,12,8,10,10,8,1,0,0,38,0.0,1.0,0.7631578947368421,0.02631578947368421,28,0.3157894736842105,0.21052631578947367,0.47368421052631576
2026-06-25 12:03:02,38,38,0,18,12,8,13,10,12,3,0,0,38,0.0,1.0,1.0,0.07894736842105263,35,0.3157894736842105,0.21052631578947367,0.47368421052631576
2026-06-25 12:18:01,30,38,0,18,12,8,12,11,6,1,0,0,38,0.0,1.0,0.7894736842105263,0.02631578947368421,29,0.3157894736842105,0.21052631578947367,0.47368421052631576
2026-06-25 12:33:01,58,38,0,18,12,8,13,18,27,0,0,0,38,0.0,1.0,1.5263157894736843,0.0,58,0.3157894736842105,0.21052631578947367,0.47368421052631576
2026-06-25 12:48:01,38,38,0,18,12,8,14,18,6,0,0,0,38,0.0,1.0,1.0,0.0,38,0.3157894736842105,0.21052631578947367,0.47368421052631576
2026-06-25 13:03:02,37,38,0,18,12,8,13,13,11,0,0,0,38,0.0,1.0,0.9736842105263158,0.0,37,0.3157894736842105,0.21052631578947367,0.47368421052631576
2026-06-25 13:18:02,44,38,0,18,12,8,15,11,18,0,0,0,38,0.0,1.0,1.1578947368421053,0.0,44,0.3157894736842105,0.21052631578947367,0.47368421052631576
2026-06-25 13:33:01,35,38,0,18,12,8,9,19,6,1,0,0,38,0.0,1.0,0.9210526315789473,0.02631578947368421,34,0.3157894736842105,0.21052631578947367,0.47368421052631576
2026-06-25 13:48:01,31,38,0,18,12,8,13,12,6,0,0,0,38,0.0,1.0,0.8157894736842105,0.0,31,0.3157894736842105,0.21052631578947367,0.47368421052631576
2026-06-25 14:03:01,38,38,0,18,12,8,12,15,11,0,0,0,38,0.0,1.0,1.0,0.0,38,0.3157894736842105,0.21052631578947367,0.47368421052631576
2026-06-25 14:18:01,52,38,0,18,12,8,15,14,23,0,0,0,38,0.0,1.0,1.368421052631579,0.0,52,0.3157894736842105,0.21052631578947367,0.47368421052631576
2026-06-25 14:33:01,33,38,0,18,12,8,15,11,7,0,0,0,38,0.0,1.0,0.868421052631579,0.0,33,0.3157894736842105,0.21052631578947367,0.47368421052631576
2026-06-25 14:48:01,40,38,0,18,12,8,13,20,6,1,0,0,38,0.0,1.0,1.0526315789473684,0.02631578947368421,39,0.3157894736842105,0.21052631578947367,0.47368421052631576
2026-06-25 15:03:01,28,38,0,18,12,8,12,9,6,1,0,0,38,0.0,1.0,0.7368421052631579,0.02631578947368421,27,0.3157894736842105,0.21052631578947367,0.47368421052631576
2026-06-25 15:18:01,30,38,0,18,12,8,13,10,7,0,0,0,38,0.0,1.0,0.7894736842105263,0.0,30,0.3157894736842105,0.21052631578947367,0.47368421052631576
2026-06-25 15:33:01,34,38,0,18,12,8,16,12,6,0,0,0,38,0.0,1.0,0.8947368421052632,0.0,34,0.3157894736842105,0.21052631578947367,0.47368421052631576
2026-06-25 15:48:02,36,38,0,18,12,8,16,12,8,0,0,0,38,0.0,1.0,0.9473684210526315,0.0,36,0.3157894736842105,0.21052631578947367,0.47368421052631576
2026-06-25 16:03:02,36,38,0,18,12,8,14,12,10,0,0,0,38,0.0,1.0,0.9473684210526315,0.0,36,0.3157894736842105,0.21052631578947367,0.47368421052631576
2026-06-25 16:18:01,36,38,0,18,12,8,16,12,8,0,0,0,38,0.0,1.0,0.9473684210526315,0.0,36,0.3157894736842105,0.21052631578947367,0.47368421052631576
2026-06-25 16:33:01,38,38,0,18,12,8,10,17,8,3,0,0,38,0.0,1.0,1.0,0.07894736842105263,35,0.3157894736842105,0.21052631578947367,0.47368421052631576
2026-06-25 16:48:01,34,38,0,18,12,8,10,15,9,0,0,0,38,0.0,1.0,0.8947368421052632,0.0,34,0.3157894736842105,0.21052631578947367,0.47368421052631576
2026-06-25 17:03:02,54,38,0,18,12,8,11,29,14,0,0,0,38,0.0,1.0,1.4210526315789473,0.0,54,0.3157894736842105,0.21052631578947367,0.47368421052631576
2026-06-25 17:18:01,34,38,0,18,12,8,13,15,6,0,0,0,38,0.0,1.0,0.8947368421052632,0.0,34,0.3157894736842105,0.21052631578947367,0.47368421052631576
2026-06-25 17:33:01,30,38,0,18,12,8,13,11,6,0,0,0,38,0.0,1.0,0.7894736842105263,0.0,30,0.3157894736842105,0.21052631578947367,0.47368421052631576
2026-06-25 17:48:01,41,38,0,18,12,8,12,18,11,0,0,0,38,0.0,1.0,1.0789473684210527,0.0,41,0.3157894736842105,0.21052631578947367,0.47368421052631576
2026-06-25 18:03:02,37,38,0,18,12,8,8,23,6,0,0,0,38,0.0,1.0,0.9736842105263158,0.0,37,0.3157894736842105,0.21052631578947367,0.47368421052631576
2026-06-25 18:18:01,32,38,0,18,12,8,11,12,7,1,0,0,38,0.0,1.0,0.8421052631578947,0.02631578947368421,30,0.3157894736842105,0.21052631578947367,0.47368421052631576
2026-06-25 18:33:02,48,38,0,18,12,8,14,27,7,0,0,0,38,0.0,1.0,1.263157894736842,0.0,48,0.3157894736842105,0.21052631578947367,0.47368421052631576
2026-06-25 18:48:01,33,38,0,18,12,8,11,16,6,0,0,0,38,0.0,1.0,0.868421052631579,0.0,33,0.3157894736842105,0.21052631578947367,0.47368421052631576
2026-06-25 19:03:01,28,38,0,18,12,8,10,10,7,1,0,0,38,0.0,1.0,0.7368421052631579,0.02631578947368421,27,0.3157894736842105,0.21052631578947367,0.47368421052631576
2026-06-25 19:18:01,50,37,1,18,12,7,17,14,19,2,1,0,38,0.02631578947368421,0.9736842105263158,1.3157894736842106,0.05263157894736842,50,0.3157894736842105,0.18421052631578946,0.47368421052631576
2026-06-25 19:33:02,39,38,0,18,12,8,12,12,15,0,0,0,38,0.0,1.0,1.0263157894736843,0.0,39,0.3157894736842105,0.21052631578947367,0.47368421052631576
2026-06-25 19:48:02,40,38,0,18,12,8,16,15,9,0,0,0,38,0.0,1.0,1.0526315789473684,0.0,40,0.3157894736842105,0.21052631578947367,0.47368421052631576
2026-06-25 20:03:01,41,38,0,18,12,8,15,19,6,0,0,0,38,0.0,1.0,1.0789473684210527,0.0,40,0.3157894736842105,0.21052631578947367,0.47368421052631576
2026-06-25 20:18:01,39,38,0,18,12,8,11,18,10,0,0,0,38,0.0,1.0,1.0263157894736843,0.0,39,0.3157894736842105,0.21052631578947367,0.47368421052631576
2026-06-25 20:33:02,49,38,0,18,12,8,18,14,17,0,0,0,38,0.0,1.0,1.2894736842105263,0.0,49,0.3157894736842105,0.21052631578947367,0.47368421052631576
2026-06-25 20:48:02,39,38,0,18,12,8,11,11,7,0,0,0,38,0.0,1.0,1.0263157894736843,0.0,29,0.3157894736842105,0.21052631578947367,0.47368421052631576
2026-06-25 21:03:01,33,38,0,18,12,8,12,15,6,0,0,0,38,0.0,1.0,0.868421052631579,0.0,33,0.3157894736842105,0.21052631578947367,0.47368421052631576
2026-06-25 21:18:01,51,38,0,18,12,8,24,13,14,0,0,0,38,0.0,1.0,1.3421052631578947,0.0,51,0.3157894736842105,0.21052631578947367,0.47368421052631576
2026-06-25 21:33:01,49,38,0,18,12,8,16,19,14,0,0,0,38,0.0,1.0,1.2894736842105263,0.0,49,0.3157894736842105,0.21052631578947367,0.47368421052631576
2026-06-25 21:48:01,37,38,0,18,12,8,9,18,10,0,0,0,38,0.0,1.0,0.9736842105263158,0.0,37,0.3157894736842105,0.21052631578947367,0.47368421052631576
2026-06-25 22:03:01,42,38,0,18,12,8,14,17,11,0,0,0,38,0.0,1.0,1.105263157894737,0.0,42,0.3157894736842105,0.21052631578947367,0.47368421052631576
2026-06-25 22:18:01,39,38,0,18,12,8,15,17,7,0,0,0,38,0.0,1.0,1.0263157894736843,0.0,39,0.3157894736842105,0.21052631578947367,0.47368421052631576
2026-06-25 22:33:02,35,38,0,18,12,8,11,15,9,0,0,0,38,0.0,1.0,0.9210526315789473,0.0,35,0.3157894736842105,0.21052631578947367,0.47368421052631576
2026-06-25 22:48:02,44,38,0,18,12,8,14,23,7,0,0,0,38,0.0,1.0,1.1578947368421053,0.0,44,0.3157894736842105,0.21052631578947367,0.47368421052631576
2026-06-25 23:03:02,40,38,0,18,12,8,11,12,17,0,0,0,38,0.0,1.0,1.0526315789473684,0.0,40,0.3157894736842105,0.21052631578947367,0.47368421052631576
2026-06-25 23:18:01,35,38,0,18,12,8,11,13,11,0,0,0,38,0.0,1.0,0.9210526315789473,0.0,35,0.3157894736842105,0.21052631578947367,0.47368421052631576
2026-06-25 23:33:02,31,38,0,18,12,8,12,13,6,0,0,0,38,0.0,1.0,0.8157894736842105,0.0,31,0.3157894736842105,0.21052631578947367,0.47368421052631576
2026-06-25 23:48:02,39,38,0,18,12,8,11,18,10,0,0,0,38,0.0,1.0,1.0263157894736843,0.0,39,0.3157894736842105,0.21052631578947367,0.47368421052631576
2026-06-26 00:03:04,36,38,0,18,12,8,12,17,7,0,0,0,38,0.0,1.0,0.9473684210526315,0.0,36,0.3157894736842105,0.21052631578947367,0.47368421052631576
2026-06-26 00:18:01,42,37,1,18,12,7,9,11,21,1,1,0,38,0.02631578947368421,0.9736842105263158,1.105263157894737,0.02631578947368421,41,0.3157894736842105,0.18421052631578946,0.47368421052631576
2026-06-26 00:33:01,54,38,0,18,12,8,13,13,27,1,0,0,38,0.0,1.0,1.4210526315789473,0.02631578947368421,53,0.3157894736842105,0.21052631578947367,0.47368421052631576
2026-06-26 00:48:01,31,38,0,18,12,8,12,12,6,1,0,0,38,0.0,1.0,0.8157894736842105,0.02631578947368421,30,0.3157894736842105,0.21052631578947367,0.47368421052631576
2026-06-26 01:03:01,34,38,0,18,12,8,16,12,6,0,0,0,38,0.0,1.0,0.8947368421052632,0.0,34,0.3157894736842105,0.21052631578947367,0.47368421052631576
2026-06-26 01:18:01,55,38,0,18,12,8,11,18,25,1,0,0,38,0.0,1.0,1.4473684210526316,0.02631578947368421,54,0.3157894736842105,0.21052631578947367,0.47368421052631576
2026-06-26 01:33:02,39,38,0,18,12,8,14,18,7,0,0,0,38,0.0,1.0,1.0263157894736843,0.0,39,0.3157894736842105,0.21052631578947367,0.47368421052631576
2026-06-26 01:48:02,42,38,0,18,12,8,14,16,12,0,0,0,38,0.0,1.0,1.105263157894737,0.0,42,0.3157894736842105,0.21052631578947367,0.47368421052631576
2026-06-26 02:03:01,36,38,0,18,12,8,12,12,11,1,0,0,38,0.0,1.0,0.9473684210526315,0.02631578947368421,35,0.3157894736842105,0.21052631578947367,0.47368421052631576
2026-06-26 02:18:01,55,38,0,18,12,8,16,16,22,1,0,0,38,0.0,1.0,1.4473684210526316,0.02631578947368421,54,0.3157894736842105,0.21052631578947367,0.47368421052631576
2026-06-26 02:33:01,43,38,0,18,12,8,12,18,13,0,0,0,38,0.0,1.0,1.131578947368421,0.0,43,0.3157894736842105,0.21052631578947367,0.47368421052631576
2026-06-26 02:48:01,25,38,0,18,12,8,8,10,7,0,0,0,38,0.0,1.0,0.6578947368421053,0.0,25,0.3157894736842105,0.21052631578947367,0.47368421052631576
2026-06-26 03:03:02,45,38,0,18,12,8,18,14,13,0,0,0,38,0.0,1.0,1.1842105263157894,0.0,45,0.3157894736842105,0.21052631578947367,0.47368421052631576
2026-06-26 03:18:02,27,38,0,18,12,8,12,10,5,0,0,0,38,0.0,1.0,0.7105263157894737,0.0,27,0.3157894736842105,0.21052631578947367,0.47368421052631576
2026-06-26 03:33:02,38,38,0,18,12,8,12,15,11,0,0,0,38,0.0,1.0,1.0,0.0,38,0.3157894736842105,0.21052631578947367,0.47368421052631576
2026-06-26 03:48:02,28,38,0,18,12,8,10,13,5,0,0,0,38,0.0,1.0,0.7368421052631579,0.0,28,0.3157894736842105,0.21052631578947367,0.47368421052631576
2026-06-26 04:03:01,38,38,0,18,12,8,16,14,7,1,0,0,38,0.0,1.0,1.0,0.02631578947368421,37,0.3157894736842105,0.21052631578947367,0.47368421052631576
2026-06-26 04:18:01,39,38,0,18,12,8,13,20,6,0,0,0,38,0.0,1.0,1.0263157894736843,0.0,39,0.3157894736842105,0.21052631578947367,0.47368421052631576
2026-06-26 04:33:01,46,38,0,18,12,8,19,20,7,0,0,0,38,0.0,1.0,1.2105263157894737,0.0,46,0.3157894736842105,0.21052631578947367,0.47368421052631576
2026-06-26 04:48:02,36,38,0,18,12,8,12,11,13,0,0,0,38,0.0,1.0,0.9473684210526315,0.0,36,0.3157894736842105,0.21052631578947367,0.47368421052631576
2026-06-26 05:03:01,47,38,0,18,12,8,15,11,5,0,0,0,38,0.0,1.0,1.236842105263158,0.0,31,0.3157894736842105,0.21052631578947367,0.47368421052631576
2026-06-26 05:18:01,35,38,0,18,12,8,12,16,6,1,0,0,38,0.0,1.0,0.9210526315789473,0.02631578947368421,34,0.3157894736842105,0.21052631578947367,0.47368421052631576
2026-06-26 05:33:01,33,38,0,18,12,8,12,14,7,0,0,0,38,0.0,1.0,0.868421052631579,0.0,33,0.3157894736842105,0.21052631578947367,0.47368421052631576
2026-06-26 05:48:01,31,38,0,18,12,8,9,15,6,1,0,0,38,0.0,1.0,0.8157894736842105,0.02631578947368421,30,0.3157894736842105,0.21052631578947367,0.47368421052631576
2026-06-26 06:03:01,27,38,0,18,12,8,11,11,5,0,0,0,38,0.0,1.0,0.7105263157894737,0.0,27,0.3157894736842105,0.21052631578947367,0.47368421052631576
2026-06-26 06:18:01,34,38,0,18,12,8,9,15,9,1,0,0,38,0.0,1.0,0.8947368421052632,0.02631578947368421,33,0.3157894736842105,0.21052631578947367,0.47368421052631576
2026-06-26 06:33:01,36,38,0,18,12,8,18,12,6,0,0,0,38,0.0,1.0,0.9473684210526315,0.0,36,0.3157894736842105,0.21052631578947367,0.47368421052631576
2026-06-26 06:48:01,30,38,0,18,12,8,10,12,7,1,0,0,38,0.0,1.0,0.7894736842105263,0.02631578947368421,29,0.3157894736842105,0.21052631578947367,0.47368421052631576
2026-06-26 07:03:01,47,38,0,18,12,8,18,16,13,0,0,0,38,0.0,1.0,1.236842105263158,0.0,47,0.3157894736842105,0.21052631578947367,0.47368421052631576
2026-06-26 07:18:01,46,38,0,18,12,8,9,19,17,1,0,0,38,0.0,1.0,1.2105263157894737,0.02631578947368421,45,0.3157894736842105,0.21052631578947367,0.47368421052631576
2026-06-26 07:33:02,44,38,0,18,12,8,10,28,6,0,0,0,38,0.0,1.0,1.1578947368421053,0.0,44,0.3157894736842105,0.21052631578947367,0.47368421052631576
2026-06-26 07:48:02,49,38,0,18,12,8,10,21,18,0,0,0,38,0.0,1.0,1.2894736842105263,0.0,49,0.3157894736842105,0.21052631578947367,0.47368421052631576
2026-06-26 08:03:01,40,38,0,18,12,8,19,12,9,0,0,0,38,0.0,1.0,1.0526315789473684,0.0,40,0.3157894736842105,0.21052631578947367,0.47368421052631576
2026-06-26 08:18:02,41,38,0,18,12,8,20,15,6,0,0,0,38,0.0,1.0,1.0789473684210527,0.0,41,0.3157894736842105,0.21052631578947367,0.47368421052631576
2026-06-26 08:33:01,30,38,0,18,12,8,11,13,6,0,0,0,38,0.0,1.0,0.7894736842105263,0.0,30,0.3157894736842105,0.21052631578947367,0.47368421052631576
2026-06-26 08:48:01,41,38,0,18,12,8,16,11,13,0,0,0,38,0.0,1.0,1.0789473684210527,0.0,40,0.3157894736842105,0.21052631578947367,0.47368421052631576
2026-06-26 09:03:02,35,38,0,18,12,8,10,18,6,1,0,0,38,0.0,1.0,0.9210526315789473,0.02631578947368421,34,0.3157894736842105,0.21052631578947367,0.47368421052631576
2026-06-26 09:18:01,53,38,0,18,12,8,12,11,30,0,0,0,38,0.0,1.0,1.394736842105263,0.0,53,0.3157894736842105,0.21052631578947367,0.47368421052631576
2026-06-26 09:33:01,51,38,0,18,12,8,12,15,23,1,0,0,38,0.0,1.0,1.3421052631578947,0.02631578947368421,50,0.3157894736842105,0.21052631578947367,0.47368421052631576
2026-06-26 09:48:01,42,38,0,18,12,8,8,18,8,0,0,0,38,0.0,1.0,1.105263157894737,0.0,34,0.3157894736842105,0.21052631578947367,0.47368421052631576
2026-06-26 10:03:01,32,38,0,18,12,8,10,11,10,1,0,0,38,0.0,1.0,0.8421052631578947,0.02631578947368421,31,0.3157894736842105,0.21052631578947367,0.47368421052631576
2026-06-26 10:18:01,36,38,0,18,12,8,11,11,13,1,0,0,38,0.0,1.0,0.9473684210526315,0.02631578947368421,35,0.3157894736842105,0.21052631578947367,0.47368421052631576
2026-06-26 10:33:01,51,38,0,18,12,8,11,13,9,1,0,0,38,0.0,1.0,1.3421052631578947,0.02631578947368421,33,0.3157894736842105,0.21052631578947367,0.47368421052631576
2026-06-26 10:48:01,51,38,0,18,12,8,17,20,14,0,0,0,38,0.0,1.0,1.3421052631578947,0.0,51,0.3157894736842105,0.21052631578947367,0.47368421052631576
2026-06-26 11:03:01,46,38,0,18,12,8,14,21,11,0,0,0,38,0.0,1.0,1.2105263157894737,0.0,46,0.3157894736842105,0.21052631578947367,0.47368421052631576
2026-06-26 11:18:01,30,38,0,18,12,8,10,11,8,1,0,0,38,0.0,1.0,0.7894736842105263,0.02631578947368421,29,0.3157894736842105,0.21052631578947367,0.47368421052631576
2026-06-26 11:33:03,47,38,0,18,12,8,13,21,10,3,0,0,38,0.0,1.0,1.236842105263158,0.07894736842105263,44,0.3157894736842105,0.21052631578947367,0.47368421052631576
2026-06-26 11:48:02,57,38,0,18,12,8,13,18,21,5,0,0,38,0.0,1.0,1.5,0.13157894736842105,52,0.3157894736842105,0.21052631578947367,0.47368421052631576
2026-06-26 12:03:01,45,38,0,18,12,8,18,20,7,0,0,0,38,0.0,1.0,1.1842105263157894,0.0,45,0.3157894736842105,0.21052631578947367,0.47368421052631576
2026-06-26 12:18:01,33,38,0,18,12,8,10,14,8,1,0,0,38,0.0,1.0,0.868421052631579,0.02631578947368421,32,0.3157894736842105,0.21052631578947367,0.47368421052631576
2026-06-26 12:33:03,41,38,0,18,12,8,15,11,14,0,0,0,38,0.0,1.0,1.0789473684210527,0.0,40,0.3157894736842105,0.21052631578947367,0.47368421052631576
2026-06-26 12:48:01,39,38,0,18,12,8,15,13,11,0,0,0,38,0.0,1.0,1.0263157894736843,0.0,39,0.3157894736842105,0.21052631578947367,0.47368421052631576
2026-06-26 13:03:02,35,38,0,18,12,8,12,13,10,0,0,0,38,0.0,1.0,0.9210526315789473,0.0,35,0.3157894736842105,0.21052631578947367,0.47368421052631576
2026-06-26 13:18:03,34,38,0,18,12,8,8,21,5,0,0,0,38,0.0,1.0,0.8947368421052632,0.0,34,0.3157894736842105,0.21052631578947367,0.47368421052631576
2026-06-26 13:33:01,40,38,0,18,12,8,10,22,8,0,0,0,38,0.0,1.0,1.0526315789473684,0.0,40,0.3157894736842105,0.21052631578947367,0.47368421052631576
2026-06-26 13:48:01,42,38,0,18,12,8,25,10,6,1,0,0,38,0.0,1.0,1.105263157894737,0.02631578947368421,41,0.3157894736842105,0.21052631578947367,0.47368421052631576
2026-06-26 14:03:02,30,38,0,18,12,8,11,11,8,0,0,0,38,0.0,1.0,0.7894736842105263,0.0,30,0.3157894736842105,0.21052631578947367,0.47368421052631576
2026-06-26 14:18:01,58,38,0,18,12,8,11,17,30,0,0,0,38,0.0,1.0,1.5263157894736843,0.0,58,0.3157894736842105,0.21052631578947367,0.47368421052631576
2026-06-26 14:33:01,32,38,0,18,12,8,11,12,9,0,0,0,38,0.0,1.0,0.8421052631578947,0.0,32,0.3157894736842105,0.21052631578947367,0.47368421052631576
2026-06-26 14:48:01,42,38,0,18,12,8,15,11,14,2,0,0,38,0.0,1.0,1.105263157894737,0.05263157894736842,40,0.3157894736842105,0.21052631578947367,0.47368421052631576
2026-06-26 15:03:01,37,38,0,18,12,8,17,11,8,1,0,0,38,0.0,1.0,0.9736842105263158,0.02631578947368421,36,0.3157894736842105,0.21052631578947367,0.47368421052631576
2026-06-26 15:18:01,31,38,0,18,12,8,13,10,8,0,0,0,38,0.0,1.0,0.8157894736842105,0.0,31,0.3157894736842105,0.21052631578947367,0.47368421052631576
2026-06-26 15:33:01,35,38,0,18,12,8,10,15,10,0,0,0,38,0.0,1.0,0.9210526315789473,0.0,35,0.3157894736842105,0.21052631578947367,0.47368421052631576
2026-06-26 15:48:03,41,38,0,18,12,8,10,14,16,1,0,0,38,0.0,1.0,1.0789473684210527,0.02631578947368421,40,0.3157894736842105,0.21052631578947367,0.47368421052631576
2026-06-26 16:03:01,38,38,0,18,12,8,10,16,11,1,0,0,38,0.0,1.0,1.0,0.02631578947368421,37,0.3157894736842105,0.21052631578947367,0.47368421052631576
2026-06-26 16:18:01,36,38,0,18,12,8,11,14,10,1,0,0,38,0.0,1.0,0.9473684210526315,0.02631578947368421,35,0.3157894736842105,0.21052631578947367,0.47368421052631576
2026-06-26 16:33:01,35,38,0,18,12,8,10,18,6,1,0,0,38,0.0,1.0,0.9210526315789473,0.02631578947368421,34,0.3157894736842105,0.21052631578947367,0.47368421052631576
2026-06-26 16:48:01,47,38,0,18,12,8,20,15,12,0,0,0,38,0.0,1.0,1.236842105263158,0.0,47,0.3157894736842105,0.21052631578947367,0.47368421052631576
2026-06-26 17:03:01,64,37,1,18,12,7,15,20,29,0,1,0,38,0.02631578947368421,0.9736842105263158,1.6842105263157894,0.0,64,0.3157894736842105,0.18421052631578946,0.47368421052631576
2026-06-26 17:18:01,35,38,0,18,12,8,10,16,8,1,0,0,38,0.0,1.0,0.9210526315789473,0.02631578947368421,34,0.3157894736842105,0.21052631578947367,0.47368421052631576
2026-06-26 17:33:01,31,38,0,18,12,8,11,15,5,0,0,0,38,0.0,1.0,0.8157894736842105,0.0,31,0.3157894736842105,0.21052631578947367,0.47368421052631576
2026-06-26 17:48:01,41,38,0,18,12,8,10,13,18,0,0,0,38,0.0,1.0,1.0789473684210527,0.0,41,0.3157894736842105,0.21052631578947367,0.47368421052631576
2026-06-26 18:03:01,51,38,0,18,12,8,11,16,24,0,0,0,38,0.0,1.0,1.3421052631578947,0.0,51,0.3157894736842105,0.21052631578947367,0.47368421052631576
2026-06-26 18:18:01,34,38,0,18,12,8,15,14,5,0,0,0,38,0.0,1.0,0.8947368421052632,0.0,34,0.3157894736842105,0.21052631578947367,0.47368421052631576
2026-06-26 18:33:01,45,38,0,18,12,8,20,17,7,1,0,0,38,0.0,1.0,1.1842105263157894,0.02631578947368421,44,0.3157894736842105,0.21052631578947367,0.47368421052631576
2026-06-26 18:48:01,52,38,0,18,12,8,14,25,12,1,0,0,38,0.0,1.0,1.368421052631579,0.02631578947368421,51,0.3157894736842105,0.21052631578947367,0.47368421052631576
2026-06-26 19:03:01,39,38,0,18,12,8,18,14,7,0,0,0,38,0.0,1.0,1.0263157894736843,0.0,39,0.3157894736842105,0.21052631578947367,0.47368421052631576
2026-06-26 19:18:02,40,38,0,18,12,8,17,12,7,0,0,0,38,0.0,1.0,1.0526315789473684,0.0,36,0.3157894736842105,0.21052631578947367,0.47368421052631576
2026-06-26 19:33:02,52,38,0,18,12,8,26,15,11,0,0,0,38,0.0,1.0,1.368421052631579,0.0,52,0.3157894736842105,0.21052631578947367,0.47368421052631576
2026-06-26 19:48:02,44,38,0,18,12,8,16,19,9,0,0,0,38,0.0,1.0,1.1578947368421053,0.0,44,0.3157894736842105,0.21052631578947367,0.47368421052631576
2026-06-26 20:03:02,45,38,0,18,12,8,23,15,7,0,0,0,38,0.0,1.0,1.1842105263157894,0.0,45,0.3157894736842105,0.21052631578947367,0.47368421052631576
2026-06-26 20:18:02,37,38,0,18,12,8,13,18,6,0,0,0,38,0.0,1.0,0.9736842105263158,0.0,37,0.3157894736842105,0.21052631578947367,0.47368421052631576
2026-06-26 20:33:01,39,38,0,18,12,8,9,18,11,1,0,0,38,0.0,1.0,1.0263157894736843,0.02631578947368421,38,0.3157894736842105,0.21052631578947367,0.47368421052631576
2026-06-26 20:48:01,47,38,0,18,12,8,10,21,15,1,0,0,38,0.0,1.0,1.236842105263158,0.02631578947368421,46,0.3157894736842105,0.21052631578947367,0.47368421052631576
2026-06-26 21:03:02,36,38,0,18,12,8,14,15,7,0,0,0,38,0.0,1.0,0.9473684210526315,0.0,36,0.3157894736842105,0.21052631578947367,0.47368421052631576
2026-06-26 21:18:01,43,38,0,18,12,8,11,17,10,0,0,0,38,0.0,1.0,1.131578947368421,0.0,38,0.3157894736842105,0.21052631578947367,0.47368421052631576
2026-06-26 21:33:01,35,38,0,18,12,8,15,14,6,0,0,0,38,0.0,1.0,0.9210526315789473,0.0,35,0.3157894736842105,0.21052631578947367,0.47368421052631576
2026-06-26 21:48:01,31,38,0,18,12,8,13,13,5,0,0,0,38,0.0,1.0,0.8157894736842105,0.0,31,0.3157894736842105,0.21052631578947367,0.47368421052631576
2026-06-26 22:03:02,39,38,0,18,12,8,11,16,12,0,0,0,38,0.0,1.0,1.0263157894736843,0.0,39,0.3157894736842105,0.21052631578947367,0.47368421052631576
2026-06-26 22:18:01,34,38,0,18,12,8,14,13,7,0,0,0,38,0.0,1.0,0.8947368421052632,0.0,34,0.3157894736842105,0.21052631578947367,0.47368421052631576
2026-06-26 22:33:02,61,38,0,18,12,8,11,35,15,0,0,0,38,0.0,1.0,1.605263157894737,0.0,61,0.3157894736842105,0.21052631578947367,0.47368421052631576
2026-06-26 22:48:02,39,38,0,18,12,8,9,18,12,0,0,0,38,0.0,1.0,1.0263157894736843,0.0,39,0.3157894736842105,0.21052631578947367,0.47368421052631576
2026-06-26 23:03:01,41,38,0,18,12,8,13,19,9,0,0,0,38,0.0,1.0,1.0789473684210527,0.0,41,0.3157894736842105,0.21052631578947367,0.47368421052631576
2026-06-26 23:18:02,31,38,0,18,12,8,10,15,6,0,0,0,38,0.0,1.0,0.8157894736842105,0.0,31,0.3157894736842105,0.21052631578947367,0.47368421052631576
2026-06-26 23:33:02,47,38,0,18,12,8,13,26,8,0,0,0,38,0.0,1.0,1.236842105263158,0.0,47,0.3157894736842105,0.21052631578947367,0.47368421052631576
2026-06-26 23:48:01,41,38,0,18,12,8,12,20,9,0,0,0,38,0.0,1.0,1.0789473684210527,0.0,41,0.3157894736842105,0.21052631578947367,0.47368421052631576
2026-06-27 00:03:03,32,38,0,18,12,8,13,11,7,1,0,0,38,0.0,1.0,0.8421052631578947,0.02631578947368421,31,0.3157894736842105,0.21052631578947367,0.47368421052631576
2026-06-27 00:18:01,28,38,0,18,12,8,9,12,6,1,0,0,38,0.0,1.0,0.7368421052631579,0.02631578947368421,27,0.3157894736842105,0.21052631578947367,0.47368421052631576
2026-06-27 00:33:02,35,38,0,18,12,8,14,14,7,0,0,0,38,0.0,1.0,0.9210526315789473,0.0,35,0.3157894736842105,0.21052631578947367,0.47368421052631576
2026-06-27 00:48:01,33,38,0,18,12,8,15,12,6,0,0,0,38,0.0,1.0,0.868421052631579,0.0,33,0.3157894736842105,0.21052631578947367,0.47368421052631576
2026-06-27 01:03:01,38,38,0,18,12,8,11,19,8,0,0,0,38,0.0,1.0,1.0,0.0,38,0.3157894736842105,0.21052631578947367,0.47368421052631576
2026-06-27 01:18:01,36,38,0,18,12,8,13,13,9,0,0,0,38,0.0,1.0,0.9473684210526315,0.0,35,0.3157894736842105,0.21052631578947367,0.47368421052631576
2026-06-27 01:33:01,34,38,0,18,12,8,17,11,6,0,0,0,38,0.0,1.0,0.8947368421052632,0.0,34,0.3157894736842105,0.21052631578947367,0.47368421052631576
2026-06-27 01:48:01,35,38,0,18,12,8,12,15,7,1,0,0,38,0.0,1.0,0.9210526315789473,0.02631578947368421,34,0.3157894736842105,0.21052631578947367,0.47368421052631576
2026-06-27 02:03:02,51,38,0,18,12,8,13,16,21,1,0,0,38,0.0,1.0,1.3421052631578947,0.02631578947368421,50,0.3157894736842105,0.21052631578947367,0.47368421052631576
2026-06-27 02:18:01,32,38,0,18,12,8,9,14,9,0,0,0,38,0.0,1.0,0.8421052631578947,0.0,32,0.3157894736842105,0.21052631578947367,0.47368421052631576
2026-06-27 02:33:02,27,38,0,18,12,8,9,10,8,0,0,0,38,0.0,1.0,0.7105263157894737,0.0,27,0.3157894736842105,0.21052631578947367,0.47368421052631576
2026-06-27 02:48:01,41,38,0,18,12,8,16,19,6,0,0,0,38,0.0,1.0,1.0789473684210527,0.0,41,0.3157894736842105,0.21052631578947367,0.47368421052631576
2026-06-27 03:03:01,70,38,0,18,12,8,13,11,42,4,0,0,38,0.0,1.0,1.8421052631578947,0.10526315789473684,66,0.3157894736842105,0.21052631578947367,0.47368421052631576
2026-06-27 03:18:01,61,38,0,18,12,8,10,14,37,0,0,0,38,0.0,1.0,1.605263157894737,0.0,61,0.3157894736842105,0.21052631578947367,0.47368421052631576
2026-06-27 03:33:02,28,38,0,18,12,8,9,9,10,0,0,0,38,0.0,1.0,0.7368421052631579,0.0,28,0.3157894736842105,0.21052631578947367,0.47368421052631576
2026-06-27 03:48:02,26,38,0,18,12,8,8,10,7,0,0,0,38,0.0,1.0,0.6842105263157895,0.0,25,0.3157894736842105,0.21052631578947367,0.47368421052631576
2026-06-27 04:03:01,27,38,0,18,12,8,10,11,6,0,0,0,38,0.0,1.0,0.7105263157894737,0.0,27,0.3157894736842105,0.21052631578947367,0.47368421052631576
2026-06-27 04:18:01,45,38,0,18,12,8,11,27,7,0,0,0,38,0.0,1.0,1.1842105263157894,0.0,45,0.3157894736842105,0.21052631578947367,0.47368421052631576
2026-06-27 04:33:01,39,38,0,18,12,8,15,18,6,0,0,0,38,0.0,1.0,1.0263157894736843,0.0,39,0.3157894736842105,0.21052631578947367,0.47368421052631576
2026-06-27 04:48:01,32,38,0,18,12,8,13,13,6,0,0,0,38,0.0,1.0,0.8421052631578947,0.0,32,0.3157894736842105,0.21052631578947367,0.47368421052631576
2026-06-27 05:03:02,40,38,0,18,12,8,14,20,6,0,0,0,38,0.0,1.0,1.0526315789473684,0.0,40,0.3157894736842105,0.21052631578947367,0.47368421052631576
2026-06-27 05:18:02,38,38,0,18,12,8,11,19,8,0,0,0,38,0.0,1.0,1.0,0.0,38,0.3157894736842105,0.21052631578947367,0.47368421052631576
2026-06-27 05:33:01,61,38,0,18,12,8,13,10,37,1,0,0,38,0.0,1.0,1.605263157894737,0.02631578947368421,60,0.3157894736842105,0.21052631578947367,0.47368421052631576
2026-06-27 05:48:01,39,38,0,18,12,8,19,12,8,0,0,0,38,0.0,1.0,1.0263157894736843,0.0,39,0.3157894736842105,0.21052631578947367,0.47368421052631576
2026-06-27 06:03:01,32,38,0,18,12,8,11,14,6,1,0,0,38,0.0,1.0,0.8421052631578947,0.02631578947368421,31,0.3157894736842105,0.21052631578947367,0.47368421052631576
2026-06-27 06:18:01,28,38,0,18,12,8,12,10,6,0,0,0,38,0.0,1.0,0.7368421052631579,0.0,28,0.3157894736842105,0.21052631578947367,0.47368421052631576
2026-06-27 06:33:01,40,38,0,18,12,8,14,18,7,1,0,0,38,0.0,1.0,1.0526315789473684,0.02631578947368421,39,0.3157894736842105,0.21052631578947367,0.47368421052631576
2026-06-27 06:48:01,48,38,0,18,12,8,10,30,8,0,0,0,38,0.0,1.0,1.263157894736842,0.0,48,0.3157894736842105,0.21052631578947367,0.47368421052631576
2026-06-27 07:03:01,35,38,0,18,12,8,13,16,6,0,0,0,38,0.0,1.0,0.9210526315789473,0.0,35,0.3157894736842105,0.21052631578947367,0.47368421052631576
2026-06-27 07:18:02,33,38,0,18,12,8,13,13,7,0,0,0,38,0.0,1.0,0.868421052631579,0.0,33,0.3157894736842105,0.21052631578947367,0.47368421052631576
2026-06-27 07:33:01,43,38,0,18,12,8,9,28,6,0,0,0,38,0.0,1.0,1.131578947368421,0.0,43,0.3157894736842105,0.21052631578947367,0.47368421052631576
2026-06-27 07:48:01,31,38,0,18,12,8,11,11,9,0,0,0,38,0.0,1.0,0.8157894736842105,0.0,31,0.3157894736842105,0.21052631578947367,0.47368421052631576
2026-06-27 08:03:01,41,38,0,18,12,8,10,22,9,0,0,0,38,0.0,1.0,1.0789473684210527,0.0,41,0.3157894736842105,0.21052631578947367,0.47368421052631576
2026-06-27 08:18:01,52,38,0,18,12,8,19,17,16,0,0,0,38,0.0,1.0,1.368421052631579,0.0,52,0.3157894736842105,0.21052631578947367,0.47368421052631576
2026-06-27 08:33:01,33,38,0,18,12,8,9,16,7,1,0,0,38,0.0,1.0,0.868421052631579,0.02631578947368421,32,0.3157894736842105,0.21052631578947367,0.47368421052631576
2026-06-27 08:48:01,41,38,0,18,12,8,15,17,9,0,0,0,38,0.0,1.0,1.0789473684210527,0.0,41,0.3157894736842105,0.21052631578947367,0.47368421052631576
2026-06-27 09:03:01,65,38,0,18,12,8,26,18,18,1,0,0,38,0.0,1.0,1.7105263157894737,0.02631578947368421,62,0.3157894736842105,0.21052631578947367,0.47368421052631576
2026-06-27 09:18:01,39,38,0,18,12,8,13,21,5,0,0,0,38,0.0,1.0,1.0263157894736843,0.0,39,0.3157894736842105,0.21052631578947367,0.47368421052631576
2026-06-27 09:33:01,34,38,0,18,12,8,11,12,11,0,0,0,38,0.0,1.0,0.8947368421052632,0.0,34,0.3157894736842105,0.21052631578947367,0.47368421052631576
2026-06-27 09:48:02,42,38,0,18,12,8,11,15,16,0,0,0,38,0.0,1.0,1.105263157894737,0.0,42,0.3157894736842105,0.21052631578947367,0.47368421052631576
2026-06-27 10:03:01,34,38,0,18,12,8,16,12,6,0,0,0,38,0.0,1.0,0.8947368421052632,0.0,34,0.3157894736842105,0.21052631578947367,0.47368421052631576
2026-06-27 10:18:02,31,38,0,18,12,8,11,13,7,0,0,0,38,0.0,1.0,0.8157894736842105,0.0,31,0.3157894736842105,0.21052631578947367,0.47368421052631576
2026-06-27 10:33:02,35,38,0,18,12,8,13,15,7,0,0,0,38,0.0,1.0,0.9210526315789473,0.0,35,0.3157894736842105,0.21052631578947367,0.47368421052631576
2026-06-27 10:48:01,42,38,0,18,12,8,19,16,6,1,0,0,38,0.0,1.0,1.105263157894737,0.02631578947368421,41,0.3157894736842105,0.21052631578947367,0.47368421052631576
2026-06-27 11:03:01,35,38,0,18,12,8,9,20,6,0,0,0,38,0.0,1.0,0.9210526315789473,0.0,35,0.3157894736842105,0.21052631578947367,0.47368421052631576
2026-06-27 11:18:01,39,38,0,18,12,8,8,13,18,0,0,0,38,0.0,1.0,1.0263157894736843,0.0,39,0.3157894736842105,0.21052631578947367,0.47368421052631576
2026-06-27 11:33:01,44,38,0,18,12,8,19,19,6,0,0,0,38,0.0,1.0,1.1578947368421053,0.0,44,0.3157894736842105,0.21052631578947367,0.47368421052631576
2026-06-27 11:48:01,36,38,0,18,12,8,14,14,7,1,0,0,38,0.0,1.0,0.9473684210526315,0.02631578947368421,35,0.3157894736842105,0.21052631578947367,0.47368421052631576
2026-06-27 12:03:01,58,38,0,18,12,8,11,37,9,1,0,0,38,0.0,1.0,1.5263157894736843,0.02631578947368421,57,0.3157894736842105,0.21052631578947367,0.47368421052631576
2026-06-27 12:18:01,29,38,0,18,12,8,11,11,7,0,0,0,38,0.0,1.0,0.7631578947368421,0.0,29,0.3157894736842105,0.21052631578947367,0.47368421052631576
2026-06-27 12:33:01,39,38,0,18,12,8,19,13,6,1,0,0,38,0.0,1.0,1.0263157894736843,0.02631578947368421,38,0.3157894736842105,0.21052631578947367,0.47368421052631576
2026-06-27 12:48:01,29,38,0,18,12,8,10,12,6,1,0,0,38,0.0,1.0,0.7631578947368421,0.02631578947368421,28,0.3157894736842105,0.21052631578947367,0.47368421052631576
2026-06-27 13:03:02,33,38,0,18,12,8,10,15,8,0,0,0,38,0.0,1.0,0.868421052631579,0.0,33,0.3157894736842105,0.21052631578947367,0.47368421052631576
2026-06-27 13:18:01,37,38,0,18,12,8,14,16,6,0,0,0,38,0.0,1.0,0.9736842105263158,0.0,36,0.3157894736842105,0.21052631578947367,0.47368421052631576
2026-06-27 13:33:01,38,38,0,18,12,8,21,10,6,1,0,0,38,0.0,1.0,1.0,0.02631578947368421,37,0.3157894736842105,0.21052631578947367,0.47368421052631576
2026-06-27 13:48:01,47,38,0,18,12,8,12,29,6,0,0,0,38,0.0,1.0,1.236842105263158,0.0,47,0.3157894736842105,0.21052631578947367,0.47368421052631576
2026-06-27 14:03:01,34,38,0,18,12,8,9,13,8,1,0,0,38,0.0,1.0,0.8947368421052632,0.02631578947368421,30,0.3157894736842105,0.21052631578947367,0.47368421052631576
2026-06-27 14:18:01,30,38,0,18,12,8,13,11,6,0,0,0,38,0.0,1.0,0.7894736842105263,0.0,30,0.3157894736842105,0.21052631578947367,0.47368421052631576
2026-06-27 14:33:02,30,38,0,18,12,8,10,12,8,0,0,0,38,0.0,1.0,0.7894736842105263,0.0,30,0.3157894736842105,0.21052631578947367,0.47368421052631576
2026-06-27 14:48:02,45,38,0,18,12,8,17,12,16,0,0,0,38,0.0,1.0,1.1842105263157894,0.0,45,0.3157894736842105,0.21052631578947367,0.47368421052631576
2026-06-27 15:03:01,36,38,0,18,12,8,15,14,6,1,0,0,38,0.0,1.0,0.9473684210526315,0.02631578947368421,35,0.3157894736842105,0.21052631578947367,0.47368421052631576
2026-06-27 15:18:01,35,38,0,18,12,8,9,17,8,1,0,0,38,0.0,1.0,0.9210526315789473,0.02631578947368421,34,0.3157894736842105,0.21052631578947367,0.47368421052631576
2026-06-27 15:33:01,38,38,0,18,12,8,12,10,16,0,0,0,38,0.0,1.0,1.0,0.0,38,0.3157894736842105,0.21052631578947367,0.47368421052631576
2026-06-27 15:48:02,40,38,0,18,12,8,10,23,7,0,0,0,38,0.0,1.0,1.0526315789473684,0.0,40,0.3157894736842105,0.21052631578947367,0.47368421052631576
2026-06-27 16:03:01,45,38,0,18,12,8,16,22,7,0,0,0,38,0.0,1.0,1.1842105263157894,0.0,45,0.3157894736842105,0.21052631578947367,0.47368421052631576
2026-06-27 16:18:01,52,38,0,18,12,8,10,10,32,0,0,0,38,0.0,1.0,1.368421052631579,0.0,52,0.3157894736842105,0.21052631578947367,0.47368421052631576
2026-06-27 16:33:01,28,38,0,18,12,8,10,11,7,0,0,0,38,0.0,1.0,0.7368421052631579,0.0,28,0.3157894736842105,0.21052631578947367,0.47368421052631576
2026-06-27 16:48:01,40,38,0,18,12,8,12,20,8,0,0,0,38,0.0,1.0,1.0526315789473684,0.0,40,0.3157894736842105,0.21052631578947367,0.47368421052631576
2026-06-27 17:03:01,29,38,0,18,12,8,12,10,6,1,0,0,38,0.0,1.0,0.7631578947368421,0.02631578947368421,28,0.3157894736842105,0.21052631578947367,0.47368421052631576
2026-06-27 17:18:01,43,38,0,18,12,8,10,27,5,1,0,0,38,0.0,1.0,1.131578947368421,0.02631578947368421,42,0.3157894736842105,0.21052631578947367,0.47368421052631576
2026-06-27 17:33:02,28,38,0,18,12,8,10,13,5,0,0,0,38,0.0,1.0,0.7368421052631579,0.0,28,0.3157894736842105,0.21052631578947367,0.47368421052631576
2026-06-27 17:48:02,34,38,0,18,12,8,13,9,12,0,0,0,38,0.0,1.0,0.8947368421052632,0.0,34,0.3157894736842105,0.21052631578947367,0.47368421052631576
2026-06-27 18:03:01,28,38,0,18,12,8,9,10,8,1,0,0,38,0.0,1.0,0.7368421052631579,0.02631578947368421,27,0.3157894736842105,0.21052631578947367,0.47368421052631576
2026-06-27 18:18:01,53,38,0,18,12,8,9,19,10,1,0,0,38,0.0,1.0,1.394736842105263,0.02631578947368421,38,0.3157894736842105,0.21052631578947367,0.47368421052631576
2026-06-27 18:33:01,37,38,0,18,12,8,9,21,6,1,0,0,38,0.0,1.0,0.9736842105263158,0.02631578947368421,36,0.3157894736842105,0.21052631578947367,0.47368421052631576
2026-06-27 18:48:01,65,38,0,18,12,8,17,13,35,0,0,0,38,0.0,1.0,1.7105263157894737,0.0,65,0.3157894736842105,0.21052631578947367,0.47368421052631576
2026-06-27 19:03:01,38,38,0,18,12,8,15,13,10,0,0,0,38,0.0,1.0,1.0,0.0,38,0.3157894736842105,0.21052631578947367,0.47368421052631576
2026-06-27 19:18:01,31,38,0,18,12,8,10,9,12,0,0,0,38,0.0,1.0,0.8157894736842105,0.0,31,0.3157894736842105,0.21052631578947367,0.47368421052631576
2026-06-27 19:33:01,43,38,0,18,12,8,12,11,20,0,0,0,38,0.0,1.0,1.131578947368421,0.0,43,0.3157894736842105,0.21052631578947367,0.47368421052631576
2026-06-27 19:48:01,54,38,0,18,12,8,15,31,8,0,0,0,38,0.0,1.0,1.4210526315789473,0.0,54,0.3157894736842105,0.21052631578947367,0.47368421052631576
2026-06-27 20:03:02,37,38,0,18,12,8,18,10,9,0,0,0,38,0.0,1.0,0.9736842105263158,0.0,37,0.3157894736842105,0.21052631578947367,0.47368421052631576
2026-06-27 20:18:01,35,38,0,18,12,8,12,16,7,0,0,0,38,0.0,1.0,0.9210526315789473,0.0,35,0.3157894736842105,0.21052631578947367,0.47368421052631576
2026-06-27 20:33:01,28,38,0,18,12,8,10,11,7,0,0,0,38,0.0,1.0,0.7368421052631579,0.0,28,0.3157894736842105,0.21052631578947367,0.47368421052631576
2026-06-27 20:48:01,41,38,0,18,12,8,12,22,7,0,0,0,38,0.0,1.0,1.0789473684210527,0.0,41,0.3157894736842105,0.21052631578947367,0.47368421052631576
2026-06-27 21:03:01,37,38,0,18,12,8,13,16,7,1,0,0,38,0.0,1.0,0.9736842105263158,0.02631578947368421,36,0.3157894736842105,0.21052631578947367,0.47368421052631576
2026-06-27 21:18:01,55,38,0,18,12,8,12,18,25,0,0,0,38,0.0,1.0,1.4473684210526316,0.0,55,0.3157894736842105,0.21052631578947367,0.47368421052631576
2026-06-27 21:33:01,41,38,0,18,12,8,22,12,7,0,0,0,38,0.0,1.0,1.0789473684210527,0.0,41,0.3157894736842105,0.21052631578947367,0.47368421052631576
2026-06-27 21:48:01,49,38,0,18,12,8,12,14,23,0,0,0,38,0.0,1.0,1.2894736842105263,0.0,49,0.3157894736842105,0.21052631578947367,0.47368421052631576
2026-06-27 22:03:01,38,38,0,18,12,8,12,20,6,0,0,0,38,0.0,1.0,1.0,0.0,38,0.3157894736842105,0.21052631578947367,0.47368421052631576
2026-06-27 22:18:01,51,38,0,18,12,8,13,14,24,0,0,0,38,0.0,1.0,1.3421052631578947,0.0,51,0.3157894736842105,0.21052631578947367,0.47368421052631576
2026-06-27 22:33:02,38,38,0,18,12,8,10,22,6,0,0,0,38,0.0,1.0,1.0,0.0,38,0.3157894736842105,0.21052631578947367,0.47368421052631576
2026-06-27 22:48:01,42,38,0,18,12,8,13,11,18,0,0,0,38,0.0,1.0,1.105263157894737,0.0,42,0.3157894736842105,0.21052631578947367,0.47368421052631576
2026-06-27 23:03:01,31,38,0,18,12,8,9,13,8,1,0,0,38,0.0,1.0,0.8157894736842105,0.02631578947368421,30,0.3157894736842105,0.21052631578947367,0.47368421052631576
2026-06-27 23:18:01,26,38,0,18,12,8,9,10,6,1,0,0,38,0.0,1.0,0.6842105263157895,0.02631578947368421,25,0.3157894736842105,0.21052631578947367,0.47368421052631576
2026-06-27 23:33:01,35,38,0,18,12,8,10,19,5,1,0,0,38,0.0,1.0,0.9210526315789473,0.02631578947368421,34,0.3157894736842105,0.21052631578947367,0.47368421052631576
2026-06-27 23:48:01,34,38,0,18,12,8,16,12,5,0,0,0,38,0.0,1.0,0.8947368421052632,0.0,33,0.3157894736842105,0.21052631578947367,0.47368421052631576
2026-06-28 00:03:03,53,38,0,18,12,8,11,31,10,1,0,0,38,0.0,1.0,1.394736842105263,0.02631578947368421,52,0.3157894736842105,0.21052631578947367,0.47368421052631576
2026-06-28 00:18:01,42,38,0,18,12,8,8,14,20,0,0,0,38,0.0,1.0,1.105263157894737,0.0,42,0.3157894736842105,0.21052631578947367,0.47368421052631576
2026-06-28 00:33:01,36,38,0,18,12,8,11,16,9,0,0,0,38,0.0,1.0,0.9473684210526315,0.0,36,0.3157894736842105,0.21052631578947367,0.47368421052631576
2026-06-28 00:48:01,36,38,0,18,12,8,16,13,6,1,0,0,38,0.0,1.0,0.9473684210526315,0.02631578947368421,35,0.3157894736842105,0.21052631578947367,0.47368421052631576
2026-06-28 01:03:02,43,38,0,18,12,8,10,13,20,0,0,0,38,0.0,1.0,1.131578947368421,0.0,43,0.3157894736842105,0.21052631578947367,0.47368421052631576
2026-06-28 01:18:02,29,38,0,18,12,8,10,12,7,0,0,0,38,0.0,1.0,0.7631578947368421,0.0,29,0.3157894736842105,0.21052631578947367,0.47368421052631576
2026-06-28 01:33:01,24,38,0,18,12,8,9,9,6,0,0,0,38,0.0,1.0,0.631578947368421,0.0,24,0.3157894736842105,0.21052631578947367,0.47368421052631576
2026-06-28 01:48:01,42,38,0,18,12,8,9,12,21,0,0,0,38,0.0,1.0,1.105263157894737,0.0,42,0.3157894736842105,0.21052631578947367,0.47368421052631576
2026-06-28 02:03:01,31,38,0,18,12,8,12,12,6,1,0,0,38,0.0,1.0,0.8157894736842105,0.02631578947368421,30,0.3157894736842105,0.21052631578947367,0.47368421052631576
2026-06-28 02:18:02,35,38,0,18,12,8,12,17,6,0,0,0,38,0.0,1.0,0.9210526315789473,0.0,35,0.3157894736842105,0.21052631578947367,0.47368421052631576
2026-06-28 02:33:01,37,38,0,18,12,8,12,17,8,0,0,0,38,0.0,1.0,0.9736842105263158,0.0,37,0.3157894736842105,0.21052631578947367,0.47368421052631576
2026-06-28 02:48:01,32,38,0,18,12,8,14,10,8,0,0,0,38,0.0,1.0,0.8421052631578947,0.0,32,0.3157894736842105,0.21052631578947367,0.47368421052631576
2026-06-28 03:03:02,29,38,0,18,12,8,8,12,9,0,0,0,38,0.0,1.0,0.7631578947368421,0.0,29,0.3157894736842105,0.21052631578947367,0.47368421052631576
2026-06-28 03:18:01,43,38,0,18,12,8,16,13,7,0,0,0,38,0.0,1.0,1.131578947368421,0.0,36,0.3157894736842105,0.21052631578947367,0.47368421052631576
2026-06-28 03:33:02,28,38,0,18,12,8,8,14,6,0,0,0,38,0.0,1.0,0.7368421052631579,0.0,28,0.3157894736842105,0.21052631578947367,0.47368421052631576
2026-06-28 03:48:01,27,38,0,18,12,8,9,12,6,0,0,0,38,0.0,1.0,0.7105263157894737,0.0,27,0.3157894736842105,0.21052631578947367,0.47368421052631576
2026-06-28 04:03:01,55,38,0,18,12,8,14,16,25,0,0,0,38,0.0,1.0,1.4473684210526316,0.0,55,0.3157894736842105,0.21052631578947367,0.47368421052631576
2026-06-28 04:18:02,30,38,0,18,12,8,8,11,11,0,0,0,38,0.0,1.0,0.7894736842105263,0.0,30,0.3157894736842105,0.21052631578947367,0.47368421052631576
2026-06-28 04:33:02,33,38,0,18,12,8,8,18,7,0,0,0,38,0.0,1.0,0.868421052631579,0.0,33,0.3157894736842105,0.21052631578947367,0.47368421052631576
2026-06-28 04:48:01,34,38,0,18,12,8,14,12,7,1,0,0,38,0.0,1.0,0.8947368421052632,0.02631578947368421,33,0.3157894736842105,0.21052631578947367,0.47368421052631576
2026-06-28 05:03:01,28,38,0,18,12,8,10,10,7,0,0,0,38,0.0,1.0,0.7368421052631579,0.0,27,0.3157894736842105,0.21052631578947367,0.47368421052631576
2026-06-28 05:18:01,26,38,0,18,12,8,8,11,7,0,0,0,38,0.0,1.0,0.6842105263157895,0.0,26,0.3157894736842105,0.21052631578947367,0.47368421052631576
2026-06-28 05:33:01,30,38,0,18,12,8,10,13,7,0,0,0,38,0.0,1.0,0.7894736842105263,0.0,30,0.3157894736842105,0.21052631578947367,0.47368421052631576
2026-06-28 05:48:01,37,38,0,18,12,8,11,15,11,0,0,0,38,0.0,1.0,0.9736842105263158,0.0,37,0.3157894736842105,0.21052631578947367,0.47368421052631576
2026-06-28 06:03:01,49,38,0,18,12,8,10,29,10,0,0,0,38,0.0,1.0,1.2894736842105263,0.0,49,0.3157894736842105,0.21052631578947367,0.47368421052631576
2026-06-28 06:18:01,40,38,0,18,12,8,9,16,15,0,0,0,38,0.0,1.0,1.0526315789473684,0.0,40,0.3157894736842105,0.21052631578947367,0.47368421052631576
2026-06-28 06:33:02,41,38,0,18,12,8,8,15,18,0,0,0,38,0.0,1.0,1.0789473684210527,0.0,41,0.3157894736842105,0.21052631578947367,0.47368421052631576
2026-06-28 06:48:01,51,38,0,18,12,8,16,26,8,1,0,0,38,0.0,1.0,1.3421052631578947,0.02631578947368421,50,0.3157894736842105,0.21052631578947367,0.47368421052631576
2026-06-28 07:03:01,38,38,0,18,12,8,12,11,15,0,0,0,38,0.0,1.0,1.0,0.0,38,0.3157894736842105,0.21052631578947367,0.47368421052631576
2026-06-28 07:18:01,52,38,0,18,12,8,13,21,17,1,0,0,38,0.0,1.0,1.368421052631579,0.02631578947368421,51,0.3157894736842105,0.21052631578947367,0.47368421052631576
2026-06-28 07:33:02,38,38,0,18,12,8,11,15,12,0,0,0,38,0.0,1.0,1.0,0.0,38,0.3157894736842105,0.21052631578947367,0.47368421052631576
2026-06-28 07:48:01,30,38,0,18,12,8,11,12,6,1,0,0,38,0.0,1.0,0.7894736842105263,0.02631578947368421,29,0.3157894736842105,0.21052631578947367,0.47368421052631576
2026-06-28 08:03:01,38,38,0,18,12,8,12,11,15,0,0,0,38,0.0,1.0,1.0,0.0,38,0.3157894736842105,0.21052631578947367,0.47368421052631576
2026-06-28 08:18:02,34,38,0,18,12,8,13,14,6,1,0,0,38,0.0,1.0,0.8947368421052632,0.02631578947368421,33,0.3157894736842105,0.21052631578947367,0.47368421052631576
2026-06-28 08:33:01,32,38,0,18,12,8,13,11,8,0,0,0,38,0.0,1.0,0.8421052631578947,0.0,32,0.3157894736842105,0.21052631578947367,0.47368421052631576
2026-06-28 08:48:01,33,38,0,18,12,8,11,16,5,1,0,0,38,0.0,1.0,0.868421052631579,0.02631578947368421,32,0.3157894736842105,0.21052631578947367,0.47368421052631576
2026-06-28 09:03:01,34,38,0,18,12,8,14,12,8,0,0,0,38,0.0,1.0,0.8947368421052632,0.0,34,0.3157894736842105,0.21052631578947367,0.47368421052631576
2026-06-28 09:18:01,43,38,0,18,12,8,12,14,17,0,0,0,38,0.0,1.0,1.131578947368421,0.0,43,0.3157894736842105,0.21052631578947367,0.47368421052631576
2026-06-28 09:33:02,47,38,0,18,12,8,10,30,7,0,0,0,38,0.0,1.0,1.236842105263158,0.0,47,0.3157894736842105,0.21052631578947367,0.47368421052631576
2026-06-28 09:48:01,30,38,0,18,12,8,10,12,8,0,0,0,38,0.0,1.0,0.7894736842105263,0.0,30,0.3157894736842105,0.21052631578947367,0.47368421052631576
2026-06-28 10:03:01,43,38,0,18,12,8,9,16,6,1,0,0,38,0.0,1.0,1.131578947368421,0.02631578947368421,31,0.3157894736842105,0.21052631578947367,0.47368421052631576
2026-06-28 10:18:01,36,38,0,18,12,8,11,17,8,0,0,0,38,0.0,1.0,0.9473684210526315,0.0,36,0.3157894736842105,0.21052631578947367,0.47368421052631576
2026-06-28 10:33:01,42,38,0,18,12,8,16,13,13,0,0,0,38,0.0,1.0,1.105263157894737,0.0,42,0.3157894736842105,0.21052631578947367,0.47368421052631576
2026-06-28 10:48:01,58,38,0,18,12,8,14,37,7,0,0,0,38,0.0,1.0,1.5263157894736843,0.0,58,0.3157894736842105,0.21052631578947367,0.47368421052631576
2026-06-28 11:03:01,37,38,0,18,12,8,17,13,6,1,0,0,38,0.0,1.0,0.9736842105263158,0.02631578947368421,36,0.3157894736842105,0.21052631578947367,0.47368421052631576
2026-06-28 11:18:01,51,38,0,18,12,8,10,19,5,1,0,0,38,0.0,1.0,1.3421052631578947,0.02631578947368421,34,0.3157894736842105,0.21052631578947367,0.47368421052631576
2026-06-28 11:33:01,33,38,0,18,12,8,15,12,6,0,0,0,38,0.0,1.0,0.868421052631579,0.0,33,0.3157894736842105,0.21052631578947367,0.47368421052631576
2026-06-28 11:48:02,42,38,0,18,12,8,13,20,9,0,0,0,38,0.0,1.0,1.105263157894737,0.0,42,0.3157894736842105,0.21052631578947367,0.47368421052631576
2026-06-28 12:03:01,36,38,0,18,12,8,17,12,6,0,0,0,38,0.0,1.0,0.9473684210526315,0.0,35,0.3157894736842105,0.21052631578947367,0.47368421052631576
2026-06-28 12:18:01,32,38,0,18,12,8,12,10,10,0,0,0,38,0.0,1.0,0.8421052631578947,0.0,32,0.3157894736842105,0.21052631578947367,0.47368421052631576
2026-06-28 12:33:01,38,38,0,18,12,8,17,12,7,0,0,0,38,0.0,1.0,1.0,0.0,36,0.3157894736842105,0.21052631578947367,0.47368421052631576
2026-06-28 12:48:01,41,38,0,18,12,8,13,19,8,1,0,0,38,0.0,1.0,1.0789473684210527,0.02631578947368421,40,0.3157894736842105,0.21052631578947367,0.47368421052631576
2026-06-28 13:03:02,33,38,0,18,12,8,11,12,10,0,0,0,38,0.0,1.0,0.868421052631579,0.0,33,0.3157894736842105,0.21052631578947367,0.47368421052631576
2026-06-28 13:18:01,39,38,0,18,12,8,12,19,8,0,0,0,38,0.0,1.0,1.0263157894736843,0.0,39,0.3157894736842105,0.21052631578947367,0.47368421052631576
2026-06-28 13:33:01,38,38,0,18,12,8,12,17,8,1,0,0,38,0.0,1.0,1.0,0.02631578947368421,37,0.3157894736842105,0.21052631578947367,0.47368421052631576
2026-06-28 13:48:01,38,38,0,18,12,8,16,17,5,0,0,0,38,0.0,1.0,1.0,0.0,38,0.3157894736842105,0.21052631578947367,0.47368421052631576
2026-06-28 14:03:01,41,38,0,18,12,8,13,14,14,0,0,0,38,0.0,1.0,1.0789473684210527,0.0,41,0.3157894736842105,0.21052631578947367,0.47368421052631576
2026-06-28 14:18:01,46,38,0,18,12,8,12,24,7,0,0,0,38,0.0,1.0,1.2105263157894737,0.0,43,0.3157894736842105,0.21052631578947367,0.47368421052631576
2026-06-28 14:33:02,33,38,0,18,12,8,10,15,8,0,0,0,38,0.0,1.0,0.868421052631579,0.0,33,0.3157894736842105,0.21052631578947367,0.47368421052631576
2026-06-28 14:48:01,34,38,0,18,12,8,11,14,8,1,0,0,38,0.0,1.0,0.8947368421052632,0.02631578947368421,33,0.3157894736842105,0.21052631578947367,0.47368421052631576
2026-06-28 15:03:01,42,38,0,18,12,8,22,12,8,0,0,0,38,0.0,1.0,1.105263157894737,0.0,42,0.3157894736842105,0.21052631578947367,0.47368421052631576
2026-06-28 15:18:01,38,38,0,18,12,8,11,21,6,0,0,0,38,0.0,1.0,1.0,0.0,38,0.3157894736842105,0.21052631578947367,0.47368421052631576
2026-06-28 15:33:01,34,38,0,18,12,8,11,12,11,0,0,0,38,0.0,1.0,0.8947368421052632,0.0,34,0.3157894736842105,0.21052631578947367,0.47368421052631576
2026-06-28 15:48:01,39,38,0,18,12,8,12,11,15,1,0,0,38,0.0,1.0,1.0263157894736843,0.02631578947368421,38,0.3157894736842105,0.21052631578947367,0.47368421052631576
2026-06-28 16:03:01,41,38,0,18,12,8,8,24,8,1,0,0,38,0.0,1.0,1.0789473684210527,0.02631578947368421,40,0.3157894736842105,0.21052631578947367,0.47368421052631576
2026-06-28 16:18:01,35,38,0,18,12,8,8,12,14,0,0,0,38,0.0,1.0,0.9210526315789473,0.0,34,0.3157894736842105,0.21052631578947367,0.47368421052631576
2026-06-28 16:33:02,29,38,0,18,12,8,9,12,8,0,0,0,38,0.0,1.0,0.7631578947368421,0.0,29,0.3157894736842105,0.21052631578947367,0.47368421052631576
2026-06-28 16:48:01,40,38,0,18,12,8,16,12,11,1,0,0,38,0.0,1.0,1.0526315789473684,0.02631578947368421,39,0.3157894736842105,0.21052631578947367,0.47368421052631576
2026-06-28 17:03:02,48,38,0,18,12,8,17,16,15,0,0,0,38,0.0,1.0,1.263157894736842,0.0,48,0.3157894736842105,0.21052631578947367,0.47368421052631576
2026-06-28 17:18:01,34,38,0,18,12,8,11,17,6,0,0,0,38,0.0,1.0,0.8947368421052632,0.0,34,0.3157894736842105,0.21052631578947367,0.47368421052631576
2026-06-28 17:33:01,47,38,0,18,12,8,9,24,9,0,0,0,38,0.0,1.0,1.236842105263158,0.0,42,0.3157894736842105,0.21052631578947367,0.47368421052631576
2026-06-28 17:48:02,45,38,0,18,12,8,10,13,22,0,0,0,38,0.0,1.0,1.1842105263157894,0.0,45,0.3157894736842105,0.21052631578947367,0.47368421052631576
2026-06-28 18:03:01,35,38,0,18,12,8,10,18,7,0,0,0,38,0.0,1.0,0.9210526315789473,0.0,35,0.3157894736842105,0.21052631578947367,0.47368421052631576
2026-06-28 18:18:02,31,38,0,18,12,8,11,13,7,0,0,0,38,0.0,1.0,0.8157894736842105,0.0,31,0.3157894736842105,0.21052631578947367,0.47368421052631576
2026-06-28 18:33:01,54,38,0,18,12,8,16,31,6,1,0,0,38,0.0,1.0,1.4210526315789473,0.02631578947368421,53,0.3157894736842105,0.21052631578947367,0.47368421052631576
2026-06-28 18:48:02,38,38,0,18,12,8,15,18,5,0,0,0,38,0.0,1.0,1.0,0.0,38,0.3157894736842105,0.21052631578947367,0.47368421052631576
2026-06-28 19:03:02,43,38,0,18,12,8,13,17,13,0,0,0,38,0.0,1.0,1.131578947368421,0.0,43,0.3157894736842105,0.21052631578947367,0.47368421052631576
2026-06-28 19:18:01,33,38,0,18,12,8,13,11,9,0,0,0,38,0.0,1.0,0.868421052631579,0.0,33,0.3157894736842105,0.21052631578947367,0.47368421052631576
2026-06-28 19:33:01,41,38,0,18,12,8,10,22,9,0,0,0,38,0.0,1.0,1.0789473684210527,0.0,41,0.3157894736842105,0.21052631578947367,0.47368421052631576
2026-06-28 19:48:01,49,38,0,18,12,8,19,15,7,0,0,0,38,0.0,1.0,1.2894736842105263,0.0,41,0.3157894736842105,0.21052631578947367,0.47368421052631576
2026-06-28 20:03:01,39,38,0,18,12,8,24,9,6,0,0,0,38,0.0,1.0,1.0263157894736843,0.0,39,0.3157894736842105,0.21052631578947367,0.47368421052631576
2026-06-28 20:18:01,45,38,0,18,12,8,24,14,7,0,0,0,38,0.0,1.0,1.1842105263157894,0.0,45,0.3157894736842105,0.21052631578947367,0.47368421052631576
2026-06-28 20:33:01,33,38,0,18,12,8,10,10,10,1,0,0,38,0.0,1.0,0.868421052631579,0.02631578947368421,30,0.3157894736842105,0.21052631578947367,0.47368421052631576
2026-06-28 20:48:01,44,38,0,18,12,8,14,24,6,0,0,0,38,0.0,1.0,1.1578947368421053,0.0,44,0.3157894736842105,0.21052631578947367,0.47368421052631576
2026-06-28 21:03:01,48,38,0,18,12,8,14,27,6,0,0,0,38,0.0,1.0,1.263157894736842,0.0,47,0.3157894736842105,0.21052631578947367,0.47368421052631576
2026-06-28 21:18:02,41,38,0,18,12,8,11,23,7,0,0,0,38,0.0,1.0,1.0789473684210527,0.0,41,0.3157894736842105,0.21052631578947367,0.47368421052631576
2026-06-28 21:33:01,35,38,0,18,12,8,13,13,9,0,0,0,38,0.0,1.0,0.9210526315789473,0.0,35,0.3157894736842105,0.21052631578947367,0.47368421052631576
2026-06-28 21:48:02,44,38,0,18,12,8,21,17,6,0,0,0,38,0.0,1.0,1.1578947368421053,0.0,44,0.3157894736842105,0.21052631578947367,0.47368421052631576
2026-06-28 22:03:01,63,38,0,18,12,8,19,35,8,1,0,0,38,0.0,1.0,1.6578947368421053,0.02631578947368421,62,0.3157894736842105,0.21052631578947367,0.47368421052631576
2026-06-28 22:18:01,45,38,0,18,12,8,19,14,11,1,0,0,38,0.0,1.0,1.1842105263157894,0.02631578947368421,44,0.3157894736842105,0.21052631578947367,0.47368421052631576
2026-06-28 22:33:01,53,37,1,18,11,8,12,33,8,0,1,0,38,0.02631578947368421,0.9736842105263158,1.394736842105263,0.0,53,0.2894736842105263,0.21052631578947367,0.47368421052631576
2026-06-28 22:48:01,42,38,0,18,12,8,17,19,5,1,0,0,38,0.0,1.0,1.105263157894737,0.02631578947368421,41,0.3157894736842105,0.21052631578947367,0.47368421052631576
2026-06-28 23:03:02,60,38,0,18,12,8,12,14,33,1,0,0,38,0.0,1.0,1.5789473684210527,0.02631578947368421,59,0.3157894736842105,0.21052631578947367,0.47368421052631576
2026-06-28 23:18:01,54,38,0,18,12,8,12,29,12,1,0,0,38,0.0,1.0,1.4210526315789473,0.02631578947368421,53,0.3157894736842105,0.21052631578947367,0.47368421052631576
2026-06-28 23:33:02,31,38,0,18,12,8,10,12,9,0,0,0,38,0.0,1.0,0.8157894736842105,0.0,31,0.3157894736842105,0.21052631578947367,0.47368421052631576
2026-06-28 23:48:01,41,38,0,18,12,8,16,17,8,0,0,0,38,0.0,1.0,1.0789473684210527,0.0,41,0.3157894736842105,0.21052631578947367,0.47368421052631576
2026-06-29 00:03:03,33,38,0,18,12,8,13,12,7,1,0,0,38,0.0,1.0,0.868421052631579,0.02631578947368421,32,0.3157894736842105,0.21052631578947367,0.47368421052631576
2026-06-29 00:18:02,45,38,0,18,12,8,12,13,20,0,0,0,38,0.0,1.0,1.1842105263157894,0.0,45,0.3157894736842105,0.21052631578947367,0.47368421052631576
2026-06-29 00:33:01,28,38,0,18,12,8,10,10,6,0,0,0,38,0.0,1.0,0.7368421052631579,0.0,26,0.3157894736842105,0.21052631578947367,0.47368421052631576
2026-06-29 00:48:01,36,38,0,18,12,8,13,12,11,0,0,0,38,0.0,1.0,0.9473684210526315,0.0,36,0.3157894736842105,0.21052631578947367,0.47368421052631576
2026-06-29 01:03:02,37,38,0,18,12,8,13,15,9,0,0,0,38,0.0,1.0,0.9736842105263158,0.0,37,0.3157894736842105,0.21052631578947367,0.47368421052631576
2026-06-29 01:18:01,33,38,0,18,12,8,11,13,9,0,0,0,38,0.0,1.0,0.868421052631579,0.0,33,0.3157894736842105,0.21052631578947367,0.47368421052631576
2026-06-29 01:33:01,36,38,0,18,12,8,11,12,13,0,0,0,38,0.0,1.0,0.9473684210526315,0.0,36,0.3157894736842105,0.21052631578947367,0.47368421052631576
2026-06-29 01:48:01,40,38,0,18,12,8,10,20,9,1,0,0,38,0.0,1.0,1.0526315789473684,0.02631578947368421,39,0.3157894736842105,0.21052631578947367,0.47368421052631576
2026-06-29 02:03:01,31,38,0,18,12,8,12,12,7,0,0,0,38,0.0,1.0,0.8157894736842105,0.0,31,0.3157894736842105,0.21052631578947367,0.47368421052631576
2026-06-29 02:18:02,42,38,0,18,12,8,15,21,6,0,0,0,38,0.0,1.0,1.105263157894737,0.0,42,0.3157894736842105,0.21052631578947367,0.47368421052631576
2026-06-29 02:33:01,33,38,0,18,12,8,11,10,11,1,0,0,38,0.0,1.0,0.868421052631579,0.02631578947368421,32,0.3157894736842105,0.21052631578947367,0.47368421052631576
2026-06-29 02:48:01,33,38,0,18,12,8,17,10,5,1,0,0,38,0.0,1.0,0.868421052631579,0.02631578947368421,32,0.3157894736842105,0.21052631578947367,0.47368421052631576
2026-06-29 03:03:01,30,38,0,18,12,8,10,12,8,0,0,0,38,0.0,1.0,0.7894736842105263,0.0,30,0.3157894736842105,0.21052631578947367,0.47368421052631576
2026-06-29 03:18:01,38,38,0,18,12,8,9,24,5,0,0,0,38,0.0,1.0,1.0,0.0,38,0.3157894736842105,0.21052631578947367,0.47368421052631576
2026-06-29 03:33:02,32,38,0,18,12,8,11,14,7,0,0,0,38,0.0,1.0,0.8421052631578947,0.0,32,0.3157894736842105,0.21052631578947367,0.47368421052631576
2026-06-29 03:48:01,32,38,0,18,12,8,12,13,7,0,0,0,38,0.0,1.0,0.8421052631578947,0.0,32,0.3157894736842105,0.21052631578947367,0.47368421052631576
2026-06-29 04:03:01,37,38,0,18,12,8,14,11,11,1,0,0,38,0.0,1.0,0.9736842105263158,0.02631578947368421,36,0.3157894736842105,0.21052631578947367,0.47368421052631576
2026-06-29 04:18:01,38,38,0,18,12,8,10,21,7,0,0,0,38,0.0,1.0,1.0,0.0,38,0.3157894736842105,0.21052631578947367,0.47368421052631576
2026-06-29 04:33:02,32,38,0,18,12,8,9,15,8,0,0,0,38,0.0,1.0,0.8421052631578947,0.0,32,0.3157894736842105,0.21052631578947367,0.47368421052631576
2026-06-29 04:48:01,33,38,0,18,12,8,11,15,7,0,0,0,38,0.0,1.0,0.868421052631579,0.0,33,0.3157894736842105,0.21052631578947367,0.47368421052631576
2026-06-29 05:03:03,32,38,0,18,12,8,10,13,9,0,0,0,38,0.0,1.0,0.8421052631578947,0.0,32,0.3157894736842105,0.21052631578947367,0.47368421052631576
2026-06-29 05:18:01,46,38,0,18,12,8,9,30,6,0,0,0,38,0.0,1.0,1.2105263157894737,0.0,45,0.3157894736842105,0.21052631578947367,0.47368421052631576
2026-06-29 05:33:01,42,37,1,18,12,7,12,11,19,0,1,0,38,0.02631578947368421,0.9736842105263158,1.105263157894737,0.0,42,0.3157894736842105,0.18421052631578946,0.47368421052631576
2026-06-29 05:48:01,28,38,0,18,12,8,10,11,6,1,0,0,38,0.0,1.0,0.7368421052631579,0.02631578947368421,27,0.3157894736842105,0.21052631578947367,0.47368421052631576
2026-06-29 06:03:01,27,38,0,18,12,8,12,10,5,0,0,0,38,0.0,1.0,0.7105263157894737,0.0,27,0.3157894736842105,0.21052631578947367,0.47368421052631576
2026-06-29 06:18:01,51,38,0,18,12,8,12,21,18,0,0,0,38,0.0,1.0,1.3421052631578947,0.0,51,0.3157894736842105,0.21052631578947367,0.47368421052631576
2026-06-29 06:33:01,27,38,0,18,12,8,9,11,6,1,0,0,38,0.0,1.0,0.7105263157894737,0.02631578947368421,26,0.3157894736842105,0.21052631578947367,0.47368421052631576
2026-06-29 06:48:01,35,38,0,18,12,8,8,17,9,1,0,0,38,0.0,1.0,0.9210526315789473,0.02631578947368421,34,0.3157894736842105,0.21052631578947367,0.47368421052631576
2026-06-29 07:03:01,33,38,0,18,12,8,12,12,9,0,0,0,38,0.0,1.0,0.868421052631579,0.0,33,0.3157894736842105,0.21052631578947367,0.47368421052631576
2026-06-29 07:18:01,28,38,0,18,12,8,9,11,8,0,0,0,38,0.0,1.0,0.7368421052631579,0.0,28,0.3157894736842105,0.21052631578947367,0.47368421052631576
2026-06-29 07:33:01,34,38,0,18,12,8,18,10,6,0,0,0,38,0.0,1.0,0.8947368421052632,0.0,34,0.3157894736842105,0.21052631578947367,0.47368421052631576
2026-06-29 07:48:02,39,38,0,18,12,8,12,13,14,0,0,0,38,0.0,1.0,1.0263157894736843,0.0,39,0.3157894736842105,0.21052631578947367,0.47368421052631576
2026-06-29 08:03:01,44,38,0,18,12,8,10,16,17,0,0,0,38,0.0,1.0,1.1578947368421053,0.0,43,0.3157894736842105,0.21052631578947367,0.47368421052631576
2026-06-29 08:18:01,33,38,0,18,12,8,12,16,5,0,0,0,38,0.0,1.0,0.868421052631579,0.0,33,0.3157894736842105,0.21052631578947367,0.47368421052631576
2026-06-29 08:33:05,38,38,0,18,12,8,18,11,9,0,0,0,38,0.0,1.0,1.0,0.0,38,0.3157894736842105,0.21052631578947367,0.47368421052631576
2026-06-29 08:48:01,32,38,0,18,12,8,8,12,11,1,0,0,38,0.0,1.0,0.8421052631578947,0.02631578947368421,31,0.3157894736842105,0.21052631578947367,0.47368421052631576
2026-06-29 09:03:02,37,38,0,18,12,8,19,11,7,0,0,0,38,0.0,1.0,0.9736842105263158,0.0,37,0.3157894736842105,0.21052631578947367,0.47368421052631576
2026-06-29 09:18:01,37,38,0,18,12,8,14,13,8,2,0,0,38,0.0,1.0,0.9736842105263158,0.05263157894736842,35,0.3157894736842105,0.21052631578947367,0.47368421052631576
2026-06-29 09:33:01,37,38,0,18,12,8,15,15,7,0,0,0,38,0.0,1.0,0.9736842105263158,0.0,37,0.3157894736842105,0.21052631578947367,0.47368421052631576
2026-06-29 09:48:01,49,38,0,18,12,8,16,28,5,0,0,0,38,0.0,1.0,1.2894736842105263,0.0,49,0.3157894736842105,0.21052631578947367,0.47368421052631576
2026-06-29 10:03:02,36,38,0,18,12,8,11,12,12,0,0,0,38,0.0,1.0,0.9473684210526315,0.0,35,0.3157894736842105,0.21052631578947367,0.47368421052631576
2026-06-29 10:18:02,31,38,0,18,12,8,9,12,10,0,0,0,38,0.0,1.0,0.8157894736842105,0.0,31,0.3157894736842105,0.21052631578947367,0.47368421052631576
2026-06-29 10:33:02,53,38,0,18,12,8,20,15,18,0,0,0,38,0.0,1.0,1.394736842105263,0.0,53,0.3157894736842105,0.21052631578947367,0.47368421052631576
2026-06-29 10:48:02,32,38,0,18,12,8,12,14,6,0,0,0,38,0.0,1.0,0.8421052631578947,0.0,32,0.3157894736842105,0.21052631578947367,0.47368421052631576
2026-06-29 11:03:01,51,38,0,18,12,8,11,16,24,0,0,0,38,0.0,1.0,1.3421052631578947,0.0,51,0.3157894736842105,0.21052631578947367,0.47368421052631576
2026-06-29 11:18:01,37,38,0,18,12,8,12,11,13,1,0,0,38,0.0,1.0,0.9736842105263158,0.02631578947368421,36,0.3157894736842105,0.21052631578947367,0.47368421052631576
2026-06-29 11:33:02,37,38,0,18,12,8,13,16,7,1,0,0,38,0.0,1.0,0.9736842105263158,0.02631578947368421,36,0.3157894736842105,0.21052631578947367,0.47368421052631576
2026-06-29 11:48:01,44,38,0,18,12,8,18,19,6,0,0,0,38,0.0,1.0,1.1578947368421053,0.0,43,0.3157894736842105,0.21052631578947367,0.47368421052631576
2026-06-29 12:03:01,66,38,0,18,12,8,18,14,34,0,0,0,38,0.0,1.0,1.736842105263158,0.0,66,0.3157894736842105,0.21052631578947367,0.47368421052631576
2026-06-29 12:18:01,51,38,0,18,12,8,23,18,10,0,0,0,38,0.0,1.0,1.3421052631578947,0.0,51,0.3157894736842105,0.21052631578947367,0.47368421052631576
2026-06-29 12:33:02,62,38,0,18,12,8,32,14,15,1,0,0,38,0.0,1.0,1.631578947368421,0.02631578947368421,61,0.3157894736842105,0.21052631578947367,0.47368421052631576
2026-06-29 12:48:01,39,38,0,18,12,8,12,14,13,0,0,0,38,0.0,1.0,1.0263157894736843,0.0,39,0.3157894736842105,0.21052631578947367,0.47368421052631576
2026-06-29 13:03:02,32,38,0,18,12,8,12,14,6,0,0,0,38,0.0,1.0,0.8421052631578947,0.0,32,0.3157894736842105,0.21052631578947367,0.47368421052631576
2026-06-29 13:18:02,40,38,0,18,12,8,11,22,7,0,0,0,38,0.0,1.0,1.0526315789473684,0.0,40,0.3157894736842105,0.21052631578947367,0.47368421052631576
2026-06-29 13:33:01,51,38,0,18,12,8,13,11,26,1,0,0,38,0.0,1.0,1.3421052631578947,0.02631578947368421,50,0.3157894736842105,0.21052631578947367,0.47368421052631576
2026-06-29 13:48:02,35,38,0,18,12,8,12,17,6,0,0,0,38,0.0,1.0,0.9210526315789473,0.0,35,0.3157894736842105,0.21052631578947367,0.47368421052631576
2026-06-29 14:03:01,47,38,0,18,12,8,10,16,6,0,0,0,38,0.0,1.0,1.236842105263158,0.0,32,0.3157894736842105,0.21052631578947367,0.47368421052631576
2026-06-29 14:18:01,36,38,0,18,12,8,11,13,12,0,0,0,38,0.0,1.0,0.9473684210526315,0.0,36,0.3157894736842105,0.21052631578947367,0.47368421052631576
2026-06-29 14:33:01,40,38,0,18,12,8,15,16,9,0,0,0,38,0.0,1.0,1.0526315789473684,0.0,40,0.3157894736842105,0.21052631578947367,0.47368421052631576
2026-06-29 14:48:01,48,38,0,18,12,8,24,17,6,1,0,0,38,0.0,1.0,1.263157894736842,0.02631578947368421,47,0.3157894736842105,0.21052631578947367,0.47368421052631576
2026-06-29 15:03:02,30,38,0,18,12,8,9,11,10,0,0,0,38,0.0,1.0,0.7894736842105263,0.0,30,0.3157894736842105,0.21052631578947367,0.47368421052631576
2026-06-29 15:18:01,30,38,0,18,12,8,8,13,8,1,0,0,38,0.0,1.0,0.7894736842105263,0.02631578947368421,29,0.3157894736842105,0.21052631578947367,0.47368421052631576
2026-06-29 15:33:01,39,38,0,18,12,8,16,18,5,0,0,0,38,0.0,1.0,1.0263157894736843,0.0,39,0.3157894736842105,0.21052631578947367,0.47368421052631576
2026-06-29 15:48:02,30,38,0,18,12,8,11,11,8,0,0,0,38,0.0,1.0,0.7894736842105263,0.0,30,0.3157894736842105,0.21052631578947367,0.47368421052631576
2026-06-29 16:03:01,33,38,0,18,12,8,13,10,9,1,0,0,38,0.0,1.0,0.868421052631579,0.02631578947368421,32,0.3157894736842105,0.21052631578947367,0.47368421052631576
2026-06-29 16:18:02,37,38,0,18,12,8,21,9,7,0,0,0,38,0.0,1.0,0.9736842105263158,0.0,37,0.3157894736842105,0.21052631578947367,0.47368421052631576
2026-06-29 16:33:03,49,38,0,18,12,8,12,19,18,0,0,0,38,0.0,1.0,1.2894736842105263,0.0,49,0.3157894736842105,0.21052631578947367,0.47368421052631576
2026-06-29 16:48:01,47,38,0,18,12,8,10,19,17,1,0,0,38,0.0,1.0,1.236842105263158,0.02631578947368421,46,0.3157894736842105,0.21052631578947367,0.47368421052631576
2026-06-29 17:03:01,37,38,0,18,12,8,19,12,6,0,0,0,38,0.0,1.0,0.9736842105263158,0.0,37,0.3157894736842105,0.21052631578947367,0.47368421052631576
2026-06-29 17:18:01,39,38,0,18,12,8,22,11,6,0,0,0,38,0.0,1.0,1.0263157894736843,0.0,39,0.3157894736842105,0.21052631578947367,0.47368421052631576
2026-06-29 17:33:02,32,38,0,18,12,8,11,15,6,0,0,0,38,0.0,1.0,0.8421052631578947,0.0,32,0.3157894736842105,0.21052631578947367,0.47368421052631576
2026-06-29 17:48:01,41,38,0,18,12,8,14,20,6,1,0,0,38,0.0,1.0,1.0789473684210527,0.02631578947368421,40,0.3157894736842105,0.21052631578947367,0.47368421052631576
2026-06-29 18:03:01,43,38,0,18,12,8,15,14,13,1,0,0,38,0.0,1.0,1.131578947368421,0.02631578947368421,42,0.3157894736842105,0.21052631578947367,0.47368421052631576
2026-06-29 18:18:01,35,38,0,18,12,8,12,14,9,0,0,0,38,0.0,1.0,0.9210526315789473,0.0,35,0.3157894736842105,0.21052631578947367,0.47368421052631576
2026-06-29 18:33:02,34,38,0,18,12,8,10,16,8,0,0,0,38,0.0,1.0,0.8947368421052632,0.0,34,0.3157894736842105,0.21052631578947367,0.47368421052631576
2026-06-29 18:48:01,37,38,0,18,12,8,15,11,11,0,0,0,38,0.0,1.0,0.9736842105263158,0.0,37,0.3157894736842105,0.21052631578947367,0.47368421052631576
2026-06-29 19:03:02,39,38,0,18,12,8,8,15,8,0,0,0,38,0.0,1.0,1.0263157894736843,0.0,31,0.3157894736842105,0.21052631578947367,0.47368421052631576
2026-06-29 19:18:01,38,38,0,18,12,8,19,9,10,0,0,0,38,0.0,1.0,1.0,0.0,38,0.3157894736842105,0.21052631578947367,0.47368421052631576
2026-06-29 19:33:02,43,38,0,18,12,8,13,13,17,0,0,0,38,0.0,1.0,1.131578947368421,0.0,43,0.3157894736842105,0.21052631578947367,0.47368421052631576
2026-06-29 19:48:01,56,38,0,18,12,8,11,20,24,1,0,0,38,0.0,1.0,1.4736842105263157,0.02631578947368421,55,0.3157894736842105,0.21052631578947367,0.47368421052631576
2026-06-29 20:03:01,40,38,0,18,12,8,14,13,13,0,0,0,38,0.0,1.0,1.0526315789473684,0.0,40,0.3157894736842105,0.21052631578947367,0.47368421052631576
2026-06-29 20:18:01,36,38,0,18,12,8,9,21,6,0,0,0,38,0.0,1.0,0.9473684210526315,0.0,36,0.3157894736842105,0.21052631578947367,0.47368421052631576
2026-06-29 20:33:01,56,38,0,18,12,8,16,26,14,0,0,0,38,0.0,1.0,1.4736842105263157,0.0,56,0.3157894736842105,0.21052631578947367,0.47368421052631576
2026-06-29 20:48:01,34,38,0,18,12,8,16,13,5,0,0,0,38,0.0,1.0,0.8947368421052632,0.0,34,0.3157894736842105,0.21052631578947367,0.47368421052631576
2026-06-29 21:03:01,50,38,0,18,12,8,17,23,9,1,0,0,38,0.0,1.0,1.3157894736842106,0.02631578947368421,49,0.3157894736842105,0.21052631578947367,0.47368421052631576
2026-06-29 21:18:02,40,38,0,18,12,8,16,18,6,0,0,0,38,0.0,1.0,1.0526315789473684,0.0,40,0.3157894736842105,0.21052631578947367,0.47368421052631576
2026-06-29 21:33:01,36,38,0,18,12,8,13,11,11,1,0,0,38,0.0,1.0,0.9473684210526315,0.02631578947368421,35,0.3157894736842105,0.21052631578947367,0.47368421052631576
2026-06-29 21:48:01,28,38,0,18,12,8,10,12,6,0,0,0,38,0.0,1.0,0.7368421052631579,0.0,28,0.3157894736842105,0.21052631578947367,0.47368421052631576
2026-06-29 22:03:02,36,38,0,18,12,8,10,21,5,0,0,0,38,0.0,1.0,0.9473684210526315,0.0,36,0.3157894736842105,0.21052631578947367,0.47368421052631576
2026-06-29 22:18:01,44,38,0,18,12,8,14,24,6,0,0,0,38,0.0,1.0,1.1578947368421053,0.0,44,0.3157894736842105,0.21052631578947367,0.47368421052631576
2026-06-29 22:33:01,44,38,0,18,12,8,9,13,21,1,0,0,38,0.0,1.0,1.1578947368421053,0.02631578947368421,43,0.3157894736842105,0.21052631578947367,0.47368421052631576
2026-06-29 22:48:01,31,38,0,18,12,8,13,10,7,1,0,0,38,0.0,1.0,0.8157894736842105,0.02631578947368421,30,0.3157894736842105,0.21052631578947367,0.47368421052631576
2026-06-29 23:03:01,41,38,0,18,12,8,14,15,6,0,0,0,38,0.0,1.0,1.0789473684210527,0.0,35,0.3157894736842105,0.21052631578947367,0.47368421052631576
2026-06-29 23:18:02,31,38,0,18,12,8,12,9,10,0,0,0,38,0.0,1.0,0.8157894736842105,0.0,31,0.3157894736842105,0.21052631578947367,0.47368421052631576
2026-06-29 23:33:01,39,38,0,18,12,8,8,12,19,0,0,0,38,0.0,1.0,1.0263157894736843,0.0,39,0.3157894736842105,0.21052631578947367,0.47368421052631576
2026-06-29 23:48:01,33,38,0,18,12,8,12,12,9,0,0,0,38,0.0,1.0,0.868421052631579,0.0,33,0.3157894736842105,0.21052631578947367,0.47368421052631576
2026-06-30 00:03:03,38,38,0,18,12,8,16,16,6,0,0,0,38,0.0,1.0,1.0,0.0,38,0.3157894736842105,0.21052631578947367,0.47368421052631576
2026-06-30 00:18:02,36,38,0,18,12,8,16,14,6,0,0,0,38,0.0,1.0,0.9473684210526315,0.0,36,0.3157894736842105,0.21052631578947367,0.47368421052631576
2026-06-30 00:33:02,36,38,0,18,12,8,14,14,7,1,0,0,38,0.0,1.0,0.9473684210526315,0.02631578947368421,35,0.3157894736842105,0.21052631578947367,0.47368421052631576
2026-06-30 00:48:01,40,38,0,18,12,8,16,14,10,0,0,0,38,0.0,1.0,1.0526315789473684,0.0,40,0.3157894736842105,0.21052631578947367,0.47368421052631576
2026-06-30 01:03:01,34,38,0,18,12,8,10,15,8,1,0,0,38,0.0,1.0,0.8947368421052632,0.02631578947368421,33,0.3157894736842105,0.21052631578947367,0.47368421052631576
2026-06-30 01:18:01,26,38,0,18,12,8,10,10,5,1,0,0,38,0.0,1.0,0.6842105263157895,0.02631578947368421,25,0.3157894736842105,0.21052631578947367,0.47368421052631576
2026-06-30 01:33:01,30,38,0,18,12,8,8,15,7,0,0,0,38,0.0,1.0,0.7894736842105263,0.0,30,0.3157894736842105,0.21052631578947367,0.47368421052631576
2026-06-30 01:48:01,38,38,0,18,12,8,17,15,6,0,0,0,38,0.0,1.0,1.0,0.0,38,0.3157894736842105,0.21052631578947367,0.47368421052631576
2026-06-30 02:03:01,34,38,0,18,12,8,8,18,8,0,0,0,38,0.0,1.0,0.8947368421052632,0.0,34,0.3157894736842105,0.21052631578947367,0.47368421052631576
2026-06-30 02:18:02,31,38,0,18,12,8,13,11,7,0,0,0,38,0.0,1.0,0.8157894736842105,0.0,31,0.3157894736842105,0.21052631578947367,0.47368421052631576
2026-06-30 02:33:02,37,38,0,18,12,8,10,12,15,0,0,0,38,0.0,1.0,0.9736842105263158,0.0,37,0.3157894736842105,0.21052631578947367,0.47368421052631576
2026-06-30 02:48:01,35,38,0,18,12,8,12,16,6,1,0,0,38,0.0,1.0,0.9210526315789473,0.02631578947368421,34,0.3157894736842105,0.21052631578947367,0.47368421052631576
2026-06-30 03:03:01,37,38,0,18,12,8,15,12,9,1,0,0,38,0.0,1.0,0.9736842105263158,0.02631578947368421,36,0.3157894736842105,0.21052631578947367,0.47368421052631576
2026-06-30 03:18:01,50,38,0,18,12,8,12,10,10,0,0,0,38,0.0,1.0,1.3157894736842106,0.0,32,0.3157894736842105,0.21052631578947367,0.47368421052631576
2026-06-30 03:33:02,41,38,0,18,12,8,18,17,6,0,0,0,38,0.0,1.0,1.0789473684210527,0.0,41,0.3157894736842105,0.21052631578947367,0.47368421052631576
2026-06-30 03:48:01,36,38,0,18,12,8,13,10,13,0,0,0,38,0.0,1.0,0.9473684210526315,0.0,36,0.3157894736842105,0.21052631578947367,0.47368421052631576
2026-06-30 04:03:01,38,38,0,18,12,8,15,14,9,0,0,0,38,0.0,1.0,1.0,0.0,38,0.3157894736842105,0.21052631578947367,0.47368421052631576
2026-06-30 04:18:01,38,38,0,18,12,8,14,11,13,0,0,0,38,0.0,1.0,1.0,0.0,38,0.3157894736842105,0.21052631578947367,0.47368421052631576
2026-06-30 04:33:03,28,38,0,18,12,8,9,12,7,0,0,0,38,0.0,1.0,0.7368421052631579,0.0,28,0.3157894736842105,0.21052631578947367,0.47368421052631576
2026-06-30 04:48:01,37,38,0,18,12,8,15,14,8,0,0,0,38,0.0,1.0,0.9736842105263158,0.0,37,0.3157894736842105,0.21052631578947367,0.47368421052631576
2026-06-30 05:03:01,31,38,0,18,12,8,12,13,6,0,0,0,38,0.0,1.0,0.8157894736842105,0.0,31,0.3157894736842105,0.21052631578947367,0.47368421052631576
2026-06-30 05:18:01,32,38,0,18,12,8,11,15,6,0,0,0,38,0.0,1.0,0.8421052631578947,0.0,32,0.3157894736842105,0.21052631578947367,0.47368421052631576
2026-06-30 05:33:01,48,38,0,18,12,8,21,18,8,1,0,0,38,0.0,1.0,1.263157894736842,0.02631578947368421,47,0.3157894736842105,0.21052631578947367,0.47368421052631576
2026-06-30 05:48:01,35,38,0,18,12,8,13,15,6,1,0,0,38,0.0,1.0,0.9210526315789473,0.02631578947368421,34,0.3157894736842105,0.21052631578947367,0.47368421052631576
2026-06-30 06:03:02,44,38,0,18,12,8,10,19,15,0,0,0,38,0.0,1.0,1.1578947368421053,0.0,44,0.3157894736842105,0.21052631578947367,0.47368421052631576
2026-06-30 06:18:01,38,38,0,18,12,8,12,16,8,0,0,0,38,0.0,1.0,1.0,0.0,36,0.3157894736842105,0.21052631578947367,0.47368421052631576
2026-06-30 06:33:01,45,38,0,18,12,8,20,19,6,0,0,0,38,0.0,1.0,1.1842105263157894,0.0,45,0.3157894736842105,0.21052631578947367,0.47368421052631576
2026-06-30 06:48:01,49,38,0,18,12,8,22,21,6,0,0,0,38,0.0,1.0,1.2894736842105263,0.0,49,0.3157894736842105,0.21052631578947367,0.47368421052631576
2026-06-30 07:03:02,34,38,0,18,12,8,13,16,5,0,0,0,38,0.0,1.0,0.8947368421052632,0.0,34,0.3157894736842105,0.21052631578947367,0.47368421052631576
2026-06-30 07:18:02,53,38,0,18,12,8,15,17,21,0,0,0,38,0.0,1.0,1.394736842105263,0.0,53,0.3157894736842105,0.21052631578947367,0.47368421052631576
2026-06-30 07:33:02,57,38,0,18,12,8,19,17,21,0,0,0,38,0.0,1.0,1.5,0.0,57,0.3157894736842105,0.21052631578947367,0.47368421052631576
2026-06-30 07:48:01,51,38,0,18,12,8,25,20,6,0,0,0,38,0.0,1.0,1.3421052631578947,0.0,51,0.3157894736842105,0.21052631578947367,0.47368421052631576
2026-06-30 08:03:01,55,38,0,18,12,8,20,28,6,1,0,0,38,0.0,1.0,1.4473684210526316,0.02631578947368421,54,0.3157894736842105,0.21052631578947367,0.47368421052631576
2026-06-30 08:18:01,32,38,0,18,12,8,12,13,6,1,0,0,38,0.0,1.0,0.8421052631578947,0.02631578947368421,31,0.3157894736842105,0.21052631578947367,0.47368421052631576
2026-06-30 08:33:01,58,38,0,18,12,8,11,24,23,0,0,0,38,0.0,1.0,1.5263157894736843,0.0,58,0.3157894736842105,0.21052631578947367,0.47368421052631576
2026-06-30 08:48:02,27,38,0,18,12,8,10,11,6,0,0,0,38,0.0,1.0,0.7105263157894737,0.0,27,0.3157894736842105,0.21052631578947367,0.47368421052631576
2026-06-30 09:03:01,31,38,0,18,12,8,13,10,8,0,0,0,38,0.0,1.0,0.8157894736842105,0.0,31,0.3157894736842105,0.21052631578947367,0.47368421052631576
2026-06-30 09:18:01,34,38,0,18,12,8,10,13,10,1,0,0,38,0.0,1.0,0.8947368421052632,0.02631578947368421,33,0.3157894736842105,0.21052631578947367,0.47368421052631576
2026-06-30 09:33:01,43,38,0,18,12,8,17,20,6,0,0,0,38,0.0,1.0,1.131578947368421,0.0,43,0.3157894736842105,0.21052631578947367,0.47368421052631576
2026-06-30 09:48:01,45,38,0,18,12,8,18,18,9,0,0,0,38,0.0,1.0,1.1842105263157894,0.0,45,0.3157894736842105,0.21052631578947367,0.47368421052631576
2026-06-30 10:03:01,35,38,0,18,12,8,11,10,13,1,0,0,38,0.0,1.0,0.9210526315789473,0.02631578947368421,34,0.3157894736842105,0.21052631578947367,0.47368421052631576
2026-06-30 10:18:01,33,38,0,18,12,8,9,15,9,0,0,0,38,0.0,1.0,0.868421052631579,0.0,33,0.3157894736842105,0.21052631578947367,0.47368421052631576
2026-06-30 10:33:01,37,38,0,18,12,8,12,19,6,0,0,0,38,0.0,1.0,0.9736842105263158,0.0,37,0.3157894736842105,0.21052631578947367,0.47368421052631576
2026-06-30 10:48:02,47,38,0,18,12,8,21,12,14,0,0,0,38,0.0,1.0,1.236842105263158,0.0,47,0.3157894736842105,0.21052631578947367,0.47368421052631576
2026-06-30 11:03:02,56,38,0,18,12,8,13,15,28,0,0,0,38,0.0,1.0,1.4736842105263157,0.0,56,0.3157894736842105,0.21052631578947367,0.47368421052631576
2026-06-30 11:18:01,42,38,0,18,12,8,15,21,5,1,0,0,38,0.0,1.0,1.105263157894737,0.02631578947368421,41,0.3157894736842105,0.21052631578947367,0.47368421052631576
2026-06-30 11:33:01,47,38,0,18,12,8,20,15,12,0,0,0,38,0.0,1.0,1.236842105263158,0.0,47,0.3157894736842105,0.21052631578947367,0.47368421052631576
2026-06-30 11:48:02,37,38,0,18,12,8,9,19,7,2,0,0,38,0.0,1.0,0.9736842105263158,0.05263157894736842,35,0.3157894736842105,0.21052631578947367,0.47368421052631576
2026-06-30 12:03:01,36,38,0,18,12,8,15,12,8,0,0,0,38,0.0,1.0,0.9473684210526315,0.0,35,0.3157894736842105,0.21052631578947367,0.47368421052631576
2026-06-30 12:18:02,41,38,0,18,12,8,13,13,14,1,0,0,38,0.0,1.0,1.0789473684210527,0.02631578947368421,40,0.3157894736842105,0.21052631578947367,0.47368421052631576
2026-06-30 12:33:01,47,38,0,18,12,8,15,16,16,0,0,0,38,0.0,1.0,1.236842105263158,0.0,47,0.3157894736842105,0.21052631578947367,0.47368421052631576
2026-06-30 12:48:01,31,38,0,18,12,8,8,17,6,0,0,0,38,0.0,1.0,0.8157894736842105,0.0,31,0.3157894736842105,0.21052631578947367,0.47368421052631576
2026-06-30 13:03:01,38,38,0,18,12,8,13,18,6,1,0,0,38,0.0,1.0,1.0,0.02631578947368421,37,0.3157894736842105,0.21052631578947367,0.47368421052631576
2026-06-30 13:18:02,65,38,0,18,12,8,21,27,16,1,0,0,38,0.0,1.0,1.7105263157894737,0.02631578947368421,64,0.3157894736842105,0.21052631578947367,0.47368421052631576
2026-06-30 13:33:01,37,38,0,18,12,8,10,10,16,1,0,0,38,0.0,1.0,0.9736842105263158,0.02631578947368421,36,0.3157894736842105,0.21052631578947367,0.47368421052631576
2026-06-30 13:48:02,52,37,1,18,11,8,8,35,9,0,1,0,38,0.02631578947368421,0.9736842105263158,1.368421052631579,0.0,52,0.2894736842105263,0.21052631578947367,0.47368421052631576
2026-06-30 14:03:01,36,38,0,18,12,8,11,17,7,0,0,0,38,0.0,1.0,0.9473684210526315,0.0,35,0.3157894736842105,0.21052631578947367,0.47368421052631576
2026-06-30 14:18:01,48,38,0,18,12,8,12,25,11,0,0,0,38,0.0,1.0,1.263157894736842,0.0,48,0.3157894736842105,0.21052631578947367,0.47368421052631576
2026-06-30 14:33:01,35,38,0,18,12,8,15,13,7,0,0,0,38,0.0,1.0,0.9210526315789473,0.0,35,0.3157894736842105,0.21052631578947367,0.47368421052631576
2026-06-30 14:48:02,32,38,0,18,12,8,11,13,8,0,0,0,38,0.0,1.0,0.8421052631578947,0.0,32,0.3157894736842105,0.21052631578947367,0.47368421052631576
2026-06-30 15:03:02,38,38,0,18,12,8,10,11,17,0,0,0,38,0.0,1.0,1.0,0.0,38,0.3157894736842105,0.21052631578947367,0.47368421052631576
2026-06-30 15:18:01,38,38,0,18,12,8,13,11,13,1,0,0,38,0.0,1.0,1.0,0.02631578947368421,37,0.3157894736842105,0.21052631578947367,0.47368421052631576
2026-06-30 15:33:02,34,38,0,18,12,8,14,12,8,0,0,0,38,0.0,1.0,0.8947368421052632,0.0,34,0.3157894736842105,0.21052631578947367,0.47368421052631576
2026-06-30 15:48:01,50,38,0,18,12,8,17,19,14,0,0,0,38,0.0,1.0,1.3157894736842106,0.0,50,0.3157894736842105,0.21052631578947367,0.47368421052631576
2026-06-30 16:03:01,34,38,0,18,12,8,14,14,6,0,0,0,38,0.0,1.0,0.8947368421052632,0.0,34,0.3157894736842105,0.21052631578947367,0.47368421052631576
2026-06-30 16:18:01,45,37,1,18,12,7,11,16,18,2,1,0,38,0.02631578947368421,0.9736842105263158,1.1842105263157894,0.05263157894736842,45,0.3157894736842105,0.18421052631578946,0.47368421052631576
2026-06-30 16:33:02,45,38,0,18,12,8,20,10,15,0,0,0,38,0.0,1.0,1.1842105263157894,0.0,45,0.3157894736842105,0.21052631578947367,0.47368421052631576
2026-06-30 16:48:02,45,38,0,18,12,8,13,23,7,0,0,0,38,0.0,1.0,1.1842105263157894,0.0,43,0.3157894736842105,0.21052631578947367,0.47368421052631576
2026-06-30 17:03:01,35,38,0,18,12,8,11,17,6,1,0,0,38,0.0,1.0,0.9210526315789473,0.02631578947368421,34,0.3157894736842105,0.21052631578947367,0.47368421052631576
2026-06-30 17:18:01,39,38,0,18,12,8,14,17,8,0,0,0,38,0.0,1.0,1.0263157894736843,0.0,39,0.3157894736842105,0.21052631578947367,0.47368421052631576
2026-06-30 17:33:01,40,38,0,18,12,8,12,14,13,1,0,0,38,0.0,1.0,1.0526315789473684,0.02631578947368421,39,0.3157894736842105,0.21052631578947367,0.47368421052631576
2026-06-30 17:48:01,35,38,0,18,12,8,14,15,5,1,0,0,38,0.0,1.0,0.9210526315789473,0.02631578947368421,34,0.3157894736842105,0.21052631578947367,0.47368421052631576
2026-06-30 18:03:01,39,38,0,18,12,8,14,19,6,0,0,0,38,0.0,1.0,1.0263157894736843,0.0,39,0.3157894736842105,0.21052631578947367,0.47368421052631576
2026-06-30 18:18:01,47,38,0,18,12,8,11,29,7,0,0,0,38,0.0,1.0,1.236842105263158,0.0,47,0.3157894736842105,0.21052631578947367,0.47368421052631576
2026-06-30 18:33:01,44,38,0,18,12,8,10,27,6,0,0,0,38,0.0,1.0,1.1578947368421053,0.0,43,0.3157894736842105,0.21052631578947367,0.47368421052631576
2026-06-30 18:48:01,45,38,0,18,12,8,17,23,5,0,0,0,38,0.0,1.0,1.1842105263157894,0.0,45,0.3157894736842105,0.21052631578947367,0.47368421052631576
2026-06-30 19:03:01,35,38,0,18,12,8,9,12,14,0,0,0,38,0.0,1.0,0.9210526315789473,0.0,35,0.3157894736842105,0.21052631578947367,0.47368421052631576
2026-06-30 19:18:01,34,38,0,18,12,8,12,11,10,1,0,0,38,0.0,1.0,0.8947368421052632,0.02631578947368421,33,0.3157894736842105,0.21052631578947367,0.47368421052631576
2026-06-30 19:33:01,33,38,0,18,12,8,13,11,9,0,0,0,38,0.0,1.0,0.868421052631579,0.0,33,0.3157894736842105,0.21052631578947367,0.47368421052631576
2026-06-30 19:48:01,49,38,0,18,12,8,19,23,6,1,0,0,38,0.0,1.0,1.2894736842105263,0.02631578947368421,48,0.3157894736842105,0.21052631578947367,0.47368421052631576
2026-06-30 20:03:02,31,38,0,18,12,8,14,11,6,0,0,0,38,0.0,1.0,0.8157894736842105,0.0,31,0.3157894736842105,0.21052631578947367,0.47368421052631576
2026-06-30 20:18:01,39,38,0,18,12,8,13,19,7,0,0,0,38,0.0,1.0,1.0263157894736843,0.0,39,0.3157894736842105,0.21052631578947367,0.47368421052631576
2026-06-30 20:33:01,39,38,0,18,12,8,10,22,7,0,0,0,38,0.0,1.0,1.0263157894736843,0.0,39,0.3157894736842105,0.21052631578947367,0.47368421052631576
2026-06-30 20:48:01,42,38,0,18,12,8,14,18,6,1,0,0,38,0.0,1.0,1.105263157894737,0.02631578947368421,38,0.3157894736842105,0.21052631578947367,0.47368421052631576
2026-06-30 21:03:01,30,38,0,18,12,8,12,11,6,1,0,0,38,0.0,1.0,0.7894736842105263,0.02631578947368421,29,0.3157894736842105,0.21052631578947367,0.47368421052631576
2026-06-30 21:18:01,55,38,0,18,12,8,19,30,6,0,0,0,38,0.0,1.0,1.4473684210526316,0.0,55,0.3157894736842105,0.21052631578947367,0.47368421052631576
2026-06-30 21:33:01,50,38,0,18,12,8,19,22,9,0,0,0,38,0.0,1.0,1.3157894736842106,0.0,50,0.3157894736842105,0.21052631578947367,0.47368421052631576
2026-06-30 21:48:02,39,38,0,18,12,8,16,16,7,0,0,0,38,0.0,1.0,1.0263157894736843,0.0,39,0.3157894736842105,0.21052631578947367,0.47368421052631576
2026-06-30 22:03:01,50,38,0,18,12,8,17,22,11,0,0,0,38,0.0,1.0,1.3157894736842106,0.0,50,0.3157894736842105,0.21052631578947367,0.47368421052631576
2026-06-30 22:18:01,46,38,0,18,12,8,18,13,15,0,0,0,38,0.0,1.0,1.2105263157894737,0.0,46,0.3157894736842105,0.21052631578947367,0.47368421052631576
2026-06-30 22:33:01,33,38,0,18,12,8,10,16,6,1,0,0,38,0.0,1.0,0.868421052631579,0.02631578947368421,32,0.3157894736842105,0.21052631578947367,0.47368421052631576
2026-06-30 22:48:01,37,38,0,18,12,8,13,15,9,0,0,0,38,0.0,1.0,0.9736842105263158,0.0,37,0.3157894736842105,0.21052631578947367,0.47368421052631576
2026-06-30 23:03:02,41,38,0,18,12,8,20,15,6,0,0,0,38,0.0,1.0,1.0789473684210527,0.0,41,0.3157894736842105,0.21052631578947367,0.47368421052631576
2026-06-30 23:18:01,55,38,0,18,12,8,12,12,30,0,0,0,38,0.0,1.0,1.4473684210526316,0.0,54,0.3157894736842105,0.21052631578947367,0.47368421052631576
2026-06-30 23:33:01,36,38,0,18,12,8,13,16,7,0,0,0,38,0.0,1.0,0.9473684210526315,0.0,36,0.3157894736842105,0.21052631578947367,0.47368421052631576
2026-06-30 23:48:02,34,38,0,18,12,8,17,11,6,0,0,0,38,0.0,1.0,0.8947368421052632,0.0,34,0.3157894736842105,0.21052631578947367,0.47368421052631576
2026-07-01 00:03:06,42,38,0,18,12,8,13,23,5,1,0,0,38,0.0,1.0,1.105263157894737,0.02631578947368421,41,0.3157894736842105,0.21052631578947367,0.47368421052631576
2026-07-01 00:18:01,42,38,0,18,12,8,16,13,12,0,0,0,38,0.0,1.0,1.105263157894737,0.0,41,0.3157894736842105,0.21052631578947367,0.47368421052631576
2026-07-01 00:33:01,47,38,0,18,12,8,18,16,13,0,0,0,38,0.0,1.0,1.236842105263158,0.0,47,0.3157894736842105,0.21052631578947367,0.47368421052631576
2026-07-01 00:48:01,43,38,0,18,12,8,17,17,9,0,0,0,38,0.0,1.0,1.131578947368421,0.0,43,0.3157894736842105,0.21052631578947367,0.47368421052631576
2026-07-01 01:03:01,28,38,0,18,12,8,10,11,6,1,0,0,38,0.0,1.0,0.7368421052631579,0.02631578947368421,27,0.3157894736842105,0.21052631578947367,0.47368421052631576
2026-07-01 01:18:01,30,38,0,18,12,8,8,14,7,1,0,0,38,0.0,1.0,0.7894736842105263,0.02631578947368421,29,0.3157894736842105,0.21052631578947367,0.47368421052631576
2026-07-01 01:33:01,34,38,0,18,12,8,12,12,10,0,0,0,38,0.0,1.0,0.8947368421052632,0.0,34,0.3157894736842105,0.21052631578947367,0.47368421052631576
2026-07-01 01:48:01,36,38,0,18,12,8,9,16,11,0,0,0,38,0.0,1.0,0.9473684210526315,0.0,36,0.3157894736842105,0.21052631578947367,0.47368421052631576
2026-07-01 02:03:02,38,38,0,18,12,8,15,17,6,0,0,0,38,0.0,1.0,1.0,0.0,38,0.3157894736842105,0.21052631578947367,0.47368421052631576
2026-07-01 02:18:01,43,38,0,18,12,8,19,18,6,0,0,0,38,0.0,1.0,1.131578947368421,0.0,43,0.3157894736842105,0.21052631578947367,0.47368421052631576
2026-07-01 02:33:02,46,38,0,18,12,8,19,20,7,0,0,0,38,0.0,1.0,1.2105263157894737,0.0,46,0.3157894736842105,0.21052631578947367,0.47368421052631576
2026-07-01 02:48:01,34,38,0,18,12,8,12,14,7,1,0,0,38,0.0,1.0,0.8947368421052632,0.02631578947368421,33,0.3157894736842105,0.21052631578947367,0.47368421052631576
2026-07-01 03:03:01,38,38,0,18,12,8,18,11,8,1,0,0,38,0.0,1.0,1.0,0.02631578947368421,37,0.3157894736842105,0.21052631578947367,0.47368421052631576
2026-07-01 03:18:01,53,38,0,18,12,8,12,9,11,0,0,0,38,0.0,1.0,1.394736842105263,0.0,32,0.3157894736842105,0.21052631578947367,0.47368421052631576
2026-07-01 03:33:01,41,38,0,18,12,8,14,18,8,1,0,0,38,0.0,1.0,1.0789473684210527,0.02631578947368421,40,0.3157894736842105,0.21052631578947367,0.47368421052631576
2026-07-01 03:48:02,31,38,0,18,12,8,12,11,8,0,0,0,38,0.0,1.0,0.8157894736842105,0.0,31,0.3157894736842105,0.21052631578947367,0.47368421052631576
2026-07-01 04:03:01,55,38,0,18,12,8,19,25,10,1,0,0,38,0.0,1.0,1.4473684210526316,0.02631578947368421,54,0.3157894736842105,0.21052631578947367,0.47368421052631576
2026-07-01 04:18:01,41,38,0,18,12,8,11,22,8,0,0,0,38,0.0,1.0,1.0789473684210527,0.0,41,0.3157894736842105,0.21052631578947367,0.47368421052631576
2026-07-01 04:33:01,44,38,0,18,12,8,18,20,6,0,0,0,38,0.0,1.0,1.1578947368421053,0.0,44,0.3157894736842105,0.21052631578947367,0.47368421052631576
2026-07-01 04:48:01,43,38,0,18,12,8,11,20,6,0,0,0,38,0.0,1.0,1.131578947368421,0.0,37,0.3157894736842105,0.21052631578947367,0.47368421052631576
2026-07-01 05:03:01,43,38,0,18,12,8,14,20,9,0,0,0,38,0.0,1.0,1.131578947368421,0.0,43,0.3157894736842105,0.21052631578947367,0.47368421052631576
2026-07-01 05:18:02,35,38,0,18,12,8,11,11,13,0,0,0,38,0.0,1.0,0.9210526315789473,0.0,35,0.3157894736842105,0.21052631578947367,0.47368421052631576
2026-07-01 05:33:02,35,38,0,18,12,8,12,17,6,0,0,0,38,0.0,1.0,0.9210526315789473,0.0,35,0.3157894736842105,0.21052631578947367,0.47368421052631576
2026-07-01 05:48:01,40,38,0,18,12,8,9,23,8,0,0,0,38,0.0,1.0,1.0526315789473684,0.0,40,0.3157894736842105,0.21052631578947367,0.47368421052631576
2026-07-01 06:03:01,58,38,0,18,12,8,15,16,12,0,0,0,38,0.0,1.0,1.5263157894736843,0.0,43,0.3157894736842105,0.21052631578947367,0.47368421052631576
2026-07-01 06:18:01,38,38,0,18,12,8,11,15,12,0,0,0,38,0.0,1.0,1.0,0.0,38,0.3157894736842105,0.21052631578947367,0.47368421052631576
2026-07-01 06:33:02,30,38,0,18,12,8,12,12,6,0,0,0,38,0.0,1.0,0.7894736842105263,0.0,30,0.3157894736842105,0.21052631578947367,0.47368421052631576
2026-07-01 06:48:01,32,38,0,18,12,8,8,18,6,0,0,0,38,0.0,1.0,0.8421052631578947,0.0,32,0.3157894736842105,0.21052631578947367,0.47368421052631576
2026-07-01 07:03:01,57,38,0,18,12,8,23,17,17,0,0,0,38,0.0,1.0,1.5,0.0,57,0.3157894736842105,0.21052631578947367,0.47368421052631576
2026-07-01 07:18:01,56,38,0,18,12,8,12,19,25,0,0,0,38,0.0,1.0,1.4736842105263157,0.0,56,0.3157894736842105,0.21052631578947367,0.47368421052631576
2026-07-01 07:33:01,55,38,0,18,12,8,11,19,25,0,0,0,38,0.0,1.0,1.4473684210526316,0.0,55,0.3157894736842105,0.21052631578947367,0.47368421052631576
2026-07-01 07:48:02,28,38,0,18,12,8,8,14,6,0,0,0,38,0.0,1.0,0.7368421052631579,0.0,28,0.3157894736842105,0.21052631578947367,0.47368421052631576
2026-07-01 08:03:01,44,38,0,18,12,8,12,26,6,0,0,0,38,0.0,1.0,1.1578947368421053,0.0,44,0.3157894736842105,0.21052631578947367,0.47368421052631576
2026-07-01 08:18:01,35,38,0,18,12,8,11,10,14,0,0,0,38,0.0,1.0,0.9210526315789473,0.0,35,0.3157894736842105,0.21052631578947367,0.47368421052631576
2026-07-01 08:33:01,51,38,0,18,12,8,12,17,21,1,0,0,38,0.0,1.0,1.3421052631578947,0.02631578947368421,50,0.3157894736842105,0.21052631578947367,0.47368421052631576
2026-07-01 08:48:01,41,38,0,18,12,8,11,15,13,0,0,0,38,0.0,1.0,1.0789473684210527,0.0,39,0.3157894736842105,0.21052631578947367,0.47368421052631576
2026-07-01 09:03:02,32,38,0,18,12,8,15,10,7,0,0,0,38,0.0,1.0,0.8421052631578947,0.0,32,0.3157894736842105,0.21052631578947367,0.47368421052631576
2026-07-01 09:18:01,46,38,0,18,12,8,20,16,6,1,0,0,38,0.0,1.0,1.2105263157894737,0.02631578947368421,42,0.3157894736842105,0.21052631578947367,0.47368421052631576
2026-07-01 09:33:01,40,38,0,18,12,8,13,13,14,0,0,0,38,0.0,1.0,1.0526315789473684,0.0,40,0.3157894736842105,0.21052631578947367,0.47368421052631576
2026-07-01 09:48:01,29,38,0,18,12,8,8,10,10,1,0,0,38,0.0,1.0,0.7631578947368421,0.02631578947368421,28,0.3157894736842105,0.21052631578947367,0.47368421052631576
2026-07-01 10:03:01,33,38,0,18,12,8,10,16,6,1,0,0,38,0.0,1.0,0.868421052631579,0.02631578947368421,32,0.3157894736842105,0.21052631578947367,0.47368421052631576
2026-07-01 10:18:01,29,38,0,18,12,8,9,14,6,0,0,0,38,0.0,1.0,0.7631578947368421,0.0,29,0.3157894736842105,0.21052631578947367,0.47368421052631576
2026-07-01 10:33:02,35,38,0,18,12,8,13,14,7,1,0,0,38,0.0,1.0,0.9210526315789473,0.02631578947368421,34,0.3157894736842105,0.21052631578947367,0.47368421052631576
2026-07-01 10:48:02,35,38,0,18,12,8,11,10,14,0,0,0,38,0.0,1.0,0.9210526315789473,0.0,35,0.3157894736842105,0.21052631578947367,0.47368421052631576
2026-07-01 11:03:01,40,38,0,18,12,8,20,14,6,0,0,0,38,0.0,1.0,1.0526315789473684,0.0,40,0.3157894736842105,0.21052631578947367,0.47368421052631576
2026-07-01 11:18:02,50,38,0,18,12,8,11,21,12,0,0,0,38,0.0,1.0,1.3157894736842106,0.0,44,0.3157894736842105,0.21052631578947367,0.47368421052631576
2026-07-01 11:33:02,49,38,0,18,12,8,8,29,6,0,0,0,38,0.0,1.0,1.2894736842105263,0.0,43,0.3157894736842105,0.21052631578947367,0.47368421052631576
2026-07-01 11:48:01,44,38,0,18,12,8,22,15,7,0,0,0,38,0.0,1.0,1.1578947368421053,0.0,44,0.3157894736842105,0.21052631578947367,0.47368421052631576
2026-07-01 12:03:01,42,38,0,18,12,8,12,20,10,0,0,0,38,0.0,1.0,1.105263157894737,0.0,42,0.3157894736842105,0.21052631578947367,0.47368421052631576
2026-07-01 12:18:01,47,38,0,18,12,8,10,28,8,1,0,0,38,0.0,1.0,1.236842105263158,0.02631578947368421,46,0.3157894736842105,0.21052631578947367,0.47368421052631576
2026-07-01 12:33:01,70,38,0,18,12,8,15,33,22,0,0,0,38,0.0,1.0,1.8421052631578947,0.0,70,0.3157894736842105,0.21052631578947367,0.47368421052631576
2026-07-01 12:48:02,34,38,0,18,12,8,11,15,8,0,0,0,38,0.0,1.0,0.8947368421052632,0.0,34,0.3157894736842105,0.21052631578947367,0.47368421052631576
2026-07-01 13:03:02,37,38,0,18,12,8,15,16,6,0,0,0,38,0.0,1.0,0.9736842105263158,0.0,37,0.3157894736842105,0.21052631578947367,0.47368421052631576
2026-07-01 13:18:01,36,38,0,18,12,8,14,15,7,0,0,0,38,0.0,1.0,0.9473684210526315,0.0,36,0.3157894736842105,0.21052631578947367,0.47368421052631576
2026-07-01 13:33:01,33,38,0,18,12,8,15,10,8,0,0,0,38,0.0,1.0,0.868421052631579,0.0,33,0.3157894736842105,0.21052631578947367,0.47368421052631576
2026-07-01 13:48:01,41,38,0,18,12,8,15,20,6,0,0,0,38,0.0,1.0,1.0789473684210527,0.0,41,0.3157894736842105,0.21052631578947367,0.47368421052631576
2026-07-01 14:03:01,30,38,0,18,12,8,12,9,8,1,0,0,38,0.0,1.0,0.7894736842105263,0.02631578947368421,29,0.3157894736842105,0.21052631578947367,0.47368421052631576
2026-07-01 14:18:01,33,38,0,18,12,8,12,15,6,0,0,0,38,0.0,1.0,0.868421052631579,0.0,33,0.3157894736842105,0.21052631578947367,0.47368421052631576
2026-07-01 14:33:01,30,38,0,18,12,8,12,12,6,0,0,0,38,0.0,1.0,0.7894736842105263,0.0,30,0.3157894736842105,0.21052631578947367,0.47368421052631576
2026-07-01 14:48:02,38,38,0,18,12,8,17,12,9,0,0,0,38,0.0,1.0,1.0,0.0,38,0.3157894736842105,0.21052631578947367,0.47368421052631576
2026-07-01 15:03:02,33,38,0,18,12,8,12,13,8,0,0,0,38,0.0,1.0,0.868421052631579,0.0,33,0.3157894736842105,0.21052631578947367,0.47368421052631576
2026-07-01 15:18:01,59,38,0,18,12,8,15,29,15,0,0,0,38,0.0,1.0,1.5526315789473684,0.0,59,0.3157894736842105,0.21052631578947367,0.47368421052631576
2026-07-01 15:33:02,47,38,0,18,12,8,13,26,8,0,0,0,38,0.0,1.0,1.236842105263158,0.0,47,0.3157894736842105,0.21052631578947367,0.47368421052631576
2026-07-01 15:48:01,33,38,0,18,12,8,12,14,6,1,0,0,38,0.0,1.0,0.868421052631579,0.02631578947368421,32,0.3157894736842105,0.21052631578947367,0.47368421052631576
2026-07-01 16:03:01,30,38,0,18,12,8,9,13,7,1,0,0,38,0.0,1.0,0.7894736842105263,0.02631578947368421,29,0.3157894736842105,0.21052631578947367,0.47368421052631576
2026-07-01 16:18:01,48,38,0,18,12,8,13,30,5,0,0,0,38,0.0,1.0,1.263157894736842,0.0,48,0.3157894736842105,0.21052631578947367,0.47368421052631576
2026-07-01 16:33:02,38,38,0,18,12,8,12,19,7,0,0,0,38,0.0,1.0,1.0,0.0,38,0.3157894736842105,0.21052631578947367,0.47368421052631576
2026-07-01 16:48:02,35,38,0,18,12,8,9,18,8,0,0,0,38,0.0,1.0,0.9210526315789473,0.0,35,0.3157894736842105,0.21052631578947367,0.47368421052631576
2026-07-01 17:03:02,62,38,0,18,12,8,12,34,15,1,0,0,38,0.0,1.0,1.631578947368421,0.02631578947368421,61,0.3157894736842105,0.21052631578947367,0.47368421052631576
2026-07-01 17:18:02,30,38,0,18,12,8,11,13,6,0,0,0,38,0.0,1.0,0.7894736842105263,0.0,30,0.3157894736842105,0.21052631578947367,0.47368421052631576
2026-07-01 17:33:01,33,38,0,18,12,8,15,11,6,1,0,0,38,0.0,1.0,0.868421052631579,0.02631578947368421,32,0.3157894736842105,0.21052631578947367,0.47368421052631576
2026-07-01 17:48:02,27,38,0,18,12,8,8,12,7,0,0,0,38,0.0,1.0,0.7105263157894737,0.0,27,0.3157894736842105,0.21052631578947367,0.47368421052631576
2026-07-01 18:03:01,32,38,0,18,12,8,12,11,8,0,0,0,38,0.0,1.0,0.8421052631578947,0.0,31,0.3157894736842105,0.21052631578947367,0.47368421052631576
2026-07-01 18:18:02,41,38,0,18,12,8,19,14,8,0,0,0,38,0.0,1.0,1.0789473684210527,0.0,41,0.3157894736842105,0.21052631578947367,0.47368421052631576
2026-07-01 18:33:02,44,38,0,18,12,8,22,14,8,0,0,0,38,0.0,1.0,1.1578947368421053,0.0,44,0.3157894736842105,0.21052631578947367,0.47368421052631576
2026-07-01 18:48:02,32,38,0,18,12,8,14,12,6,0,0,0,38,0.0,1.0,0.8421052631578947,0.0,32,0.3157894736842105,0.21052631578947367,0.47368421052631576
2026-07-01 19:03:01,44,38,0,18,12,8,19,19,6,0,0,0,38,0.0,1.0,1.1578947368421053,0.0,44,0.3157894736842105,0.21052631578947367,0.47368421052631576
2026-07-01 19:18:06,52,38,0,18,12,8,11,34,7,0,0,0,38,0.0,1.0,1.368421052631579,0.0,52,0.3157894736842105,0.21052631578947367,0.47368421052631576
2026-07-01 19:33:01,50,38,0,18,12,8,13,27,9,0,0,0,38,0.0,1.0,1.3157894736842106,0.0,49,0.3157894736842105,0.21052631578947367,0.47368421052631576
2026-07-01 19:48:02,54,38,0,18,12,8,16,18,20,0,0,0,38,0.0,1.0,1.4210526315789473,0.0,54,0.3157894736842105,0.21052631578947367,0.47368421052631576
2026-07-01 20:03:01,34,38,0,18,12,8,14,13,7,0,0,0,38,0.0,1.0,0.8947368421052632,0.0,34,0.3157894736842105,0.21052631578947367,0.47368421052631576
2026-07-01 20:18:01,38,38,0,18,12,8,18,13,6,1,0,0,38,0.0,1.0,1.0,0.02631578947368421,37,0.3157894736842105,0.21052631578947367,0.47368421052631576
2026-07-01 20:33:01,44,38,0,18,12,8,9,20,5,0,0,0,38,0.0,1.0,1.1578947368421053,0.0,34,0.3157894736842105,0.21052631578947367,0.47368421052631576
2026-07-01 20:48:02,42,38,0,18,12,8,12,21,9,0,0,0,38,0.0,1.0,1.105263157894737,0.0,42,0.3157894736842105,0.21052631578947367,0.47368421052631576
2026-07-01 21:03:04,46,38,0,18,12,8,23,18,5,0,0,0,38,0.0,1.0,1.2105263157894737,0.0,46,0.3157894736842105,0.21052631578947367,0.47368421052631576
2026-07-01 21:18:02,41,38,0,18,12,8,19,10,10,2,0,0,38,0.0,1.0,1.0789473684210527,0.05263157894736842,39,0.3157894736842105,0.21052631578947367,0.47368421052631576
2026-07-01 21:33:04,45,38,0,18,12,8,16,16,13,0,0,0,38,0.0,1.0,1.1842105263157894,0.0,45,0.3157894736842105,0.21052631578947367,0.47368421052631576
2026-07-01 21:48:02,38,38,0,18,12,8,15,13,9,1,0,0,38,0.0,1.0,1.0,0.02631578947368421,37,0.3157894736842105,0.21052631578947367,0.47368421052631576
2026-07-01 22:03:01,33,38,0,18,12,8,13,13,6,1,0,0,38,0.0,1.0,0.868421052631579,0.02631578947368421,32,0.3157894736842105,0.21052631578947367,0.47368421052631576
2026-07-01 22:18:01,31,38,0,18,12,8,15,10,6,0,0,0,38,0.0,1.0,0.8157894736842105,0.0,31,0.3157894736842105,0.21052631578947367,0.47368421052631576
2026-07-01 22:33:01,53,38,0,18,12,8,19,18,15,1,0,0,38,0.0,1.0,1.394736842105263,0.02631578947368421,52,0.3157894736842105,0.21052631578947367,0.47368421052631576
2026-07-01 22:48:01,68,37,1,18,12,7,14,17,35,5,1,0,38,0.02631578947368421,0.9736842105263158,1.7894736842105263,0.13157894736842105,66,0.3157894736842105,0.18421052631578946,0.47368421052631576
2026-07-01 23:03:01,40,38,0,18,12,8,13,20,6,1,0,0,38,0.0,1.0,1.0526315789473684,0.02631578947368421,39,0.3157894736842105,0.21052631578947367,0.47368421052631576
2026-07-01 23:18:02,55,38,0,18,12,8,20,24,11,0,0,0,38,0.0,1.0,1.4473684210526316,0.0,55,0.3157894736842105,0.21052631578947367,0.47368421052631576
2026-07-01 23:33:01,40,38,0,18,12,8,10,22,8,0,0,0,38,0.0,1.0,1.0526315789473684,0.0,40,0.3157894736842105,0.21052631578947367,0.47368421052631576
2026-07-01 23:48:01,57,38,0,18,12,8,12,34,10,1,0,0,38,0.0,1.0,1.5,0.02631578947368421,56,0.3157894736842105,0.21052631578947367,0.47368421052631576
2026-07-02 00:03:03,43,38,0,18,12,8,12,23,8,0,0,0,38,0.0,1.0,1.131578947368421,0.0,43,0.3157894736842105,0.21052631578947367,0.47368421052631576
2026-07-02 00:18:01,43,38,0,18,12,8,20,10,13,0,0,0,38,0.0,1.0,1.131578947368421,0.0,43,0.3157894736842105,0.21052631578947367,0.47368421052631576
2026-07-02 00:33:01,48,38,0,18,12,8,19,18,7,4,0,0,38,0.0,1.0,1.263157894736842,0.10526315789473684,44,0.3157894736842105,0.21052631578947367,0.47368421052631576
2026-07-02 00:48:01,39,38,0,18,12,8,16,17,6,0,0,0,38,0.0,1.0,1.0263157894736843,0.0,39,0.3157894736842105,0.21052631578947367,0.47368421052631576
2026-07-02 01:03:01,31,38,0,18,12,8,7,15,8,1,0,0,38,0.0,1.0,0.8157894736842105,0.02631578947368421,30,0.3157894736842105,0.21052631578947367,0.47368421052631576
2026-07-02 01:18:01,39,38,0,18,12,8,17,13,8,1,0,0,38,0.0,1.0,1.0263157894736843,0.02631578947368421,38,0.3157894736842105,0.21052631578947367,0.47368421052631576
2026-07-02 01:33:01,40,38,0,18,12,8,17,17,6,0,0,0,38,0.0,1.0,1.0526315789473684,0.0,40,0.3157894736842105,0.21052631578947367,0.47368421052631576
2026-07-02 01:48:01,63,37,1,18,12,7,15,14,33,3,1,0,38,0.02631578947368421,0.9736842105263158,1.6578947368421053,0.07894736842105263,62,0.3157894736842105,0.18421052631578946,0.47368421052631576
2026-07-02 02:03:02,52,38,0,18,12,8,20,16,16,0,0,0,38,0.0,1.0,1.368421052631579,0.0,52,0.3157894736842105,0.21052631578947367,0.47368421052631576
2026-07-02 02:18:01,49,38,0,18,12,8,10,15,24,0,0,0,38,0.0,1.0,1.2894736842105263,0.0,49,0.3157894736842105,0.21052631578947367,0.47368421052631576
2026-07-02 02:33:01,59,38,0,18,12,8,17,32,9,1,0,0,38,0.0,1.0,1.5526315789473684,0.02631578947368421,58,0.3157894736842105,0.21052631578947367,0.47368421052631576
2026-07-02 02:48:01,33,38,0,18,12,8,12,14,7,0,0,0,38,0.0,1.0,0.868421052631579,0.0,33,0.3157894736842105,0.21052631578947367,0.47368421052631576
2026-07-02 03:03:01,36,38,0,18,12,8,14,15,7,0,0,0,38,0.0,1.0,0.9473684210526315,0.0,36,0.3157894736842105,0.21052631578947367,0.47368421052631576
2026-07-02 03:18:03,66,38,0,18,12,8,22,14,30,0,0,0,38,0.0,1.0,1.736842105263158,0.0,66,0.3157894736842105,0.21052631578947367,0.47368421052631576
2026-07-02 03:33:01,59,38,0,18,12,8,9,30,20,0,0,0,38,0.0,1.0,1.5526315789473684,0.0,59,0.3157894736842105,0.21052631578947367,0.47368421052631576
2026-07-02 03:48:01,38,38,0,18,12,8,16,13,8,1,0,0,38,0.0,1.0,1.0,0.02631578947368421,37,0.3157894736842105,0.21052631578947367,0.47368421052631576
2026-07-02 04:03:01,30,38,0,18,12,8,8,12,9,1,0,0,38,0.0,1.0,0.7894736842105263,0.02631578947368421,29,0.3157894736842105,0.21052631578947367,0.47368421052631576
2026-07-02 04:18:01,51,38,0,18,12,8,14,15,21,1,0,0,38,0.0,1.0,1.3421052631578947,0.02631578947368421,50,0.3157894736842105,0.21052631578947367,0.47368421052631576
2026-07-02 04:33:01,41,38,0,18,12,8,14,20,7,0,0,0,38,0.0,1.0,1.0789473684210527,0.0,41,0.3157894736842105,0.21052631578947367,0.47368421052631576
2026-07-02 04:48:02,45,38,0,18,12,8,12,10,23,0,0,0,38,0.0,1.0,1.1842105263157894,0.0,45,0.3157894736842105,0.21052631578947367,0.47368421052631576
2026-07-02 05:03:01,50,38,0,18,12,8,10,15,24,1,0,0,38,0.0,1.0,1.3157894736842106,0.02631578947368421,49,0.3157894736842105,0.21052631578947367,0.47368421052631576
2026-07-02 05:18:02,47,38,0,18,12,8,14,26,7,0,0,0,38,0.0,1.0,1.236842105263158,0.0,47,0.3157894736842105,0.21052631578947367,0.47368421052631576
2026-07-02 05:33:04,48,38,0,18,12,8,14,26,8,0,0,0,38,0.0,1.0,1.263157894736842,0.0,48,0.3157894736842105,0.21052631578947367,0.47368421052631576
2026-07-02 05:48:01,36,38,0,18,12,8,12,15,9,0,0,0,38,0.0,1.0,0.9473684210526315,0.0,36,0.3157894736842105,0.21052631578947367,0.47368421052631576
2026-07-02 06:03:02,27,38,0,18,12,8,9,10,8,0,0,0,38,0.0,1.0,0.7105263157894737,0.0,27,0.3157894736842105,0.21052631578947367,0.47368421052631576
2026-07-02 06:18:01,39,38,0,18,12,8,19,13,6,1,0,0,38,0.0,1.0,1.0263157894736843,0.02631578947368421,38,0.3157894736842105,0.21052631578947367,0.47368421052631576
2026-07-02 06:33:04,54,38,0,18,12,8,19,24,11,0,0,0,38,0.0,1.0,1.4210526315789473,0.0,54,0.3157894736842105,0.21052631578947367,0.47368421052631576
2026-07-02 06:48:01,52,38,0,18,12,8,13,19,20,0,0,0,38,0.0,1.0,1.368421052631579,0.0,52,0.3157894736842105,0.21052631578947367,0.47368421052631576
2026-07-02 07:03:01,43,38,0,18,12,8,12,23,8,0,0,0,38,0.0,1.0,1.131578947368421,0.0,43,0.3157894736842105,0.21052631578947367,0.47368421052631576
2026-07-02 07:18:02,57,38,0,18,12,8,8,36,13,0,0,0,38,0.0,1.0,1.5,0.0,57,0.3157894736842105,0.21052631578947367,0.47368421052631576
2026-07-02 07:33:02,54,38,0,18,12,8,11,34,9,0,0,0,38,0.0,1.0,1.4210526315789473,0.0,54,0.3157894736842105,0.21052631578947367,0.47368421052631576
2026-07-02 07:48:01,39,38,0,18,12,8,16,18,5,0,0,0,38,0.0,1.0,1.0263157894736843,0.0,39,0.3157894736842105,0.21052631578947367,0.47368421052631576
2026-07-02 08:03:01,38,38,0,18,12,8,9,23,6,0,0,0,38,0.0,1.0,1.0,0.0,38,0.3157894736842105,0.21052631578947367,0.47368421052631576
2026-07-02 08:18:01,52,38,0,18,12,8,13,18,13,1,0,0,38,0.0,1.0,1.368421052631579,0.02631578947368421,44,0.3157894736842105,0.21052631578947367,0.47368421052631576
2026-07-02 08:33:01,56,38,0,18,12,8,21,26,9,0,0,0,38,0.0,1.0,1.4736842105263157,0.0,56,0.3157894736842105,0.21052631578947367,0.47368421052631576
2026-07-02 08:48:01,41,38,0,18,12,8,9,25,7,0,0,0,38,0.0,1.0,1.0789473684210527,0.0,41,0.3157894736842105,0.21052631578947367,0.47368421052631576
2026-07-02 09:03:01,38,38,0,18,12,8,12,12,13,1,0,0,38,0.0,1.0,1.0,0.02631578947368421,37,0.3157894736842105,0.21052631578947367,0.47368421052631576
2026-07-02 09:18:01,48,38,0,18,12,8,20,22,6,0,0,0,38,0.0,1.0,1.263157894736842,0.0,48,0.3157894736842105,0.21052631578947367,0.47368421052631576
2026-07-02 09:33:03,46,38,0,18,12,8,18,21,7,0,0,0,38,0.0,1.0,1.2105263157894737,0.0,46,0.3157894736842105,0.21052631578947367,0.47368421052631576
2026-07-02 09:48:02,38,38,0,18,12,8,11,12,15,0,0,0,38,0.0,1.0,1.0,0.0,38,0.3157894736842105,0.21052631578947367,0.47368421052631576
