cpu_mean,cpu_max,memory_usage_rate,pdp_success_rate,pdp_failure_rate,gtp_error_rate,total_bytes,total_packets,drop_rate,tunnel_utilization,pdp_per_subscriber,Time
14.142857142857142,30,0.388081593485255,0.45219203854564666,0.5478079614543534,0.1116436517333078,49431403270287171,58185392285519,0.07282983538582499,1886.8241245692016,0.06493472618907886,2026-06-02 11:33:00
14.285714285714286,28,0.38810425668812554,0.45218725236934054,0.5478127476306595,0.11164168386256791,49439898875082018,58194874065370,0.0728191239775485,1885.6835549903285,0.06528249643023684,2026-06-02 11:48:00
14.714285714285714,28,0.38810350593359005,0.4521824119697059,0.5478175952632622,0.11164280944686204,49448612820350492,58204589030565,0.07280814035140114,1886.2790099989472,0.0657627089176847,2026-06-02 12:03:00
15.0,30,0.3881208116243075,0.45217886017003067,0.5478211506781725,0.11164082120834404,49457398259183667,58214395956059,0.0727969870369826,1883.3698122634576,0.0656263112963204,2026-06-02 12:18:00
14.571428571428571,31,0.3881164540533017,0.4521733012439011,0.5478267059874008,0.1116414449547495,49466292418312800,58224313894729,0.07278605356410486,1884.090483031776,0.06483282098212152,2026-06-02 12:33:00
14.428571428571429,27,0.3881065504828339,0.4521670312174206,0.5478329687825795,0.11164402976397152,49475218785702946,58234240001665,0.07277531339726988,1885.6559250907503,0.06392129907569337,2026-06-02 12:48:00
15.142857142857142,30,0.38812029408288307,0.45216347307626065,0.5478365305385341,0.11164643865247358,49484331566385980,58244358626088,0.07276396531161618,1888.650380973071,0.06307217326458307,2026-06-02 13:03:00
15.285714285714286,34,0.38813705347987476,0.4521577520592693,0.5478422479407307,0.11164966460283972,49493614529784708,58254655080816,0.07275234800926117,1891.7644620213362,0.06239810350720275,2026-06-02 13:18:00
15.285714285714286,33,0.38813553280260293,0.45215154012652203,0.5478484743293321,0.11165263046188109,49503038387510984,58265101636799,0.0727407734827019,1894.8030833273003,0.06185589535552755,2026-06-02 13:33:00
15.142857142857142,32,0.38813886168016015,0.45214418695078873,0.5478558130492113,0.11165614741440785,49512508981997180,58275595330629,0.07272911415584252,1898.1762180985415,0.060586964481340634,2026-06-02 13:48:00
15.142857142857142,32,0.3881492604291514,0.4521379226510087,0.5478620809621281,0.11165971507620132,49521980029091643,58286069231907,0.07271761602523368,1901.7316817844342,0.06029299959061933,2026-06-02 14:03:00
14.714285714285714,29,0.38815299822832794,0.45213213320662005,0.54786786679338,0.11166294726826279,49531450019792901,58296535851922,0.0727059023904464,1904.03555072644,0.05985644406324189,2026-06-02 14:18:00
14.714285714285714,32,0.3881501677239942,0.45212538676890257,0.5478746132310974,0.1116650266187435,49540869018950658,58306951813540,0.07269415745536746,1908.6191849403642,0.05915244563582717,2026-06-02 14:33:00
14.571428571428571,29,0.3881495096157631,0.4521184466552157,0.5478815533447843,0.11166923473795075,49550253031515613,58317326808759,0.07268262484667547,1912.7438564555976,0.059480887655054375,2026-06-02 14:48:00
14.428571428571429,28,0.38815842921858446,0.4521137199251131,0.5478862836863791,0.11167342086070904,49559664956485388,58327695613281,0.07267100980380332,1915.7574015401847,0.058888286302088554,2026-06-02 15:03:00
14.285714285714286,26,0.388146627996227,0.45210844562755415,0.5478915543724459,0.11167685628468448,49568997297884141,58337966992309,0.07265939473139034,1920.5061397603931,0.058855830376174256,2026-06-02 15:18:00
14.142857142857142,28,0.3881540013641753,0.4521015031351585,0.5478985040861966,0.11168212387331211,49578328929874879,58348197594342,0.07264785272527495,1920.483112224922,0.05845532753116426,2026-06-02 15:33:00
14.142857142857142,29,0.3881679526197343,0.45209357629285746,0.5479064237071426,0.11168688177786763,49587527884050763,58358306134256,0.0726364458765325,1918.9518498577033,0.0591750366193111,2026-06-02 15:48:00
14.142857142857142,29,0.3882497081912962,0.45208665352069183,0.5479133500891803,0.11169011651091766,49596668385153539,58368353108024,0.07262527445947854,1918.2194324039363,0.05877296452478547,2026-06-02 16:03:00
13.428571428571429,28,0.38816363657983044,0.4520793052476433,0.5479206947523567,0.11169251158585977,49605536728114831,58378114085135,0.07261434658310438,1918.3475454750462,0.058374208843263616,2026-06-02 16:18:00
13.714285714285714,27,0.3881636238010298,0.452071953822996,0.5479280497860645,0.11169299068154641,49614186075595465,58387634305478,0.072603666380439,1915.7456588952894,0.05951609959434557,2026-06-02 16:33:00
14.142857142857142,29,0.3881589659282098,0.45206533298759505,0.5479346670124049,0.1116934732442134,49622873659990665,58397201713144,0.0725929725247749,1912.42252210636,0.060664004456287376,2026-06-02 16:48:00
14.0,27,0.38816498793799425,0.4520575749034034,0.5479424250965966,0.11169446106357032,49631504930547704,58406722495236,0.07258235361555825,1910.3034925919906,0.0608959632184448,2026-06-02 17:03:00
13.857142857142858,36,0.38816659167747003,0.45205499418619666,0.5479450094216232,0.11169577399229987,49640007759086448,58416120721923,0.07257191896371519,1903.1149010260071,0.0609549719534581,2026-06-02 17:18:00
13.571428571428571,28,0.38814751612286896,0.4520483482049203,0.5479516517950798,0.11169962872900964,49648424753487312,58425427253648,0.07256151832512779,1900.8573855701081,0.06165102625165907,2026-06-02 17:33:00
13.714285714285714,29,0.3881473819454626,0.45204192988909425,0.547958080931984,0.11170181920851693,49656772885439317,58434660392623,0.07255129532509803,1895.9265403649044,0.06181008698895265,2026-06-02 17:48:00
13.714285714285714,28,0.38815573608635723,0.4520376724454769,0.5479623347677496,0.11170398465146471,49665063850564774,58443853953902,0.07254099319049005,1891.6877055366283,0.061605678843862345,2026-06-02 18:03:00
13.714285714285714,35,0.38816416051065517,0.45203301968947857,0.5479669803105215,0.11170584190765813,49673363072124793,58453063394539,0.07253100702581983,1890.6726212536576,0.061237452652203365,2026-06-02 18:18:00
13.428571428571429,26,0.3881590426010134,0.4520291708780369,0.5479708327277684,0.11170831341363821,49681653110337080,58462269746757,0.07252109237589405,1891.9222368835883,0.06153855101459221,2026-06-02 18:33:00
13.714285714285714,29,0.3881746327377499,0.4520237812681619,0.5479762259426488,0.11170906601594786,49689908952555886,58471461587108,0.07251102890615636,1891.2066846221242,0.06126846574386414,2026-06-02 18:48:00
13.857142857142858,28,0.3881635471282262,0.45201751012637825,0.5479824970836127,0.11171174238985272,49698236396237106,58480751765220,0.07250072749353019,1891.7211203853092,0.061925525420772655,2026-06-02 19:03:00
13.714285714285714,30,0.38816150252012965,0.45201086286086034,0.5479891407437381,0.11171703850826449,49706588810712302,58490084367948,0.07249038710252677,1891.9366966726986,0.06075494064255955,2026-06-02 19:18:00
13.857142857142858,35,0.388162167017761,0.45200387606778636,0.5479961275364097,0.11172057358755504,49714942860818509,58499443246494,0.07248013845031107,1891.781635478637,0.05991599107550622,2026-06-02 19:33:00
13.142857142857142,28,0.38817116329338597,0.45199721067518467,0.5480027929286128,0.11172343268246963,49723038852590205,58508534210892,0.07247037319218386,1896.7700318456373,0.05886648989129627,2026-06-02 19:48:00
14.428571428571429,31,0.38816393368694446,0.4519907275848449,0.5480092760185504,0.11172458879734098,49731362134528829,58517878496262,0.07246020842643597,1895.5005381796957,0.061625086498889176,2026-06-02 20:03:00
14.857142857142858,32,0.38815797876586317,0.45198653310260983,0.5480134741033711,0.11172619382255526,49740089821725565,58527727492805,0.07244973262015471,1893.445694862032,0.061940858121108895,2026-06-02 20:18:00
15.285714285714286,29,0.38816770982252286,0.45198423965872786,0.548015767546408,0.11172896401292313,49749223294947411,58538060465001,0.07243853269242284,1890.3475257302018,0.06168985645155675,2026-06-02 20:33:00
15.428571428571429,31,0.38818029694111744,0.4519800869488031,0.5480199166533454,0.11173295171123904,49758649234507331,58548744132555,0.07242680567679581,1883.3583526891073,0.06122115693115239,2026-06-02 20:48:00
16.428571428571427,30,0.38819648448678207,0.4519765314210713,0.5480234721806712,0.1117379649075741,49768398426791113,58559809769673,0.07241466966834513,1874.8455835612915,0.06024517481974343,2026-06-02 21:03:00
16.571428571428573,33,0.3882464464024421,0.45197263042282115,0.548027373178511,0.11174481979505557,49778301310989254,58571091152753,0.07240210143059077,1871.419366589251,0.058951776788357675,2026-06-02 21:18:00
15.857142857142858,31,0.3882786521746634,0.45196856287886045,0.5480314371211396,0.11175265462155463,49788192377150096,58582357994795,0.07238995543250051,1873.8043021035917,0.056746510376035945,2026-06-02 21:33:00
16.428571428571427,34,0.3882985775195046,0.45196331117951477,0.5480366924210148,0.1117589914854051,49798204754321729,58593689315616,0.07237768179877607,1878.6695640788619,0.05658534051208492,2026-06-02 21:48:00
16.857142857142858,34,0.3883185955106502,0.4519594722355445,0.5480405349647167,0.11176776081937904,49808661090399794,58605519593261,0.07236512010859586,1875.1517719304509,0.056290103892290555,2026-06-02 22:03:00
17.0,34,0.38836106904915646,0.45195619913235563,0.5480438080671164,0.1117757297711027,49819366409854582,58617572653187,0.07235189665496009,1873.4862705542212,0.05470751448410702,2026-06-02 22:18:00
17.428571428571427,40,0.38837623748547295,0.4519543423373326,0.5480456612619943,0.11178506745267804,49830217496304883,58629754398305,0.07233820438017413,1873.254043047869,0.05366874501089513,2026-06-02 22:33:00
16.428571428571427,32,0.3884095007034442,0.4519496126475501,0.5480503873524498,0.1117965988694006,49841075383998526,58641909386478,0.072324559997785,1875.7824268858021,0.051528175327239654,2026-06-02 22:48:00
15.857142857142858,33,0.38841672392048543,0.4519425976241083,0.5480574059744582,0.11180624272830597,49851794562960532,58653848074324,0.07231115146502487,1886.307202293039,0.05014340358030456,2026-06-02 23:03:00
14.857142857142858,36,0.3884144109575762,0.45193534724488066,0.5480646527551194,0.11181500752318793,49862194834177315,58665349168907,0.07229834417791163,1901.622149797055,0.048613965216399276,2026-06-02 23:18:00
13.857142857142858,28,0.3884272728203837,0.45192803922629005,0.5480719607737099,0.11182415191406024,49872080314951557,58676246245673,0.07228618961920698,1918.6458970260621,0.04680020592916686,2026-06-02 23:33:00
13.428571428571429,33,0.3884297487130007,0.451919808687495,0.5480801913125051,0.1118325549792371,49881542454221004,58686599356258,0.07227479748019688,1936.057347247752,0.04512218516111667,2026-06-02 23:48:00
12.285714285714286,26,0.3884293046496797,0.45191189414901745,0.5480881058509826,0.11183948411293146,49890518888498694,58696369365681,0.0722641791536264,1952.252708144378,0.044119257125116794,2026-06-03 00:03:00
11.285714285714286,27,0.38841717756790684,0.4519046907592009,0.5480953164344857,0.1118451180889737,49898873249167750,58705436057545,0.07225427703477286,1967.4898500886652,0.042354966327424276,2026-06-03 00:18:00
10.142857142857142,21,0.38841411704516227,0.4518989891839007,0.5481010180091326,0.11185166159156143,49906627904680426,58713800700256,0.07224529694962338,1978.886015924888,0.04119658379429822,2026-06-03 00:33:00
9.285714285714286,23,0.38841902729929423,0.45189109121892773,0.5481089123772872,0.11185600486710975,49913746538086668,58721446456688,0.07223724419230271,1991.3577225980573,0.040085487986277896,2026-06-03 00:48:00
9.0,20,0.38842774563600607,0.451881237155598,0.548118762844402,0.1118603955035284,49920346983398321,58728511023431,0.07222988034475421,2003.8607597348603,0.03915193368041404,2026-06-03 01:03:00
7.857142857142857,18,0.38842703002317225,0.45187142810610537,0.5481285718938946,0.1118659072197058,49926572534627920,58735138396813,0.0722230843152176,2015.0186324599001,0.038230447262345944,2026-06-03 01:18:00
7.285714285714286,20,0.3884197588856288,0.45186352543512687,0.548136478160203,0.11187030920938619,49932179831939451,58741105228074,0.07221707804911334,2024.6498214958012,0.03737664262839189,2026-06-03 01:33:00
6.428571428571429,32,0.3884155259079288,0.45185527178004714,0.5481447318149998,0.11187458297013277,49937199680894304,58746431556901,0.07221171225435338,2032.598542233269,0.03720177290917427,2026-06-03 01:48:00
6.142857142857143,15,0.3884121970303716,0.451846175721667,0.5481538314678582,0.11187951527690966,49941794973235332,58751306373893,0.07220674747375663,2043.2285507428762,0.03652974468777782,2026-06-03 02:03:00
5.571428571428571,15,0.3884185800412731,0.45183827392026876,0.5481617368631789,0.11188310568603313,49945917193567542,58755681244834,0.07220231605504526,2046.4872157930565,0.035916023347768784,2026-06-03 02:18:00
5.0,12,0.38842597896682257,0.4518332661714446,0.5481667374227591,0.11188622603665675,49949573264250760,58759571379496,0.07219848063238864,2052.5995441909313,0.03543802558896678,2026-06-03 02:33:00
4.428571428571429,21,0.38842178432552443,0.4518263789283058,0.5481736246656355,0.11188951626086231,49952851110695493,58763066647415,0.07219514592687828,2059.0781086140564,0.035221476510067115,2026-06-03 02:48:00
4.285714285714286,18,0.3884212603946997,0.45182009178900295,0.5481799118046496,0.1118925154025551,49955890675159603,58766309404867,0.07219215182054024,2062.84401615594,0.03560501003303232,2026-06-03 03:03:00
3.7142857142857144,11,0.3884294611899871,0.4518139372486576,0.5481860627513424,0.11189567868276247,49958570556768629,58769202706717,0.0721893894693607,2066.001407654563,0.03646827847179341,2026-06-03 03:18:00
3.7142857142857144,20,0.3884362499278078,0.45180814065869424,0.5481918593413058,0.11189861788322177,49960995152708041,58771820456123,0.07218692784701719,2069.654001829147,0.03526442769063364,2026-06-03 03:33:00
3.5714285714285716,9,0.3884297231553995,0.45180226297621623,0.5481977370237837,0.11190187540329122,49963318146917234,58774319015542,0.0721846210047471,2073.8862398968768,0.035047412039861704,2026-06-03 03:48:00
3.5714285714285716,9,0.3884249630521746,0.4517976352192386,0.5482023683733711,0.11190449576328372,49965576953361898,58776746472918,0.07218241407240607,2076.331665608399,0.035265389234893134,2026-06-03 04:03:00
3.2857142857142856,9,0.38842692779276744,0.45179230427938133,0.5482076993129691,0.11190871213670282,49967730962490133,58779061076458,0.07218031582258923,2078.400453790787,0.03479672051778616,2026-06-03 04:18:00
3.4285714285714284,9,0.3884264997029472,0.4517889782540702,0.5482110217459297,0.11191166128440587,49969759321645170,58781254256091,0.07217828240567634,2078.7944885010643,0.03488623845032126,2026-06-03 04:33:00
3.2857142857142856,20,0.3884354193057685,0.4517831452643662,0.5482168583274507,0.11191433520772878,49971743201559060,58783398685464,0.07217630014206979,2078.226742781916,0.034869313729861955,2026-06-03 04:48:00
3.4285714285714284,10,0.3884343267183169,0.4517779632510446,0.5482220367489554,0.1119169303061467,49973749308481248,58785582321021,0.07217437990317946,2077.27968214102,0.03556227812344925,2026-06-03 05:03:00
3.857142857142857,9,0.3884233497285984,0.45177256747877215,0.5482274361125105,0.11191968473927333,49975870023066052,58787880590758,0.07217225643213639,2072.964123629872,0.03598697614196767,2026-06-03 05:18:00
3.857142857142857,14,0.38840526133634395,0.4517674963790728,0.5482325072119412,0.11192184364175423,49978078773997835,58790261519431,0.0721700322393474,2068.3934272521674,0.03606210035249741,2026-06-03 05:33:00
4.142857142857143,10,0.3884244135637486,0.4517627970866882,0.5482372100947938,0.11192426583252682,49980460108125532,58792819280445,0.07216758413854865,2064.300990837651,0.036630123400639904,2026-06-03 05:48:00
4.428571428571429,11,0.38649476355739854,0.45175750278417803,0.5482425008062829,0.10909148937780115,48214795031195375,56695303691538,0.07165788608784486,2028.2455870487734,0.037432504443232886,2026-06-03 06:03:00
4.857142857142857,14,0.3868026336162413,0.45175383026101734,0.5482461733291469,0.10909419015563686,48217637568708200,56698347718398,0.07165484862885509,1965.6832535670987,0.03691241589940038,2026-06-03 06:18:00
5.428571428571429,14,0.3868995160930177,0.4517509235034226,0.5482490764965774,0.10909745849912798,48220795771103683,56701725967759,0.07165150051123868,1905.8319158400266,0.03672477643772421,2026-06-03 06:33:00
5.714285714285714,19,0.38696221527817937,0.45174523504159564,0.5482547685479586,0.10909967847674835,48224244070458537,56705419079321,0.07164795977900829,1851.477621524704,0.03717473688952457,2026-06-03 06:48:00
6.285714285714286,21,0.3870612222305561,0.45173755748814726,0.5482624425118527,0.10910249383355419,48228034169914716,56709478044795,0.07164432190124713,2020.0937958447857,0.04272473826717588,2026-06-03 07:03:00
6.857142857142857,23,0.38713500702524145,0.45173244308320254,0.5482675569167975,0.10910412943827223,48232158490244763,56713904734418,0.0716402267515939,2006.5232755976003,0.043241427855042994,2026-06-03 07:18:00
7.428571428571429,22,0.3871898121063303,0.4517313366309055,0.5482686597805226,0.10910544923914134,48236577163351543,56718641185814,0.07163584011186125,2002.0350518908942,0.04477472667836388,2026-06-03 07:33:00
8.428571428571429,23,0.3880451643194342,0.4517261507103863,0.5482738492896138,0.10910779475442413,48241241913479384,56723677642996,0.07163208027194462,1993.655603693069,0.04654509460539841,2026-06-03 07:48:00
9.571428571428571,36,0.38802732511379157,0.45172309862777393,0.5482769049601259,0.10911064909208304,48246282368487998,56729184859179,0.07162834080187781,1981.6186250238623,0.04919166947994048,2026-06-03 08:03:00
10.142857142857142,21,0.3880549177389949,0.45172077775314323,0.5482792258344114,0.10911267782443919,48251745302600299,56735179964307,0.07162389508501553,1967.7051323666913,0.05166856261824652,2026-06-03 08:18:00
11.142857142857142,23,0.3881223546644804,0.4517162642793339,0.548283735720666,0.10911706227998655,48257581755111832,56741595491508,0.07161944162594427,1954.3575283738269,0.05363213475053309,2026-06-03 08:33:00
11.285714285714286,24,0.3881853733196572,0.4517111039905395,0.5482889067699455,0.10912032659713956,48263728754696951,56748387158944,0.07161448189990506,1941.5192159333833,0.056002811558828455,2026-06-03 08:48:00
12.0,28,0.3882266105092051,0.451706542815056,0.5482934607714,0.10912086689458499,48270183996764836,56755550333982,0.0716091030982494,1930.502787698703,0.05840517177818215,2026-06-03 09:03:00
12.714285714285714,25,0.3883045516087868,0.45170124469453604,0.5482987588915301,0.10912090781706414,48276898866193428,56763023136611,0.07160341411124609,1921.0116766368956,0.060242943730311624,2026-06-03 09:18:00
12.571428571428571,27,0.38838301983389334,0.4516989221692514,0.548301085002059,0.10912119163649778,48283907143985665,56770851966041,0.071597332105926,1909.8940887929793,0.06242972991496864,2026-06-03 09:33:00
12.285714285714286,24,0.38853370425591116,0.4516934607249336,0.5483065392750665,0.10912291963142465,48291147333903723,56778848499204,0.07158867222252639,1905.238058171667,0.0620762776662011,2026-06-03 09:48:00
12.571428571428571,27,0.38857151992159744,0.45168815766356635,0.5483118530911811,0.10912312942484231,48298452387338823,56786968610845,0.07157990916751833,1901.1702264546789,0.06310596372936526,2026-06-03 10:03:00
12.571428571428571,29,0.38859138137243565,0.45168304353226274,0.5483169636368166,0.10912218981342928,48305875401632456,56795268103309,0.07157148426765099,1897.694206871161,0.06428942994715481,2026-06-03 10:18:00
13.285714285714286,48,0.38859603924525565,0.45167988905645357,0.5483201109435465,0.10912117724287622,48313496370394180,56803799105881,0.0715627766844584,1893.7836827297913,0.06506013646351336,2026-06-03 10:33:00
13.571428571428571,28,0.38862812042417105,0.451673904569744,0.548326099014021,0.10911922497841957,48321286136210031,56812571671184,0.07155369183076236,1890.2815238283476,0.06496421267155762,2026-06-03 10:48:00
13.714285714285714,31,0.3886437616761099,0.45166735430994165,0.5483326456900584,0.1091199415830536,48329197012061730,56821451866987,0.07154424568322039,1889.3953817602217,0.06557786189943103,2026-06-03 11:03:00
13.857142857142858,34,0.3886454484777896,0.4516602046586895,0.5483397953413105,0.10911933600571566,48337385452577377,56830628799537,0.0715347154974664,1888.716735928438,0.06545905564048574,2026-06-03 11:18:00
14.142857142857142,33,0.3886676260862372,0.45165411371413205,0.5483459041987484,0.10911954138847896,48345658500024229,56839925952715,0.07152539334361692,1889.1934117953463,0.06588233595819469,2026-06-03 11:33:00
14.285714285714286,27,0.3886800343016233,0.4516483572774829,0.5483516463046916,0.10911873654071834,48354101295949476,56849426097720,0.071515520665389,1890.6810665792195,0.0656356663913739,2026-06-03 11:48:00
14.571428571428571,28,0.38870783138763637,0.45164323065008843,0.5483567765134516,0.1091181058239639,48362649117250778,56859017954753,0.07150532807095616,1890.3094160838384,0.06612988422471547,2026-06-03 12:03:00
14.571428571428571,31,0.38872247269842797,0.4516377080627945,0.548362299099923,0.10911908156079997,48371256691278888,56868685689154,0.07149503826865186,1889.6807315031444,0.06534936420189658,2026-06-03 12:18:00
15.571428571428571,32,0.38870047718788897,0.4516350034411462,0.5483649965588537,0.10911995536993722,48379940054541905,56878436790007,0.07148477943116305,1891.7390425307153,0.06525436453623013,2026-06-03 12:33:00
16.428571428571427,37,0.3897726185585333,0.4516354152299602,0.5483645919310077,0.10912219418829927,48388664835722014,56888295575584,0.07147719950914098,1888.2912555638711,0.06590613556212532,2026-06-03 12:48:00
17.285714285714285,35,0.3897587535598783,0.4516328826746514,0.5483671209053983,0.10912496600305426,48397850156060129,56898631794830,0.0714696746724848,1882.9445047469517,0.06567540308097251,2026-06-03 13:03:00
17.428571428571427,45,0.3897679159599111,0.4516305900136157,0.5483694099863843,0.10912677511327713,48407319035980248,56909309435326,0.07146181317699385,1880.705000085413,0.06522574778325689,2026-06-03 13:18:00
17.714285714285715,39,0.38978586378535895,0.4516288507498539,0.5483711492501461,0.10912971315294653,48416989923823316,56920202058184,0.0714538877940828,1878.3471284450166,0.06408257104280198,2026-06-03 13:33:00
17.428571428571427,33,0.3897890073703074,0.4516253199392975,0.5483746800607026,0.10913145053055201,48426827914032545,56931264685643,0.07144587278056284,1880.008866409865,0.06363258281944643,2026-06-03 13:48:00
17.571428571428573,34,0.3898108303670383,0.4516212894508643,0.5483787177057997,0.10913436367160528,48436658121842880,56942331810308,0.07143788976981477,1880.0821842681987,0.063308560418387,2026-06-03 14:03:00
15.714285714285714,31,0.38987220055693717,0.45161382113457527,0.5483861860212582,0.10913915012565291,48446516844464450,56953337004579,0.07142651445859859,1876.868878532012,0.06103584927008188,2026-06-03 14:18:00
15.571428571428571,32,0.3899703129932717,0.45160559045309345,0.5483944131244146,0.10914322458319699,48456279100022052,56964181410720,0.07141489326330304,1883.34431244372,0.06018417391904165,2026-06-03 14:33:00
15.428571428571429,34,0.3899947748123272,0.45160011523248506,0.5483998883446083,0.10914729805636687,48465973385052723,56974945072387,0.0714038697088218,1885.1995185571545,0.05936103256080082,2026-06-03 14:48:00
15.428571428571429,43,0.3900075280553296,0.45159162167061456,0.5484083819060785,0.10914962472175363,48475691829996717,56985742678305,0.071392930125922,1888.3722099306258,0.05946667166172684,2026-06-03 15:03:00
15.285714285714286,37,0.39002298720935985,0.45158226536869894,0.5484177382075924,0.10915335115589765,48485317266150329,56996462762070,0.07138178553232098,1893.4676386434523,0.059275908292502545,2026-06-03 15:18:00
15.142857142857142,35,0.3900333827636509,0.45157575296109737,0.5484242577666385,0.10915754501021836,48494888004510967,57007066981485,0.07137064556149551,1894.869540576597,0.05917184558187117,2026-06-03 15:33:00
14.714285714285714,28,0.3900327693812219,0.4515702736540767,0.5484297263459234,0.10915949150897042,48504351131003802,57017554769708,0.07135972704930217,1897.5339408457394,0.05885978339183046,2026-06-03 15:48:00
14.857142857142858,33,0.390038360106486,0.4515651499882821,0.5484348500117179,0.10916104163933413,48513752315937713,57027966185504,0.07134904664272028,1899.9027287575361,0.059065633790175126,2026-06-03 16:03:00
14.428571428571429,29,0.3900319355644825,0.45155884735511714,0.5484411526448828,0.1091655475451556,48522832990421143,57038058299430,0.07133864304566734,1900.044312434372,0.05855657563207738,2026-06-03 16:18:00
14.571428571428571,29,0.3900467238314811,0.45155489626368606,0.5484451037363139,0.10916974781348666,48531708972344573,57047903326127,0.0713285793530189,1900.7603119409741,0.059849951562244326,2026-06-03 16:33:00
14.714285714285714,27,0.390029236042855,0.4515505308894591,0.5484494691105409,0.10917078875940758,48540628002650141,57057784774733,0.07131826302604721,1898.1806790448493,0.0601292717192098,2026-06-03 16:48:00
14.428571428571429,31,0.39003900543591646,0.4515454236095538,0.5484545799640717,0.10917376344579273,48549512567045954,57067647851930,0.07130810265824501,1895.7782439967245,0.06102787436321,2026-06-03 17:03:00
14.285714285714286,27,0.39003802466297016,0.451538474363625,0.5484615256363751,0.10917689566542046,48558311822892309,57077434116666,0.07129815249558924,1892.9992439474668,0.060940131017461305,2026-06-03 17:18:00
14.0,30,0.39003766046715294,0.45153580433300317,0.548464202812645,0.10917843292555543,48566944281058027,57087040546348,0.07128847396044155,1892.6478974861363,0.06162189271256519,2026-06-03 17:33:00
13.857142857142858,34,0.3900343571471969,0.4515312092170656,0.5484687907829344,0.10918000735849967,48575412264194668,57096516186847,0.07127883560595472,1893.0983238297667,0.06202156205977221,2026-06-03 17:48:00
14.428571428571429,30,0.3900407018216966,0.4515284957365739,0.5484715149795548,0.10918202379521451,48583898374572863,57105998985051,0.07126910597594838,1893.8908912446577,0.062410730114164564,2026-06-03 18:03:00
14.142857142857142,32,0.3900381652297768,0.4515215014279839,0.5484784985720161,0.10918449084355479,48592355634122705,57115455478852,0.07125976523104156,1895.5867473148883,0.06186435300293631,2026-06-03 18:18:00
14.142857142857142,34,0.3900469506551918,0.4515156470655404,0.5484843529344595,0.10918844297997336,48600776588330540,57124880086150,0.07125058250563962,1893.6047664375515,0.06164926407650031,2026-06-03 18:33:00
13.857142857142858,38,0.39004492840999627,0.4515102274465479,0.5484897761243308,0.10919163133066989,48609177657800763,57134303644267,0.07124143503596245,1893.6573169781125,0.06157274945902882,2026-06-03 18:48:00
14.0,32,0.39003446576700207,0.4515039586409343,0.5484960449295503,0.10919512811976716,48617580258756752,57143741099864,0.07123191568904276,1893.415396901659,0.06151481584447649,2026-06-03 19:03:00
14.285714285714286,32,0.39004506578210274,0.4514973403841245,0.5485026738962577,0.10920039422310313,48626059535232015,57153284251305,0.07122215135916804,1895.4909241981068,0.06082912201612182,2026-06-03 19:18:00
14.142857142857142,30,0.3900551354769784,0.45149064470677086,0.5485093588629285,0.10920292697792344,48634495081028828,57162800616071,0.07121276098863043,1899.501384040365,0.0601137063588228,2026-06-03 19:33:00
14.142857142857142,27,0.39005161811211225,0.4514846446558736,0.5485153553441263,0.10920496587710532,48642682670138680,57172059098819,0.07120352819106512,1904.7718804377525,0.0594216019294421,2026-06-03 19:48:00
14.714285714285714,30,0.39004727970930736,0.45148647757540905,0.5485135259934589,0.10920643718613852,48651093829723627,57181553375912,0.0711939655672754,1903.7574213919183,0.06180541479658318,2026-06-03 20:03:00
15.428571428571429,30,0.3900477046044274,0.4514803048554789,0.5485196987129821,0.10920858006558115,48659999623339690,57191615833181,0.07118365831592845,1901.2071032071779,0.06226489532196786,2026-06-03 20:18:00
16.0,31,0.39005227622034333,0.45147868885532966,0.5485213147127076,0.10921077415316438,48669353802363779,57202216968215,0.07117293958671622,1893.5942902673712,0.062446161523339476,2026-06-03 20:33:00
16.857142857142858,39,0.3900588253556527,0.4514750718997416,0.5485249281002583,0.10921451087063788,48679046290690384,57213266955282,0.07116202455486807,1884.1666084847072,0.061474424647576964,2026-06-03 20:48:00
17.428571428571427,33,0.3900828367219869,0.45147207930318684,0.5485279206968132,0.10921977810834729,48689246751297719,57224860845274,0.07115046582823202,1874.4933913663406,0.06017740695389697,2026-06-03 21:03:00
17.285714285714285,35,0.3901360827894021,0.4514687711541177,0.5485312288458822,0.10922529921842311,48699716932821477,57236744952564,0.07113824117546366,1862.3894167128053,0.05938077110453984,2026-06-03 21:18:00
16.857142857142858,32,0.3901766458972182,0.4514666751395382,0.5485333284268854,0.10923124731973467,48710227530565805,57248668276605,0.0711262499296075,1864.3948392841194,0.05742231128279871,2026-06-03 21:33:00
17.142857142857142,39,0.390181703107557,0.4514608275692911,0.5485391759967336,0.10924004782367062,48720623238065405,57260429645472,0.07111416975660093,1870.5277722705564,0.05634659955352699,2026-06-03 21:48:00
18.0,36,0.3902064907860279,0.4514560751412713,0.5485439248587287,0.10924797174700804,48731481313579380,57272719156072,0.07110165149831672,1866.9091657372358,0.05638299532091914,2026-06-03 22:03:00
17.714285714285715,38,0.39031636291361793,0.4514535119874829,0.5485464951429428,0.109255341067778,48742528398810181,57285210385080,0.0710890545551291,1869.3031207923584,0.0544045424462516,2026-06-03 22:18:00
18.285714285714285,35,0.39024890362523135,0.4514485953237844,0.5485514046762155,0.10926290180742625,48753709875539905,57297812657077,0.07107624116839639,1872.205620085126,0.05276728522180378,2026-06-03 22:33:00
17.428571428571427,36,0.39025123256164135,0.45144283861510287,0.5485571649493565,0.10927068085359104,48765008769129316,57310469685931,0.07106339798472792,1875.297941587817,0.050928413721736725,2026-06-03 22:48:00
16.714285714285715,34,0.39024936685675327,0.45143629443820354,0.5485637055617965,0.10927763619798106,48776063215802049,57322805478718,0.0710508269638705,1887.3158645961187,0.04987544062430451,2026-06-03 23:03:00
15.714285714285714,32,0.3902465139895185,0.45142932500813737,0.5485706785556087,0.10928567566905746,48786766831518367,57334693056908,0.0710387312130777,1901.8976522529654,0.048288850094525076,2026-06-03 23:18:00
14.857142857142858,29,0.39026201786935083,0.4514225609929966,0.5485774390070034,0.10929261106446153,48797037478572145,57346024744407,0.07102700656137903,1917.900578048054,0.04659701762735818,2026-06-03 23:33:00
13.714285714285714,26,0.39025854203558663,0.4514142498941613,0.5485857501058387,0.1093003065729937,48806776304074081,57356700152043,0.07101595845218642,1935.933576258337,0.04513181598747189,2026-06-03 23:48:00
12.857142857142858,28,0.3902614556021243,0.451406464635749,0.5485935389270027,0.10930591219674159,48815959492416268,57366744076083,0.07100565841011783,1952.723010012032,0.04386299454940189,2026-06-04 00:03:00
12.0,25,0.39025956114493476,0.45140174557937696,0.5485982579830474,0.10931070845150614,48824555486455241,57376090507457,0.07099576126105324,1967.2665945612555,0.04285724956489912,2026-06-04 00:18:00
10.857142857142858,23,0.390260602617184,0.45139451574317024,0.548605487818944,0.10931539026997938,48832551791221392,57384757536467,0.07098705289824245,1968.2158032440643,0.041604116240826355,2026-06-04 00:33:00
9.857142857142858,21,0.3902591234710141,0.4513876666643123,0.5486123404593328,0.10931940119102103,48839949237598339,57392746450510,0.07097917512809322,1976.2210598184197,0.040683025565409064,2026-06-04 00:48:00
9.428571428571429,21,0.390251034490232,0.45138036748745575,0.5486196360740725,0.10932334385910512,48846825557271486,57400145620060,0.0709719488021003,1987.8641999161275,0.03946887691169588,2026-06-04 01:03:00
8.428571428571429,19,0.3902642956905584,0.4513730942933003,0.5486269092679512,0.1093268232202747,48853331858412673,57407098873887,0.07096513639225396,1998.4323343079188,0.038561602825368746,2026-06-04 01:18:00
7.571428571428571,17,0.39025967934884037,0.4513653748257724,0.5486346251742276,0.10933010062730969,48859074613056721,57413240697469,0.0709592634775204,2009.9482551480269,0.03738637161174564,2026-06-04 01:33:00
6.714285714285714,19,0.3902478206218802,0.45135789445206037,0.5486421055479397,0.10933369047585345,48864233899915248,57418761006213,0.07095402137036992,2021.0834730691154,0.036903905695300866,2026-06-04 01:48:00
6.285714285714286,15,0.3902566923041993,0.4513519222825954,0.5486480812778461,0.10933656139204585,48868930830753024,57423794946510,0.07094939053058201,2027.128963457224,0.03656913973152277,2026-06-04 02:03:00
5.714285714285714,19,0.3902751385028706,0.4513476463126792,0.5486523643678268,0.10933940208217978,48873141660183412,57428314419543,0.07094518090115698,2036.4030316762553,0.036251256793635646,2026-06-04 02:18:00
5.285714285714286,15,0.39026103709640453,0.4513396042722603,0.5486603957277397,0.10934292577835135,48876963033282262,57432416232893,0.07094138602447524,2043.4287958578402,0.03578403011628647,2026-06-04 02:33:00
5.0,13,0.39025399917197207,0.4513317955542406,0.5486682044457594,0.10934602378233081,48880446852972812,57436161447202,0.07093800991642495,2051.9799252381786,0.03528039820452978,2026-06-04 02:48:00
4.428571428571429,14,0.39026213607325644,0.4513258151353185,0.5486741955427098,0.10934940824711867,48883607471071218,57439560465290,0.07093495862100394,2057.921867689209,0.03527542240593429,2026-06-04 03:03:00
4.428571428571429,9,0.3902515903680583,0.4513194217494333,0.5486805782505667,0.109352255712597,48886414470160543,57442611243176,0.07093228156368052,2061.576955786272,0.03518414130026306,2026-06-04 03:18:00
3.7142857142857144,10,0.3902486736068205,0.45131130757923976,0.5486886888619619,0.1093553986180775,48888958455993302,57445397854238,0.07092993179812052,2066.8984324194817,0.03475490403496647,2026-06-04 03:33:00
3.7142857142857144,11,0.39024939241435447,0.45130356371527136,0.5486964362847286,0.10935827316495193,48891317757427186,57447988352658,0.07092787773569575,2069.0042597024826,0.0345936667968891,2026-06-04 03:48:00
3.857142857142857,10,0.39024820079119815,0.4512963156281574,0.5487036879300964,0.10936146885651334,48893619291909095,57450503256891,0.07092579664649414,2074.0473510670263,0.034670397032473044,2026-06-04 04:03:00
3.7142857142857144,7,0.3902513156238453,0.45129067967880415,0.5487093203211958,0.10936436990572451,48895782408221518,57452864788481,0.07092384927430062,2074.9071027757223,0.034442137711931047,2026-06-04 04:18:00
3.5714285714285716,11,0.39024917198004405,0.4512826033269349,0.5487174002307607,0.10936761911912873,48897859786369964,57455128264004,0.07092201109997189,2075.3640970107126,0.03451054073490095,2026-06-04 04:33:00
3.142857142857143,19,0.3902447281521341,0.45127429199026026,0.5487257115671567,0.10937086222171265,48899853580275614,57457304361869,0.07092020363493172,2077.4908214795355,0.03472058272658879,2026-06-04 04:48:00
3.7142857142857144,10,0.39025418765928094,0.4512694310103964,0.5487305689896036,0.10937370004698103,48901877197145668,57459520961258,0.07091837977813145,2075.098699599835,0.035127925820785964,2026-06-04 05:03:00
3.7142857142857144,12,0.39025533136193497,0.4512626174243701,0.5487373825756299,0.1093767885820114,48903986537300658,57461818706209,0.07091640225325273,2073.3172443370113,0.0352123413746976,2026-06-04 05:18:00
3.857142857142857,10,0.39026233733936594,0.45125527859912556,0.5487447249574505,0.10938062424619475,48906237627935841,57464255581140,0.07091429334804511,2068.883062351497,0.03538676111076287,2026-06-04 05:33:00
3.857142857142857,10,0.39024395183999744,0.45124805570165877,0.5487519442983413,0.10938454738135915,48908645816096719,57466863060049,0.07091207618485806,2064.623025678887,0.03594475086326776,2026-06-04 05:48:00
4.428571428571429,11,0.39023680849046005,0.4512422519948212,0.5487577480051788,0.10938832327597826,48911243785498156,57469677917159,0.07090975043932271,2056.7135527504206,0.03711715300807517,2026-06-04 06:03:00
4.714285714285714,11,0.3902495138129602,0.4512352389529591,0.548764761047041,0.10939183494230147,48914138127720048,57472791408211,0.07090708248430025,2050.5840626712848,0.038273658598654954,2026-06-04 06:18:00
5.428571428571429,12,0.39025222930808845,0.4512279267492479,0.5487720732507522,0.10939553662403045,48917329826484718,57476219253910,0.07090404466443337,2041.9525388914433,0.03903475451956988,2026-06-04 06:33:00
5.857142857142857,16,0.3902440061499,0.4512209210533847,0.5487790860568059,0.10939850629900466,48920848166842351,57479981218297,0.07090068081112612,2033.464231857207,0.0401082559801582,2026-06-04 06:48:00
6.571428571428571,16,0.39024299342995217,0.45121652285369174,0.5487834807010742,0.10940143534838216,48924685529403596,57484087191400,0.0708969515234942,2025.008810063077,0.041959819384750595,2026-06-04 07:03:00
7.142857142857143,20,0.39024427131001255,0.45120989198357464,0.5487901151253297,0.1094037068955421,48928860434849706,57488564661246,0.0708928369222337,2015.824717003858,0.04329274336823003,2026-06-04 07:18:00
7.571428571428571,21,0.3902431563596599,0.45120349950290006,0.5487965004970999,0.10940566634708102,48933352840613737,57493387201614,0.07088855441036854,2011.1535752043994,0.044676074504232915,2026-06-04 07:33:00
9.0,19,0.3900366094108033,0.45119688357747345,0.5488031199763218,0.10940766176552974,48938181557476196,57498560981370,0.07088418824602537,2002.8599258771517,0.04737409396704674,2026-06-04 07:48:00
9.714285714285714,20,0.39001447972285797,0.4511932810024595,0.5488067225509984,0.10940975019734535,48943347072133008,57504135755183,0.07087988233403941,1991.8447050196055,0.04925482545861237,2026-06-04 08:03:00
10.571428571428571,21,0.3899550710788517,0.4511900179900248,0.548809989116219,0.10941031914128836,48948828694293063,57510093087886,0.07087545344711997,1978.8610394813818,0.05177019209485693,2026-06-04 08:18:00
11.285714285714286,24,0.38994121885899735,0.4511853450994039,0.5488146549005961,0.10941165440174909,48954678191308417,57516473167953,0.07087073021193507,1967.603347867859,0.054178979507763965,2026-06-04 08:33:00
11.714285714285714,24,0.3899158241874978,0.45118099655323246,0.5488190069991876,0.10941235439567495,48960866536882383,57523249025468,0.07086591616932462,1958.0187571055212,0.056233701422650155,2026-06-04 08:48:00
12.714285714285714,25,0.38993474000709133,0.4511791440415046,0.5488208595105353,0.10941278282038007,48967356587106931,57530377549242,0.07086071545792788,1947.2123103810113,0.05861512692118611,2026-06-04 09:03:00
13.571428571428571,27,0.3899277372243605,0.4511753686124378,0.5488246384909102,0.1094117557396931,48974074012408278,57537820914744,0.0708554115979444,1933.6084280227399,0.060498876023490966,2026-06-04 09:18:00
12.285714285714286,29,0.3915279848928508,0.45117905516498163,0.5488209483862626,0.1094108401178241,48981034172881156,57545582856604,0.07084943252238013,1925.4953305823362,0.0610728675132155,2026-06-04 09:33:00
11.714285714285714,24,0.3915135672110698,0.45117831711956113,0.5488216828804389,0.10941113904599256,48988262453344159,57553617445724,0.07084216964586161,1918.5346003951286,0.06145242484144514,2026-06-04 09:48:00
12.428571428571429,28,0.39146550933669966,0.4511751113410784,0.5488248886589215,0.10941137450490258,48995587981578595,57561801731841,0.07083470011508608,1913.5777997583573,0.06283379503790609,2026-06-04 10:03:00
15.428571428571429,33,0.3916124016496384,0.4511785412912844,0.5488214587087157,0.10941109076245335,49002924356512528,57570029910259,0.0708283934420776,1911.401970490707,0.06468442686397433,2026-06-04 10:18:00
16.0,31,0.3953283490771671,0.45117877306775545,0.5488212304818352,0.10941167412519104,49009749884793080,57577813132232,0.07082567031550122,1914.7387116454643,0.06519198942425616,2026-06-04 10:33:00
16.571428571428573,35,0.3948057184953798,0.4511786606278005,0.5488213500197359,0.10941242125634137,49016305986913627,57585401387074,0.07082381623064399,1916.1323485740213,0.065944335695543,2026-06-04 10:48:00
16.428571428571427,35,0.3954727495239881,0.451179813014485,0.548820186985515,0.10941297815649649,49022869888876281,57593038417794,0.0708228487812301,1919.7958073169536,0.06595846898091233,2026-06-04 11:03:00
16.857142857142858,36,0.39576453107287085,0.45119104708557545,0.5488089564626919,0.1094119167534872,49029600110561666,57600853415018,0.07082195785886387,1920.9748532650685,0.06694212475491976,2026-06-04 11:18:00
17.428571428571427,37,0.39596674600832277,0.45119276307347,0.54880723692653,0.1094123475182938,49036435131923976,57608816796148,0.07082142750468369,1921.6915967283123,0.06684298586541645,2026-06-04 11:33:00
17.285714285714285,55,0.39612696980499124,0.4511965104329618,0.5488034895670382,0.10941257127027772,49043402233315852,57616941650405,0.07082054123926791,1923.044346697693,0.06657964015798509,2026-06-04 11:48:00
17.714285714285715,36,0.39630012574787055,0.4511997036560683,0.548800303437844,0.10941324070630128,49050493808805984,57625192447407,0.07081988584620573,1922.6679672880853,0.06735956597275138,2026-06-04 12:03:00
14.571428571428571,27,0.3970933793794411,0.4511960417947795,0.5488039688449012,0.10941271266823564,49058885532276133,57634731781190,0.0708129137011789,1918.7219515529605,0.06523458893689527,2026-06-04 12:18:00
14.285714285714286,30,0.397084696184431,0.4511938713762601,0.5488061286237399,0.10941462162887437,49067444477151927,57644393870620,0.07080511768878629,1918.0842142209315,0.06402707824518378,2026-06-04 12:33:00
14.285714285714286,46,0.397061410015031,0.4511898485350635,0.5488101514649365,0.10941591873812001,49076063852434567,57654106790686,0.07079761780861392,1918.3826363599092,0.06328459082813956,2026-06-04 12:48:00
16.428571428571427,35,0.3969536080531388,0.4511899038580002,0.54881010323274,0.10941897973871233,49084835472686170,57663935990031,0.07078976441111656,1920.4837556979078,0.0643703000021755,2026-06-04 13:03:00
18.0,35,0.39689903299046086,0.45118977314701475,0.5488102233080367,0.10942333493923595,49092631668956506,57672893378839,0.07078748275889231,1927.2522204834997,0.06434516766435654,2026-06-04 13:18:00
17.714285714285715,40,0.3968981959790213,0.45119051375376584,0.5488094897907368,0.10942727372539367,49100409899127577,57681839626835,0.07078560895224063,1935.2668425973816,0.06384076495496009,2026-06-04 13:33:00
17.285714285714285,37,0.39691332607893604,0.45118903576795244,0.548810971320222,0.10943145785413863,49108188551154786,57690767257891,0.07078325699995694,1938.2027189586163,0.06232385260380369,2026-06-04 13:48:00
14.857142857142858,35,0.3967795799571183,0.4511911952936642,0.5488088047063358,0.10943481315003341,49117268984377883,57700974828418,0.07077582379765433,1930.9382104549445,0.06017175705898798,2026-06-04 14:03:00
14.857142857142858,37,0.39676646251829867,0.45119104289896383,0.5488089677306957,0.1094382328458459,49126479691413186,57711305856336,0.07076783880416414,1927.5954868384179,0.05900271168204256,2026-06-04 14:18:00
15.285714285714286,34,0.39671856437893616,0.45118521219434543,0.5488147913484762,0.10944269863034194,49135777739223738,57721705284969,0.0707596659684375,1926.1245761990194,0.05872102241403637,2026-06-04 14:33:00
14.714285714285714,35,0.3966632609246238,0.4511814419621367,0.5488185615802729,0.10944789521176711,49145066462556680,57732087620923,0.07075113193103508,1929.2097598135867,0.058596083299096435,2026-06-04 14:48:00
14.571428571428571,31,0.3965849747974258,0.45117676150463004,0.54882323849537,0.1094517281080778,49154384693062807,57742492761081,0.07074261235822904,1932.030904548435,0.05783582905554251,2026-06-04 15:03:00
14.857142857142858,36,0.3964953698475932,0.45117298828128205,0.548827011718718,0.10945484135851585,49163640014137364,57752811825199,0.07073416090152289,1935.8290736306908,0.05820726703064171,2026-06-04 15:18:00
14.857142857142858,33,0.3964401526501849,0.45117210029916294,0.5488278997008371,0.10945796163016068,49172886849230517,57763120120858,0.0707254404923291,1938.3114230458746,0.05807496969244966,2026-06-04 15:33:00
14.428571428571429,32,0.3964038959981723,0.45116964298631695,0.5488303605544324,0.10946007002103916,49182051337537171,57773340430796,0.07071688799272204,1939.7924249787698,0.05812435418197359,2026-06-04 15:48:00
14.571428571428571,33,0.3963723131924804,0.4511659740106438,0.5488340295297188,0.10946412393690995,49191145800161282,57783470076653,0.07070814898281477,1940.9755725468249,0.05817707441131126,2026-06-04 16:03:00
14.0,29,0.39633293851312046,0.45116129228235846,0.5488387183375774,0.10946769131524796,49199976646098335,57793325716486,0.07069930052913448,1940.4090829502697,0.057426301863819425,2026-06-04 16:18:00
14.0,26,0.3963094542723112,0.4511559980608713,0.5488440054787181,0.10947101393951544,49208650648861643,57802994076776,0.07069068223178288,1939.2195176491002,0.058677176128008046,2026-06-04 16:33:00
13.857142857142858,28,0.3962695492727262,0.4511529726382369,0.5488470309009474,0.10947450823284322,49217322229848981,57812695691010,0.07068223369512301,1934.9437241227447,0.059460847090260414,2026-06-04 16:48:00
14.285714285714286,39,0.3962355097426183,0.45115131811353903,0.5488486889640053,0.10947572223571404,49225936355428371,57822333030609,0.07067385427282473,1931.845446972458,0.06022257847980908,2026-06-04 17:03:00
13.857142857142858,27,0.39621227468842074,0.4511525749608774,0.5488474285774761,0.10947552937766566,49234412529294314,57831848593348,0.0706654475556928,1929.4250223141428,0.06080492293368442,2026-06-04 17:18:00
13.714285714285714,29,0.3961822636752031,0.45115250822577263,0.5488474953121789,0.1094770408829619,49242807141314791,57841276991958,0.07065688251620418,1926.5407832418516,0.06103090089501535,2026-06-04 17:33:00
14.142857142857142,28,0.39616109239730307,0.4511519827085943,0.5488480314415848,0.10947836323079459,49251185425581493,57850686307357,0.07064846839796678,1924.8258815513113,0.06146665370942219,2026-06-04 17:48:00
13.857142857142858,32,0.39613941635677913,0.45115007985188144,0.5488499236852613,0.10947991115941992,49259526663838643,57860070452633,0.07064040624566857,1924.3817917495621,0.06204454643706737,2026-06-04 18:03:00
14.142857142857142,36,0.39612426708866355,0.45115176762373205,0.548848232376268,0.10948014226100454,49267848058415314,57869431832854,0.07063264214354072,1920.5287112762787,0.06126280406490189,2026-06-04 18:18:00
14.0,29,0.3961077089577814,0.4511538382556176,0.5488461617443824,0.10948062789827338,49276170752618615,57878808648461,0.07062449260678919,1919.3435386092306,0.06110223699902425,2026-06-04 18:33:00
13.714285714285714,26,0.3960895950079258,0.45115140194345965,0.5488486015924705,0.10948048942952265,49284526515594299,57888234633574,0.07061626866420503,1920.2300863597804,0.06079490235098112,2026-06-04 18:48:00
14.142857142857142,25,0.3960714842527703,0.45115870525538954,0.5488412982800956,0.10948034049936223,49292851547499023,57897642757743,0.07060787329705721,1919.5224364197934,0.06077074884517794,2026-06-04 19:03:00
14.0,29,0.39605392937544104,0.4511556661770863,0.5488443338229138,0.1094816044679743,49301220105723768,57907106517640,0.07059964716910216,1920.130808014437,0.060431891909872824,2026-06-04 19:18:00
13.857142857142858,32,0.3960407991578208,0.4511580771562709,0.5488419299130959,0.10948363770099499,49309557886657132,57916545864068,0.07059137216685239,1920.4815690724388,0.05949486636940446,2026-06-04 19:33:00
13.428571428571429,29,0.3961096098043712,0.4511644555885368,0.5488355444114632,0.10948631078829302,49317714602982177,57925786904959,0.07058312591775906,1923.6422770367908,0.0585730656618119,2026-06-04 19:48:00
14.428571428571429,28,0.3960198291460303,0.4511608923524103,0.5488391076475897,0.10948780227220076,49326048251239362,57935216547605,0.07057473141950354,1923.991481458036,0.060632355412366654,2026-06-04 20:03:00
14.857142857142858,30,0.3960182829111572,0.45116774940030957,0.5488322541330282,0.10949107624610357,49334761143921416,57945111908982,0.07056585229747701,1926.338149023539,0.061221387088226734,2026-06-04 20:18:00
15.428571428571429,29,0.395999437374967,0.4511656849890428,0.5488343220768174,0.10949455660352539,49343861048329295,57955479407976,0.07055649696351647,1920.7749306405196,0.06120264519539951,2026-06-04 20:33:00
16.285714285714285,35,0.3959847002231709,0.4511644673786193,0.5488355361538988,0.10949738489658412,49353325602725556,57966259148809,0.07054670420556233,1913.726174543691,0.060692231641873526,2026-06-04 20:48:00
16.571428571428573,33,0.3959824351807639,0.4511626549491138,0.5488373556472582,0.1095035857055184,49363209880461254,57977533517487,0.07053637707258675,1903.357233707459,0.06002281049969877,2026-06-04 21:03:00
16.857142857142858,33,0.3959596761368888,0.4511622077507188,0.5488377922492812,0.10950776644670138,49373227944596359,57988991240082,0.07052584934633563,1898.0644250172893,0.058081980444114306,2026-06-04 21:18:00
16.142857142857142,31,0.39596551924346485,0.4511607612770775,0.5488392387229225,0.10951159039124088,49383295450648797,58000499469794,0.07051536064600594,1900.164345959655,0.05658664543712897,2026-06-04 21:33:00
16.714285714285715,33,0.39594367388383295,0.4511573420925294,0.5488426649693338,0.10951521527233059,49393253034450884,58011843454414,0.0705049634859654,1906.7657913616017,0.05681249381490761,2026-06-04 21:48:00
17.142857142857142,34,0.39595170216531217,0.4511544504817359,0.548845549518264,0.10951952302703005,49403685804537992,58023741328671,0.07049390846234296,1901.3900692796353,0.05618276227269414,2026-06-04 22:03:00
17.571428571428573,33,0.3959516957759119,0.45115219255621897,0.5488478109739007,0.1095250249097661,49414480007875215,58036005972806,0.0704824204080601,1898.245528794267,0.055001884701931535,2026-06-04 22:18:00
17.285714285714285,34,0.39594828064145055,0.45114708978835266,0.5488529102116474,0.10953153639519272,49425340494832097,58048308156670,0.07047091293970742,1906.361532294012,0.05362125979057982,2026-06-04 22:33:00
16.714285714285715,40,0.39594235127797045,0.45114238232006965,0.5488576212092892,0.10953857032377658,49436266861028835,58060652067532,0.07045949116168605,1911.4161716508531,0.052244458332013376,2026-06-04 22:48:00
16.142857142857142,32,0.39595045623225333,0.4511361297489401,0.5488638737800439,0.10954546902521779,49447043719285084,58072752341720,0.07044831135361732,1928.6089081206908,0.05057984396925918,2026-06-04 23:03:00
15.285714285714286,32,0.395933428480449,0.45113097621306397,0.5488690343728245,0.10955141609738146,49457513063289686,58084425253396,0.07043755407127479,1945.6273423015002,0.048853315517344946,2026-06-04 23:18:00
14.285714285714286,29,0.3959278505339855,0.45112571366239607,0.5488742933941886,0.10955652593509022,49467548598565290,58095563846731,0.07042740542483308,1960.7163559560893,0.046818445616973015,2026-06-04 23:33:00
13.428571428571429,28,0.39589752324545296,0.4511193232347018,0.5488806767652982,0.10956143203500748,49477035875987936,58106056707975,0.0704179446676411,1968.9889476079125,0.04556634418942694,2026-06-04 23:48:00
12.714285714285714,29,0.3958737802339314,0.4511146388413499,0.5488853611586502,0.10956729049315969,49486046821184790,58115979947142,0.07040910133682138,1962.3777616123612,0.04355080460041425,2026-06-05 00:03:00
11.571428571428571,23,0.3958368814471884,0.45111107568911324,0.5488889278381934,0.10957114501877387,49494568676460784,58125285541492,0.0704003436814078,1975.5215231653783,0.04182569927317767,2026-06-05 00:18:00
10.571428571428571,24,0.39579956734942584,0.4511046347031709,0.5488953652968291,0.10957558442636463,49502420906694173,58133856233577,0.07039310143381493,1985.4777400331106,0.04079565819667962,2026-06-05 00:33:00
9.857142857142858,29,0.39577391390721406,0.4510979476906502,0.548902055836049,0.10958002542913553,49509715887051362,58141785160761,0.07038659881421906,2024.6516557292198,0.04056432029614051,2026-06-05 00:48:00
9.571428571428571,35,0.3957495415397628,0.45109413046977737,0.5489058695302227,0.1095835837537443,49516503356106454,58149153361803,0.07038079369582594,2028.9624843650151,0.03970982047543813,2026-06-05 01:03:00
8.428571428571429,18,0.3957155499301572,0.4510891397211519,0.5489108638049284,0.10958747033507049,49523011653062966,58156164799187,0.07037526523639012,2040.1295292730401,0.03836401483019974,2026-06-05 01:18:00
7.428571428571429,17,0.39567595162178665,0.45108195036023785,0.5489180531655654,0.10959083240313548,49528802304471401,58162414023674,0.07037060499129294,2052.0238172527893,0.037502274781235446,2026-06-05 01:33:00
7.0,18,0.3956412699569484,0.4510741707071475,0.5489258292928525,0.1095942802127074,49534060550353653,58168082487014,0.0703663993991684,2062.7255523466315,0.03750517288678856,2026-06-05 01:48:00
6.714285714285714,20,0.39560049919362256,0.4510678185232327,0.548932188527264,0.10959770092003572,49538947208659366,58173337501812,0.07036265802971169,2068.735397093039,0.03650781810892206,2026-06-05 02:03:00
5.857142857142857,16,0.3955713028289434,0.45106015347595857,0.5489398500490187,0.10960088209643057,49543341069755863,58178074958948,0.07035938526655262,2077.610577012492,0.036030439994006895,2026-06-05 02:18:00
5.428571428571429,14,0.39553881911780897,0.4510531622409322,0.5489468377590678,0.10960408179363366,49547284272147209,58182332519001,0.07035655496309219,2087.8714124971284,0.03613636042907028,2026-06-05 02:33:00
5.0,16,0.39551324873780114,0.45104570110006487,0.5489542988999352,0.1096077782130798,49550895698064101,58186227747574,0.07035391167014911,2095.214222759791,0.0354053883922951,2026-06-05 02:48:00
4.285714285714286,15,0.39548414501942636,0.45104065448846653,0.548959349035703,0.1096107899514943,49554173708705967,58189786765619,0.07035189662564237,2109.3533076604826,0.036002366740005995,2026-06-05 03:03:00
4.428571428571429,12,0.39545594859589445,0.45103757028488367,0.5489624332389962,0.10961338558650706,49557019055695238,58192932315532,0.0703496972273784,2128.3145112845796,0.03618128708992046,2026-06-05 03:18:00
3.857142857142857,15,0.39543304259581247,0.4510311147592917,0.5489688852407083,0.10961658722655622,49559592578429489,58195770397610,0.07034784909954782,2096.807796546837,0.03515052478625213,2026-06-05 03:33:00
3.7142857142857144,27,0.39539708305091387,0.4510248628580143,0.5489751477120554,0.10961919246699355,49562041535972454,58198476181804,0.07034635420554228,2097.7301181661146,0.03529716981132076,2026-06-05 03:48:00
3.857142857142857,11,0.3953812660904667,0.4510192691122414,0.5489807344108488,0.10962199338895434,49564430298321351,58201100805890,0.07034515490110227,2085.6172887013804,0.035208951858393775,2026-06-05 04:03:00
3.7142857142857144,10,0.39535284923262437,0.45101313858800646,0.5489868684576534,0.1096248792858492,49566684439854934,58203568575684,0.07034340579428784,2122.2711219283,0.03529615638990639,2026-06-05 04:18:00
3.5714285714285716,9,0.39532915733630525,0.4510074983472181,0.5489925051753537,0.10962754509543407,49568846539912616,58205936414209,0.0703416939885794,2110.7349696880547,0.035149318115259495,2026-06-05 04:33:00
3.2857142857142856,10,0.39531326370305453,0.4510023786545736,0.5489976283900565,0.10963032634723441,49570957952823753,58208251756747,0.07033998829366003,2112.006689558072,0.03513128641338649,2026-06-05 04:48:00
3.7142857142857144,11,0.3953005679646548,0.4509978475092711,0.5490021560127797,0.10963293944839005,49573125560196124,58210622903308,0.07033826035509269,2110.9458706511487,0.03538331262513948,2026-06-05 05:03:00
3.857142857142857,17,0.39527630102230854,0.45099475054647553,0.5490052494535245,0.1096354899472282,49575354134988818,58213055905205,0.07033644994800727,2110.3688017203085,0.03547202166636082,2026-06-05 05:18:00
4.0,12,0.3952582893028577,0.450991328152457,0.549008671847543,0.10963812697337794,49577701880063433,58215607993622,0.07033453548195517,2108.386162013398,0.03644556557088148,2026-06-05 05:33:00
4.142857142857143,15,0.3952406066375224,0.4509871348416463,0.5490128651583537,0.10964042363677971,49580203720650079,58218326071978,0.07033257803825554,2103.642224285664,0.03663141696242887,2026-06-05 05:48:00
4.571428571428571,11,0.395232891436658,0.4509832716129332,0.5490167283870667,0.10964364067668295,49582901210960242,58221261658596,0.07033045223049438,2098.65090730022,0.03718993334872769,2026-06-05 06:03:00
4.857142857142857,11,0.39521974844023716,0.450979023716535,0.549020976283465,0.10964640489377907,49585838498892865,58224437633455,0.07032800864458975,2088.1843401940155,0.0378756960374535,2026-06-05 06:18:00
5.142857142857143,11,0.39521926923521455,0.4509755075727364,0.5490244924272636,0.1096484874380128,49589090067405822,58227939857092,0.07032533984173325,2079.1701360499974,0.038755381178137434,2026-06-05 06:33:00
5.857142857142857,19,0.39522360444331933,0.4509717571250276,0.5490282499151883,0.10965076437639427,49592655794383025,58231777213187,0.07032253827540158,2071.458884843006,0.04094302614951663,2026-06-05 06:48:00
6.428571428571429,15,0.39519728011407584,0.4509691583829422,0.5490308451368646,0.10965266017915813,49596550262404925,58235981695580,0.07031924233202737,2061.7418419105343,0.04208770846201359,2026-06-05 07:03:00
6.714285714285714,16,0.39522086977999016,0.4509677046312452,0.5490322988882368,0.10965391262812206,49600772597444017,58240545202736,0.07031553730093888,2054.1125127894547,0.043099787685774944,2026-06-05 07:18:00
7.285714285714286,17,0.3952180105233551,0.45096187115428,0.5490381323648816,0.10965545724085748,49605277177518519,58245409857957,0.07031165934555665,2048.81205323539,0.044640981245849747,2026-06-05 07:33:00
9.428571428571429,20,0.3950314400345421,0.45095822056393703,0.5490417970302106,0.1096568787529491,49609506335084659,58250097987306,0.07031009456846779,2041.9614595952764,0.047008357483120634,2026-06-05 07:48:00
10.142857142857142,20,0.39502908234583073,0.4509553319669754,0.5490446715515127,0.10965881015435779,49613739672579465,58254880388904,0.07030953482170663,2035.7800543984727,0.04870133829222937,2026-06-05 08:03:00
10.571428571428571,26,0.39503510435561523,0.4509516244960227,0.5490483790221218,0.10965909100592294,49618209144062888,58259955550401,0.07030911847250468,2027.235228175419,0.050589177821544214,2026-06-05 08:18:00
11.428571428571429,24,0.3950203799826197,0.4509487550978188,0.5490512484199774,0.10965950296724514,49622882405034536,58265285366248,0.07030859600334259,2018.8697528861005,0.05296939324511398,2026-06-05 08:33:00
11.714285714285714,24,0.3950304337039946,0.4509451878720524,0.5490548191628318,0.10965941287930388,49627780489774283,58270889402704,0.07030789492646541,2011.0661583757637,0.05530339765618647,2026-06-05 08:48:00
12.285714285714286,25,0.39502296768974193,0.45094213209648376,0.5490578679035162,0.10965923455499431,49632843359596590,58276713978064,0.07030782098618794,2001.9762524688913,0.05744364823971475,2026-06-05 09:03:00
12.571428571428571,28,0.3950264371341058,0.45094106315769283,0.5490589438756983,0.1096587521750681,49638087176787686,58282768106750,0.07030740089353144,1995.9675079182882,0.05895828417654034,2026-06-05 09:18:00
13.714285714285714,36,0.3950374939913281,0.4509393341970819,0.5490606763519031,0.10965719332216865,49643514469438620,58289045835933,0.07030669614942761,1986.8300554532475,0.06091236287659711,2026-06-05 09:33:00
13.571428571428571,31,0.39503538229452834,0.4509374063742292,0.5490625971417364,0.10965552078082003,49649153690298490,58295566958216,0.07030581193811286,1979.7673602700097,0.061911689327522196,2026-06-05 09:48:00
14.285714285714286,30,0.3950410976130983,0.4509360463525065,0.5490639571630846,0.10965384919595686,49654895709018202,58302248657678,0.07030469283994246,1975.0907144562163,0.0635940478477384,2026-06-05 10:03:00
14.714285714285714,26,0.3950681567233765,0.45093484427946934,0.5490651557205307,0.10965261316983511,49660783339928119,58309137756401,0.07030366807152771,1969.2162568837166,0.06427313392139956,2026-06-05 10:18:00
14.571428571428571,29,0.39512594565440623,0.45093460653144796,0.5490653969833929,0.10965036683122241,49666892654472367,58316316943584,0.0703023208164908,1967.0534656463092,0.06481571439927222,2026-06-05 10:33:00
12.857142857142858,25,0.395469021308912,0.45093110500842104,0.5490689020205014,0.10964770454444739,49674352193186455,58324791179807,0.07029555177887166,1960.5156411368348,0.06360725657772191,2026-06-05 10:48:00
13.285714285714286,29,0.3954610281691344,0.4509268667328361,0.5490731332671639,0.10964627674068729,49682021114840278,58333515467313,0.07028859288322034,1956.870913772786,0.06404693095340577,2026-06-05 11:03:00
13.285714285714286,28,0.39543625007476396,0.45092635275428694,0.5490736507593731,0.10964367562448485,49689797326168753,58342392307650,0.07028146055999741,1955.0136748497284,0.06447923765622578,2026-06-05 11:18:00
13.571428571428571,27,0.3954297073288549,0.45092199312371295,0.5490780103895619,0.1096432502244308,49697697560649074,58351412588109,0.07027437458075578,1954.3748693487667,0.06506512216347454,2026-06-05 11:33:00
16.142857142857142,32,0.3954206886903289,0.45091882841416125,0.5490811750987209,0.10964167666012002,49705276770003690,58360125244282,0.07026945801873173,1957.3390480831827,0.06625993085588919,2026-06-05 11:48:00
16.428571428571427,35,0.3954355664089317,0.45091785375232124,0.5490821462476788,0.10964072714074687,49712161597049198,58368192554649,0.07026849530276096,1961.4085756702725,0.06717363007617659,2026-06-05 12:03:00
16.571428571428573,33,0.39555628134883386,0.4509165482510388,0.5490834552610151,0.10964080152379556,49718957703335446,58376159453618,0.07026780846888638,1963.7455743737949,0.06649488246640585,2026-06-05 12:18:00
16.285714285714285,35,0.39564717056812715,0.45091527991584085,0.5490847200841592,0.10964187530137531,49725731625522458,58384086592125,0.0702672832297826,1970.7986504899222,0.06578433064443569,2026-06-05 12:33:00
16.0,38,0.3956814401166459,0.4509133238418455,0.5490866796693935,0.10964233007545318,49732514123424396,58391987839729,0.07026701966488563,1980.7616945725529,0.06403410093033528,2026-06-05 12:48:00
16.0,35,0.3956872960020225,0.4509122908923042,0.5490877126185351,0.10964314007602567,49739335449826642,58399903841921,0.07026659507044178,1988.6487696063405,0.06332255563805395,2026-06-05 13:03:00
16.0,38,0.3957097419652828,0.45091270952372603,0.5490872939866912,0.1096452095995407,49746214925938184,58407897050630,0.0702665990268645,1995.0830124369722,0.06287102358893606,2026-06-05 13:18:00
16.714285714285715,33,0.39572492637510004,0.45091145724102055,0.5490885497790315,0.10964724097559635,49753260309467498,58416072022875,0.07026702899626051,1993.5876483892341,0.06185276684258992,2026-06-05 13:33:00
14.714285714285714,30,0.3961484030483037,0.45090848665117,0.5490915168584701,0.10964898202032497,49761478662313719,58425434864269,0.07026239441944737,1984.4490549771206,0.06040220711487757,2026-06-05 13:48:00
14.142857142857142,28,0.3961351067062756,0.4509057556782968,0.5490942443217032,0.1096506636708913,49769762830994125,58434963987313,0.07025609618902716,1979.283295193499,0.06043164191547197,2026-06-05 14:03:00
14.714285714285714,31,0.39613299820417597,0.45090154186284753,0.5490984616460163,0.10965288331652977,49778272914323626,58444727358120,0.07024894099586519,1974.9449058656708,0.05990291118882151,2026-06-05 14:18:00
14.714285714285714,39,0.39619720848250906,0.4508974619960547,0.5491025415124288,0.10966012920840348,49787218133319170,58454869083959,0.07024169278602913,1973.120751281409,0.0592922611053205,2026-06-05 14:33:00
14.428571428571429,31,0.39609789164421766,0.4508961870636894,0.5491038129363106,0.10966198058842042,49796287736406807,58465133971220,0.07023416697205105,1972.666926111065,0.05929735396140188,2026-06-05 14:48:00
15.0,30,0.39608683159229524,0.45089101464784254,0.5491089923675472,0.109663566347507,49805406462205168,58475440747126,0.07022686960937241,1968.631069578496,0.058849236537321166,2026-06-05 15:03:00
14.571428571428571,45,0.3960608107595661,0.4508889647102312,0.5491110352897688,0.10966566181578731,49814528086857605,58485757425882,0.07021941293284134,1968.2707216380386,0.05830872491117438,2026-06-05 15:18:00
14.857142857142858,28,0.39605503474169323,0.4508838783479723,0.5491161216520277,0.10966847373358717,49823610079955334,58496015517552,0.07021206218660547,1969.2074931386333,0.05751444151151054,2026-06-05 15:33:00
14.285714285714286,27,0.3960342723854125,0.45087836124475517,0.5491216422617665,0.10967006367603312,49832604200090385,58506164554090,0.0702045867877501,1972.1646798755166,0.05792028005410136,2026-06-05 15:48:00
14.714285714285714,35,0.3960280650830193,0.45087470041335276,0.5491252995866472,0.10967256885918676,49841565471415030,58516264620350,0.07019755534939734,1973.07207257986,0.058297417285070804,2026-06-05 16:03:00
13.714285714285714,29,0.3960133534888244,0.45086897967229844,0.5491310238334394,0.10967420857431169,49850246652583879,58526053196841,0.07019101913811836,1974.2022137659508,0.057316668510120565,2026-06-05 16:18:00
13.857142857142858,35,0.396007417735944,0.45086659342980345,0.549133410075549,0.10967428960139798,49858634324728324,58535501532840,0.07018434490137829,1971.419329952505,0.05919425866616428,2026-06-05 16:33:00
14.0,31,0.39600145962016253,0.4508659461678098,0.5491340573371178,0.10967471972827851,49867080129897018,58545026731864,0.07017776363104564,1965.337339025761,0.059509332942168765,2026-06-05 16:48:00
14.285714285714286,32,0.3959954503891787,0.4508628644990382,0.5491371390054882,0.10967609748595664,49875498879487998,58554531699418,0.07017111851345982,1961.781326550731,0.06054600304749972,2026-06-05 17:03:00
14.0,35,0.39598046085607064,0.450857604427893,0.5491423990762426,0.10967626628095752,49883846266657759,58563984325876,0.07016440228380134,1957.7054965270115,0.0606627526580208,2026-06-05 17:18:00
14.142857142857142,30,0.3959711195528294,0.4508521997727479,0.5491478002272522,0.1096762990275295,49892152104449866,58573376605415,0.07015757395611877,1955.1635469708744,0.06084422955153588,2026-06-05 17:33:00
13.857142857142858,26,0.39596459597512124,0.4508532358462561,0.5491467676570624,0.10967638420175939,49900359326645441,58582670449099,0.07015110822820482,1951.770150325123,0.06086853985090032,2026-06-05 17:48:00
13.714285714285714,33,0.39596189325879355,0.45084991841322825,0.5491500815867718,0.10967655133093486,49908524606083860,58591914234877,0.07014466979840649,1950.0153544869584,0.06124622603761231,2026-06-05 18:03:00
13.428571428571429,33,0.3959599700493027,0.45084998381681873,0.5491500196856932,0.10967665339987599,49916582634801621,58601043572471,0.07013829114181232,1952.3412373208123,0.06094349077602582,2026-06-05 18:18:00
13.714285714285714,31,0.39594387514994245,0.4508499825977689,0.5491500209043202,0.10967676234454168,49924626850289081,58610167750004,0.07013166230017691,1953.075109924555,0.0608594389918994,2026-06-05 18:33:00
13.714285714285714,34,0.39594367388383295,0.45084381545273244,0.549156191550673,0.10967667579046898,49932663795569826,58619304373806,0.07012525337879753,1954.155316574049,0.0608835327316402,2026-06-05 18:48:00
13.714285714285714,32,0.3959330834528327,0.45084141603076217,0.5491585979744157,0.10967773369279964,49940803120488360,58628551550100,0.07011903206769549,1952.3034156992517,0.06066073756751723,2026-06-05 19:03:00
14.142857142857142,34,0.3959472231957006,0.4508382485341168,0.5491617584677142,0.10967880175107454,49948951067114455,58637829589462,0.07011241140642158,1950.932113982176,0.06052627753143854,2026-06-05 19:18:00
13.571428571428571,32,0.39593516320263095,0.4508333196491649,0.549166680350835,0.1096793276920774,49957082794817545,58647108188986,0.07010572647016114,1951.1484675181218,0.05977301790746428,2026-06-05 19:33:00
13.428571428571429,26,0.3959238220170952,0.45083157668396173,0.5491684268161706,0.1096801257326442,49964976450747237,58656122502425,0.07009945607800804,1953.177142646264,0.05813199699907496,2026-06-05 19:48:00
14.285714285714286,30,0.39591625696713784,0.45082678759700523,0.5491732124029948,0.10968042898257209,49972959296933139,58665265072045,0.07009291835760319,1951.489830795189,0.06059110862705371,2026-06-05 20:03:00
14.714285714285714,28,0.3959158129038169,0.4508274544179161,0.5491725525807754,0.10968116547519184,49981393352400597,58674948063269,0.07008608355666074,1948.4393287773953,0.060981650163482476,2026-06-05 20:18:00
15.285714285714286,30,0.3959048742505002,0.4508243782970008,0.5491756287009301,0.109684372464616,49990195133296484,58685071574181,0.07007874353210064,1943.702689005335,0.06144051845459758,2026-06-05 20:33:00
15.714285714285714,31,0.39589412088979226,0.4508279773164307,0.5491720261821074,0.10968867796684618,49999287930840839,58695563550872,0.07007122261091056,1937.6684474710544,0.061098389904578915,2026-06-05 20:48:00
16.142857142857142,32,0.39591007522234584,0.450827276224521,0.5491727272736177,0.1096915116836516,50008663982317161,58706400841873,0.0700633642497163,1932.2265564797424,0.06022921976012555,2026-06-05 21:03:00
16.428571428571427,34,0.39589607924098474,0.45082373300999645,0.5491762669900035,0.10969494726823184,50018217774834145,58717439368172,0.07005543360946909,1927.660822085977,0.058823782889350446,2026-06-05 21:18:00
15.857142857142858,31,0.39590406918606214,0.4508266561819979,0.5491733578072597,0.10970011649079714,50027816802716255,58728517603761,0.0700474446366164,1929.4757773825086,0.05683781107131752,2026-06-05 21:33:00
15.714285714285714,33,0.3958860478825109,0.4508224713155857,0.5491775391752292,0.10970418068425333,50037465837038092,58739597034462,0.07003928639837802,1933.482455361808,0.05597404636676506,2026-06-05 21:48:00
17.0,32,0.3959065322998785,0.45082053738792327,0.5491794626120767,0.10970890470419462,50047473586087817,58751093919581,0.07003050919972288,1929.428079966062,0.05625378068913791,2026-06-05 22:03:00
17.285714285714285,33,0.3958948908125286,0.45081988141480284,0.5491801255775581,0.10971369045474404,50057884605791986,58763034069826,0.07002139615678601,1920.7920661439043,0.05490226929761198,2026-06-05 22:18:00
17.0,36,0.3958843035762285,0.45081474424296253,0.5491852592528471,0.10972011321795366,50068505667137473,58775164837698,0.07001208996543187,1921.7053832663157,0.053309347468951815,2026-06-05 22:33:00
17.0,34,0.3958913766423626,0.4508097016756436,0.5491902983243564,0.10972656854149504,50079159455643588,58787307919057,0.07000289065131617,1924.2305947225336,0.051813070281478676,2026-06-05 22:48:00
16.142857142857142,33,0.39589710793443333,0.4508039986410566,0.5491960013589434,0.10973251996499948,50089686865275930,58799253690373,0.06999383082569346,1933.6612359578698,0.05045139354509393,2026-06-05 23:03:00
15.428571428571429,30,0.3958899613901958,0.4507984930036559,0.5492015069963442,0.10973787297766398,50099976236602656,58810876700439,0.0699851645603895,1949.3333667493653,0.04904847156749342,2026-06-05 23:18:00
14.571428571428571,29,0.39586801060545884,0.45079270964807344,0.5492072903519266,0.1097441513121346,50109900943566931,58822023652698,0.06997689164905503,1965.4643127212232,0.047214827685730654,2026-06-05 23:33:00
14.0,28,0.39587768096281567,0.450786557805959,0.5492134456881073,0.10974995480577894,50119367170501805,58832619470215,0.0699692657631713,1981.2778000902924,0.04569789223014696,2026-06-05 23:48:00
13.142857142857142,28,0.3958584488679072,0.4507801351875238,0.5492198683062193,0.10975520323771176,50128339220230745,58842632236927,0.06996199300101183,2001.4671520526497,0.0449083490906488,2026-06-06 00:03:00
12.0,24,0.3958339231548487,0.45077464134455003,0.54922535865545,0.10975990499593838,50136906697506812,58852076139478,0.0699538746813277,2016.1751873857268,0.04342672219517912,2026-06-06 00:18:00
11.0,28,0.39581870999273006,0.45076669428802335,0.5492333092050936,0.10976415381402273,50144785779891147,58860768105524,0.06994770662737256,2029.2993336750385,0.04233386769910166,2026-06-06 00:33:00
10.0,30,0.3958046852590676,0.45075888817362414,0.5492411188120274,0.10976833067408552,50152072709237868,58868795844821,0.0699426991335552,2045.2460688637066,0.040744018559336105,2026-06-06 00:48:00
9.571428571428571,26,0.39569614532144054,0.45075193246532524,0.5492480675346747,0.1097721779747787,50158858724072105,58876239114275,0.069938265387227,2055.1047002263604,0.03984758173735395,2026-06-06 01:03:00
8.714285714285714,26,0.39564870082949943,0.4507445543736649,0.5492554491185746,0.10977609305320875,50165282468458150,58883250794053,0.06993436628305005,2068.113429697565,0.038748270166510425,2026-06-06 01:18:00
7.571428571428571,20,0.39472547082228915,0.45073636680064816,0.549263636691309,0.10978013857885706,50171036512352972,58889540881759,0.06993086223337511,2078.504385816632,0.03789055249644249,2026-06-06 01:33:00
7.0,19,0.39469795806458957,0.4507278787625038,0.5492721247291737,0.1097841582892126,50176252970753388,58895231551319,0.06992776705500134,2088.052606555694,0.03744526250687618,2026-06-06 01:48:00
6.714285714285714,18,0.3946706050418975,0.45072013206254413,0.5492798749202517,0.10978765902858988,50181060251652600,58900476312353,0.06992499460158383,2095.6468305574554,0.03715630379999501,2026-06-06 02:03:00
5.857142857142857,19,0.3946397729907411,0.4507150156435883,0.5492849843564117,0.10979109022322157,50185408251892161,58905231303818,0.06992270765352271,2103.5402510535714,0.0362927897969563,2026-06-06 02:18:00
5.571428571428571,14,0.394587903839091,0.4507070407422316,0.549292966239456,0.10979477343674296,50189361399630147,58909548399797,0.06992023783759296,2113.588183010334,0.03640379143939513,2026-06-06 02:33:00
5.0,14,0.39456728843901717,0.45069924307308734,0.5493007569269126,0.10979805461294244,50192952629590275,58913477129734,0.06991785745708536,2119.2764827995024,0.0354820658727469,2026-06-06 02:48:00
4.714285714285714,13,0.39455789282587334,0.4506937811702467,0.5493062188297533,0.10980145867547281,50196192910682667,58917031620661,0.06991571299103724,2126.3213383119246,0.0362459935644159,2026-06-06 03:03:00
4.285714285714286,10,0.39453391979594093,0.45068799822316524,0.5493120017768348,0.10980459079245554,50199062542762531,58920213386633,0.0699138369005727,2129.327701041738,0.03576070454397938,2026-06-06 03:18:00
3.857142857142857,11,0.39450733030658497,0.4506800190963099,0.54931998090369,0.10980769570742778,50201621182825678,58923058573343,0.0699122880034719,2132.746895786179,0.03530846730703346,2026-06-06 03:33:00
3.7142857142857144,12,0.3944777377990871,0.45067216516936304,0.549327834830637,0.10981102768564706,50204053871250544,58925754611460,0.06991082955293748,2138.162988152993,0.034933214278337656,2026-06-06 03:48:00
3.7142857142857144,9,0.39449060605129493,0.45066476412453926,0.549335249832312,0.10981428549710985,50206423003341930,58928380006292,0.06990948672442937,2139.9615453617885,0.03565715194402481,2026-06-06 04:03:00
3.7142857142857144,9,0.3944693453217907,0.4506602651560913,0.5493397383328404,0.1098170884175613,50208673835705863,58930857839546,0.06990816406599823,2142.576900587803,0.035481758906283106,2026-06-06 04:18:00
3.2857142857142856,10,0.39441697460221686,0.450653250856685,0.5493467491433149,0.10981994871019532,50210808575985873,58933211170955,0.06990691821268763,2145.425752198368,0.0348777566091716,2026-06-06 04:33:00
3.4285714285714284,9,0.3943951995259883,0.45064643644279584,0.5493535705340191,0.10982297407544582,50212827437922495,58935444910143,0.06990583892405544,2143.84160800663,0.03569728170088359,2026-06-06 04:48:00
3.2857142857142856,11,0.3943873661212183,0.45064049630875913,0.5493595036912409,0.10982573766587454,50214836800984863,58937675024310,0.06990475430845576,2142.7778982850264,0.0358917294286392,2026-06-06 05:03:00
3.5714285714285716,9,0.39437861264280477,0.4506345252406196,0.549365478247245,0.10982867165651787,50216860164585152,58939916461633,0.06990359928465442,2141.9963397913466,0.0363870815922866,2026-06-06 05:18:00
3.857142857142857,11,0.39435799404803085,0.4506286022082915,0.5493713977917085,0.10983138903988308,50218960431892081,58942237688102,0.06990242454756174,2138.5619836537385,0.03654095485051861,2026-06-06 05:33:00
3.7142857142857144,14,0.394359140945385,0.45062277654378385,0.5493772234562161,0.10983402593207159,50221174207303260,58944680277496,0.0699010783660159,2137.3889748747683,0.03660232395707664,2026-06-06 05:48:00
4.142857142857143,10,0.3943603836837437,0.45061722940639615,0.5493827775676874,0.10983693833331314,50223538533715850,58947278827827,0.06989965361101456,2133.083253892096,0.037569903567099515,2026-06-06 06:03:00
4.571428571428571,11,0.3943473237495268,0.45061368599437873,0.5493863209791138,0.1098394249890347,50226117313613935,58950099910232,0.06989795844350731,2127.3850568667103,0.03867242865124736,2026-06-06 06:18:00
4.714285714285714,11,0.3943414934217514,0.4506078355257572,0.5493921679607067,0.10984260089047666,50228918422023724,58953152304427,0.06989609879165987,2119.289727840356,0.039652969729921696,2026-06-06 06:33:00
5.142857142857143,11,0.3943515535325266,0.4506019774705058,0.5493980260156688,0.10984494779651781,50232047694815498,58956554791191,0.06989403130290606,2112.427203336861,0.039964669346743115,2026-06-06 06:48:00
5.714285714285714,13,0.3943613868195911,0.4505961909691804,0.5494038090308196,0.10984724747439861,50235456410494287,58960271561823,0.06989188415119618,2104.2095800760253,0.04136010049388688,2026-06-06 07:03:00
6.142857142857143,13,0.3943455187439415,0.4505897145636679,0.5494102889219065,0.10984981671460103,50239214515185573,58964372478140,0.06988952027376845,2094.2650888607013,0.04267245262154078,2026-06-06 07:18:00
6.857142857142857,16,0.3943378354900786,0.4505832210206185,0.5494167789793815,0.10985207415300234,50243299304489831,58968823089466,0.06988686174868204,2088.6790515868,0.043683559873959346,2026-06-06 07:33:00
7.142857142857143,18,0.3943403177720958,0.4505768772658398,0.5494231262191159,0.10985382260675465,50247694984246515,58973608336575,0.06988396201525952,2081.3732625402604,0.044915922491601507,2026-06-06 07:48:00
8.0,18,0.39433365362758105,0.45057396933798405,0.549426030662016,0.10985513260343875,50252415757016856,58978757329716,0.06988076429278077,2072.0790015388916,0.04666811073882726,2026-06-06 08:03:00
8.285714285714286,26,0.394326772243456,0.4505687569324829,0.5494312465518225,0.10985608645039008,50257498122908414,58984305227172,0.06987740560133429,2062.1069984724604,0.0482452519210952,2026-06-06 08:18:00
8.857142857142858,18,0.3944279452025351,0.45056208871225706,0.549437911287743,0.10985666810080252,50262882466277902,58990202150449,0.06987371776149486,2052.163558006301,0.04939739978463354,2026-06-06 08:33:00
9.285714285714286,20,0.39434132729734356,0.45055885274803875,0.5494411542192184,0.10985716729431483,50268519891355009,58996412148014,0.06986986678997159,2039.9967263120134,0.051360680960139286,2026-06-06 08:48:00
10.0,20,0.3943405030647046,0.45055256583686365,0.5494474376464278,0.10985781343711436,50274425666426460,59002953731076,0.06986575598492202,2027.5430251138653,0.05315567157737715,2026-06-06 09:03:00
10.428571428571429,26,0.39435355341482103,0.45054699193263215,0.5494530115503159,0.10985746822744466,50280620092060788,59009843224272,0.06986134713535937,2019.7173571573205,0.05472451487719897,2026-06-06 09:18:00
10.857142857142858,25,0.39433604326329397,0.4505432873561384,0.5494567196090462,0.10985675634858601,50287057582728565,59017030386954,0.06985682766487268,2007.6776011152235,0.05656109943873391,2026-06-06 09:33:00
11.142857142857142,22,0.39434618324157295,0.450540531376594,0.549459468623406,0.10985547701955631,50293718475385827,59024496400069,0.06985205489060607,1998.3132892026656,0.05784798274309012,2026-06-06 09:48:00
11.571428571428571,24,0.3943335162554746,0.4505361002242983,0.5494638997757016,0.10985445510405993,50300608961404578,59032254711920,0.06984704763525529,1993.3216211948159,0.059346659618638685,2026-06-06 10:03:00
12.0,25,0.39435078680449037,0.4505305559243764,0.5494694475571639,0.10985351224492809,50307672826845090,59040251904042,0.06984182036499237,1985.7828983999398,0.06022548501647503,2026-06-06 10:18:00
12.714285714285714,25,0.39433412324850325,0.4505274043560018,0.5494726060875178,0.10985285852115456,50314955739072604,59048505091712,0.06983645636403765,1981.2926010138797,0.061213766015314815,2026-06-06 10:33:00
12.857142857142858,25,0.39433967883206567,0.4505228810621126,0.5494771189378874,0.10985184175707763,50322443334135074,59057008139351,0.06983096752994979,1975.7378401019532,0.06201877253780642,2026-06-06 10:48:00
13.142857142857142,28,0.39434460825439854,0.4505177484931037,0.549482261948251,0.10985075668285622,50330083902886806,59065718949888,0.06982549096145084,1971.2399613425828,0.06264364205386404,2026-06-06 11:03:00
13.285714285714286,25,0.39433347152967246,0.45051342529517524,0.5494865816649924,0.10985023180118791,50337885749598871,59074631766367,0.06981995243192111,1968.4250879416293,0.0626240240284025,2026-06-06 11:18:00
13.571428571428571,29,0.39432966664179275,0.4505094122722257,0.5494905912074983,0.10984940327677575,50345778520299723,59083657522795,0.06981422644135707,1965.0945766683626,0.0630816387450946,2026-06-06 11:33:00
13.857142857142858,31,0.3943350369327464,0.4505051983530389,0.5494948086056711,0.10984959105734186,50353844857360064,59092903435955,0.06980843220260587,1963.6264742951475,0.06291000767673947,2026-06-06 11:48:00
14.0,27,0.39432706296116976,0.4505018431735043,0.5494981533475003,0.10984833919235117,50361985649432535,59102238746557,0.06980262133444701,1961.6106321569262,0.06284621510238958,2026-06-06 12:03:00
14.285714285714286,28,0.39433392837179404,0.45049754517054524,0.5495024583080703,0.10984771985373684,50370232518547630,59111696022701,0.06979665215947359,1961.8354098213829,0.06261597367025334,2026-06-06 12:18:00
13.857142857142858,28,0.39431793570283863,0.45049397946929576,0.5495060240089271,0.10984753905413094,50378469286493429,59121117662002,0.06979065764602257,1963.831994158431,0.06222604348970949,2026-06-06 12:33:00
14.0,32,0.3943307176981424,0.45048975307057837,0.549510250407269,0.10984684622919723,50386749346760583,59130569837709,0.0697848194346249,1966.7978316428112,0.06213860197253375,2026-06-06 12:48:00
14.571428571428571,27,0.3943275741131939,0.4504857232076254,0.5495142872248018,0.10984672200409337,50395187466387591,59140192644894,0.06977895945090891,1968.193592624629,0.06147251264067258,2026-06-06 13:03:00
14.285714285714286,27,0.3943333117946649,0.45048124729786276,0.5495187596563267,0.1098470042368927,50403708435032888,59149914721359,0.0697729507810384,1969.4710385753665,0.06101719625895714,2026-06-06 13:18:00
14.428571428571429,28,0.39433352264487487,0.45048398966168796,0.5495160138149783,0.10984805713729334,50412370966811541,59159783703557,0.06976691811476043,1968.776190200184,0.060697319493256095,2026-06-06 13:33:00
14.714285714285714,33,0.39434018359468953,0.45048361047095176,0.5495163964815502,0.10984841818688108,50421191298685193,59169814218018,0.0697608506652713,1968.9733513883998,0.05878430531419575,2026-06-06 13:48:00
14.857142857142858,29,0.39431996433743444,0.45047945539304707,0.5495205480828114,0.10984958975599543,50430139726935567,59179957905409,0.0697546076824042,1969.7014743002999,0.05835828492505772,2026-06-06 14:03:00
15.0,28,0.3943219322727274,0.45047264464024384,0.5495273553597562,0.10985076363730498,50439261203716290,59190246628175,0.06974804997500803,1970.201775997576,0.056959220504328105,2026-06-06 14:18:00
15.142857142857142,29,0.3943223411943467,0.45046612730068675,0.5495338726993132,0.10985395779668837,50448629976166836,59200785043388,0.06974127944279904,1967.609939452722,0.05614149567912653,2026-06-06 14:33:00
15.428571428571429,30,0.39431250790728223,0.4504596302471019,0.5495403732276274,0.10985656682695713,50458152459479037,59211468546256,0.06973455051987705,1966.4825929521166,0.05586478424208752,2026-06-06 14:48:00
15.857142857142858,32,0.39440393383620087,0.45046116258220775,0.5495388339434858,0.10985965437503133,50467840577737132,59222378355374,0.06972762941956862,1960.4202642009259,0.05583452616206631,2026-06-06 15:03:00
15.142857142857142,28,0.394318050712044,0.45045576738582926,0.5495442326141707,0.10986209676678076,50477383654328761,59233128663090,0.06972104692218299,1957.9683712925826,0.05529706773347248,2026-06-06 15:18:00
15.142857142857142,33,0.3943173574621113,0.45045130050018045,0.5495487029733698,0.10986508405534585,50486987990402366,59243903205656,0.0697143237811464,1957.319732596496,0.05480287449644889,2026-06-06 15:33:00
14.857142857142858,31,0.39431820725235145,0.45044743230195833,0.5495525746443702,0.10986812688254027,50496569435035268,59254649490266,0.06970756647981748,1957.928571120038,0.054988025609114734,2026-06-06 15:48:00
15.285714285714286,30,0.39432076301247215,0.4504406697948065,0.5495593336779822,0.10987078756941995,50506037005492686,59265292558320,0.06970095290755615,1956.9883160893903,0.05606172464208683,2026-06-06 16:03:00
14.428571428571429,28,0.39430622393208536,0.4504356941778237,0.5495643058221763,0.10987350988522586,50515144802976283,59275554805958,0.06969483157042941,1957.595693034429,0.05523516354954123,2026-06-06 16:18:00
14.428571428571429,30,0.3943241302264312,0.45042992633435264,0.549570077137684,0.10987614566508713,50523987161766208,59285501285991,0.06968896185560756,1956.893389546192,0.05595794223565654,2026-06-06 16:33:00
14.714285714285714,29,0.3943094665527386,0.45042601689869904,0.5495739935162713,0.10987743376385103,50532796970097986,59295438251801,0.0696832197473218,1954.8351622769862,0.05673516840089999,2026-06-06 16:48:00
14.428571428571429,30,0.39431110223921584,0.4504269311770926,0.5495730688229074,0.10987829974724697,50541625285137000,59305375205874,0.06967742423020223,1953.8380403710673,0.05700723568932617,2026-06-06 17:03:00
14.428571428571429,30,0.39429146761208833,0.4504231353369343,0.5495768681339387,0.10987918194307997,50550367538047220,59315236842110,0.06967140184796729,1950.0496929349968,0.05781411987605493,2026-06-06 17:18:00
14.285714285714286,28,0.3943077669722583,0.45042135414714884,0.5495786527938005,0.10988005004062032,50558966120284423,59324941900070,0.06966548649233693,1946.6403375001073,0.058386555492555614,2026-06-06 17:33:00
14.0,27,0.39429421505421813,0.4504203904901554,0.5495796095098446,0.10988107277309005,50567446682506109,59334524835821,0.06965951724394237,1946.473102599952,0.05854073252517057,2026-06-06 17:48:00
13.714285714285714,27,0.39429010986452423,0.4504192115223318,0.5495807954170127,0.10988130818298483,50575604036777526,59343760195293,0.06965369685448176,1946.523017866235,0.058776140831414025,2026-06-06 18:03:00
13.714285714285714,28,0.3942963842556206,0.4504141365147074,0.5495858634852926,0.10988154614774993,50583747863215262,59353007360973,0.06964804591317397,1946.702870366199,0.0588713307895104,2026-06-06 18:18:00
13.857142857142858,33,0.39431331297172023,0.45040918629922944,0.5495908171697093,0.10988144186422696,50591776639316824,59362144337675,0.06964264797417725,1946.6917437477118,0.059067962449334065,2026-06-06 18:33:00
13.714285714285714,32,0.3943053358054434,0.45040692598211124,0.5495930809549953,0.1098824323730813,50599755594657345,59371250536096,0.06963725410660457,1947.2416589189422,0.05938609955849922,2026-06-06 18:48:00
13.714285714285714,28,0.39429251227903767,0.4504056616757569,0.5495943417923973,0.1098834013921167,50607761091918493,59380407428053,0.06963175521477848,1946.379979857199,0.05928881029909646,2026-06-06 19:03:00
14.0,32,0.3942979304904936,0.4504020645486929,0.549597949322364,0.10988361215151078,50615786348571738,59389619189559,0.0696264131339298,1947.9129430580979,0.05941467260568811,2026-06-06 19:18:00
13.857142857142858,27,0.394301198668748,0.45039619888624244,0.5496038080485375,0.10988440041106512,50623826264930400,59398845635015,0.06962095813461772,1950.1518737813815,0.05882208854147905,2026-06-06 19:33:00
13.571428571428571,32,0.39429641939732224,0.45039021515024186,0.5496097952507988,0.10988526561034175,50631590299739966,59407785684947,0.06961555874162001,1952.1311285541458,0.05764249078331708,2026-06-06 19:48:00
14.285714285714286,27,0.3942841645275434,0.45038535815130143,0.5496146487819699,0.10988602207411777,50639531217239156,59416930160038,0.06960999748396215,1952.0613852162385,0.06004684178287032,2026-06-06 20:03:00
14.714285714285714,27,0.39429485718894847,0.45038055571539787,0.5496194477508531,0.10988658233108778,50647885973481695,59426570476507,0.06960419612114772,1951.0843391614426,0.06115129674280331,2026-06-06 20:18:00
15.428571428571429,29,0.3942816055727225,0.4503767335675422,0.5496232768300653,0.1098884523338921,50656527740774183,59436560509357,0.06959806378827676,1951.232659720218,0.06101375053122141,2026-06-06 20:33:00
15.571428571428571,29,0.3942964737072248,0.4503748952163223,0.5496251082491475,0.1098903703569844,50665394928979432,59446834059951,0.06959182260903753,1951.8814226983875,0.060914093329067255,2026-06-06 20:48:00
15.857142857142858,32,0.39428282275348,0.4503718572909904,0.5496281427090096,0.10989409752602346,50674452301838132,59457345078399,0.06958549332060769,1951.8519295274973,0.05986637112278811,2026-06-06 21:03:00
15.714285714285714,32,0.39428003378024823,0.4503682064390481,0.5496318004903118,0.10989765685728062,50683667886871372,59468038588875,0.06957906478418925,1953.409771943544,0.05826678924345395,2026-06-06 21:18:00
15.714285714285714,35,0.3942867458452653,0.4503649478790471,0.5496350625137538,0.10990196557543996,50692959500931566,59478821909322,0.06957249820199356,1958.379877935743,0.05792825849166893,2026-06-06 21:33:00
16.142857142857142,36,0.3942877202288113,0.450361267988675,0.549638745866826,0.10990718633321214,50702325432041786,59489677681019,0.06956591128004096,1965.1943917538854,0.05778671693491394,2026-06-06 21:48:00
16.857142857142858,32,0.3942879183002207,0.4503595237476019,0.5496404797158696,0.10991231081616513,50711977992585403,59500851700152,0.06955923157455286,1965.3375626594648,0.05719462974300645,2026-06-06 22:03:00
16.857142857142858,33,0.39429403615100966,0.45035635142030145,0.5496436485796986,0.10991804769592672,50721973313722512,59512397037834,0.06955225047315033,1965.3420247521613,0.056244135948827045,2026-06-06 22:18:00
16.857142857142858,34,0.3942893463311881,0.45035174100709163,0.5496482693810578,0.1099246372422325,50732103319201805,59524078997602,0.06954498643237754,1965.0380407599648,0.055078202106289845,2026-06-06 22:33:00
16.571428571428573,33,0.39428826332783695,0.450347273490089,0.549652726509911,0.10993224851166654,50742314894417727,59535807822446,0.06953765568211805,1969.9720436182263,0.053735480733672465,2026-06-06 22:48:00
16.285714285714285,42,0.3942794906812226,0.45034177554059934,0.549658231383344,0.10993878437472795,50752523995510113,59547463838866,0.06953045874700425,1978.9851728862363,0.052058622771207784,2026-06-06 23:03:00
15.714285714285714,32,0.39427935011441595,0.4503357709716675,0.5496642290283326,0.10994467775284614,50762616795779117,59558900655162,0.06952338407636677,1987.5941545356825,0.050425409815614164,2026-06-06 23:18:00
15.285714285714286,31,0.3942826406555714,0.4503291082069132,0.5496708952543542,0.10994975705138754,50772509808642285,59570058414831,0.06951660908314636,1998.9269940543152,0.048903204293047405,2026-06-06 23:33:00
14.142857142857142,31,0.39426846577100183,0.4503218392333772,0.5496781676884847,0.1099539316510699,50782126952966041,59580853194857,0.06951012124516691,2008.5503378239075,0.04792681787927796,2026-06-06 23:48:00
13.714285714285714,29,0.3942682325578908,0.45031740546006244,0.5496826014611056,0.10995874468050619,50791339611874479,59591172289080,0.06950391442010585,2024.3115008091845,0.04697485070031863,2026-06-07 00:03:00
12.714285714285714,25,0.3942673859623508,0.4503096384913986,0.5496903649688603,0.10996464802561902,50800162519467746,59600917240784,0.06949637471846927,2037.6229154732769,0.045343524308845515,2026-06-07 00:18:00
11.571428571428571,25,0.3942371193731211,0.4503017259051855,0.5496982879345794,0.10996957259527221,50808375441738272,59610024858252,0.06949092278297483,2050.6968237338374,0.04387321513961104,2026-06-07 00:33:00
10.857142857142858,28,0.3942300846433888,0.45029539284488107,0.5497046106147422,0.10997357717062105,50816061497334308,59618529210412,0.06948627848557372,2064.191355068961,0.042920128233439686,2026-06-07 00:48:00
10.142857142857142,21,0.3942141015585338,0.45028996048951503,0.5497100464290947,0.10997780107783851,50823289792924700,59626508972505,0.0694817757801719,2075.4741978734683,0.04156915838612054,2026-06-07 01:03:00
9.428571428571429,20,0.3942073894935168,0.4502816275263654,0.5497183724736346,0.10998239561911043,50829949436014558,59633859454943,0.0694778573352688,2088.4598520876457,0.04043804933371137,2026-06-07 01:18:00
8.142857142857142,19,0.39418948958857125,0.450273601101979,0.5497264023567509,0.10998653998573125,50835944782650625,59640468728883,0.06947450980609694,2100.5965025961564,0.03933669179056978,2026-06-07 01:33:00
7.428571428571429,19,0.3941454186999895,0.4502654926154354,0.5497345073845646,0.10999074186251355,50841339075713941,59646419919258,0.06947166265677439,2110.250274815746,0.03888921739184559,2026-06-07 01:48:00
7.0,17,0.3941706408576809,0.45025709567661903,0.5497429077815523,0.10999472266969018,50846293193036314,59651885965065,0.06946904477450891,2119.9138082052223,0.03817537256275029,2026-06-07 02:03:00
6.142857142857143,14,0.39413396889464863,0.4502489834166258,0.5497510165833742,0.10999873013691376,50850748070133853,59656819058284,0.06946684169697674,2128.8831951794414,0.03757638737365571,2026-06-07 02:18:00
5.857142857142857,16,0.39413443851557084,0.45024056606857726,0.5497594339314228,0.11000250220876491,50854761900450687,59661263615822,0.06946479506615626,2138.567791393265,0.03715293698701798,2026-06-07 02:33:00
5.142857142857143,12,0.3941208834028305,0.4502326696499493,0.5497673338074139,0.11000600694892514,50858396351609739,59665299622846,0.06946298468249121,2146.1769997398624,0.036697407287930826,2026-06-07 02:48:00
5.0,14,0.39409738957792073,0.45022922652219644,0.5497707769348756,0.1100094629813767,50861677506522234,59668955380369,0.06946147053507154,2154.2296892562895,0.03661812705983907,2026-06-07 03:03:00
4.285714285714286,12,0.3940948434019005,0.4502234000462969,0.5497766034105035,0.11001250339307266,50864580955512220,59672213875562,0.06946013226191808,2160.9095156907033,0.0369054441260745,2026-06-07 03:18:00
4.428571428571429,11,0.3940617974235395,0.45021568917956056,0.5497843142769775,0.11001585388534728,50867244158492640,59675192020466,0.06945882372283704,2166.589629637855,0.036013468529525874,2026-06-07 03:33:00
3.857142857142857,18,0.39406447458226596,0.45020772694600064,0.5497922730539994,0.11001917181243462,50869734944035641,59677987997666,0.06945769878803747,2169.954666914497,0.03563231618046632,2026-06-07 03:48:00
3.857142857142857,12,0.3940425365763297,0.45020061850192994,0.5497993814980701,0.1100221819491835,50872134021232547,59680668149619,0.06945668181637915,2171.6478808641878,0.03577499156514189,2026-06-07 04:03:00
3.7142857142857144,9,0.39403824928872716,0.4501934314182613,0.5498065720375003,0.11002513902183476,50874397621978039,59683197409873,0.06945575923762863,2175.9562932482377,0.03532852239076376,2026-06-07 04:18:00
3.7142857142857144,13,0.3940238986956493,0.45018638885629775,0.5498136145992064,0.11002846922923927,50876553343088052,59685607359978,0.06945481664788622,2180.335195914078,0.03553835440153783,2026-06-07 04:33:00
3.2857142857142856,10,0.39401771375615713,0.4501793440544037,0.5498206559455964,0.11003174412242149,50878601770977165,59687889293708,0.06945384500399822,2182.69365914827,0.035285196027081654,2026-06-07 04:48:00
3.5714285714285716,9,0.3939927152274763,0.4501753874945291,0.5498246159604357,0.11003503330525846,50880580610012406,59690111358528,0.06945302702144657,2182.6423356556684,0.03593905825181912,2026-06-07 05:03:00
3.4285714285714284,19,0.39398437706008244,0.45016902391375835,0.5498309795409407,0.11003809375091068,50882582877051065,59692353767239,0.0694521170456227,2180.2841631702377,0.03595335157274865,2026-06-07 05:18:00
3.857142857142857,9,0.3939627457453606,0.45016216496455164,0.5498378350354484,0.1100407855420485,50884596042572205,59694612578900,0.06945135563952758,2179.4599520987877,0.03657224754279961,2026-06-07 05:33:00
3.7142857142857144,18,0.39396126020979044,0.4501548770033551,0.5498451264508141,0.11004397365600836,50886718716920506,59696980246529,0.06945045684584795,2178.04005239085,0.03660956682603368,2026-06-07 05:48:00
3.857142857142857,13,0.3939682342402199,0.45014830356144586,0.5498516964385541,0.11004764886139048,50888962678610306,59699476899601,0.06944950673815217,2175.229063902237,0.036974609840385975,2026-06-07 06:03:00
4.142857142857143,13,0.3939453537977391,0.450141705872346,0.5498582941276541,0.1100508717851444,50891349828757975,59702117362176,0.0694484481659744,2169.943833911858,0.03765500827880594,2026-06-07 06:18:00
4.428571428571429,12,0.3939394467971601,0.45013498092924287,0.5498650259774488,0.11005352651025212,50893936902646642,59704967329278,0.06944734951123105,2166.5578333479903,0.03817566922062785,2026-06-07 06:33:00
4.714285714285714,12,0.39392474159236546,0.45012823014880576,0.5498717767573369,0.110056629824499,50896791553281748,59708098372016,0.06944602527725749,2162.6017659157387,0.03847395189921316,2026-06-07 06:48:00
5.571428571428571,21,0.3939268532891652,0.4501241509864959,0.5498758524662716,0.11005945321711721,50899926903512794,59711533451717,0.06944476840227193,2158.1524555367937,0.03999441746571975,2026-06-07 07:03:00
5.857142857142857,16,0.3939207322436761,0.4501188351459648,0.549881168306523,0.11006249565560872,50903368229391419,59715318567367,0.0694437658954759,2151.851812343255,0.04054397981653406,2026-06-07 07:18:00
6.285714285714286,25,0.39390905241992435,0.45011229912382333,0.5498877043283795,0.11006521889802937,50907078938101298,59719412595920,0.06944261258256793,2145.996440108632,0.04129661401826715,2026-06-07 07:33:00
6.428571428571429,24,0.3939068352980196,0.4501082374173655,0.5498917625826345,0.11006793920814208,50911159653334283,59723894693284,0.06944129226790643,2140.282160964608,0.04213606828574843,2026-06-07 07:48:00
7.285714285714286,18,0.39390883198561394,0.45010212119169296,0.549897885711501,0.11007057357200191,50915557086032547,59728733694557,0.06943972228178949,2130.547994848323,0.04358227356931858,2026-06-07 08:03:00
7.571428571428571,20,0.39390640401349925,0.45009792235413887,0.5499020810971368,0.1100729761481279,50920297550166399,59733965389424,0.06943803855873558,2122.6615586061703,0.044689008051258534,2026-06-07 08:18:00
8.285714285714286,22,0.3939979449516233,0.4500912968584955,0.5499087100434495,0.11007572635003166,50925393869588123,59739581656821,0.06943602946224142,2114.2392592678434,0.045808459932152865,2026-06-07 08:33:00
9.142857142857142,23,0.39391127912592955,0.450085230108837,0.5499147733418236,0.11007811031928377,50930825721045270,59745593294614,0.06943389047446234,2103.388129671671,0.04693282935664225,2026-06-07 08:48:00
9.571428571428571,26,0.39391250908548764,0.4500801855086315,0.5499198248424269,0.11008015910050545,50936611346937774,59752003633539,0.06943117200637851,2093.750641395358,0.04825545085081574,2026-06-07 09:03:00
10.0,23,0.3939216075915174,0.45007498301721255,0.5499250238828535,0.11008241219018304,50942684634522827,59758770491060,0.06942833321993613,2086.9462664310427,0.04977456671308616,2026-06-07 09:18:00
10.428571428571429,28,0.3939297604663025,0.4500693442496629,0.5499306592000509,0.11008470523572132,50949047398147575,59765888498434,0.06942511307207823,2080.432910157289,0.04928366227950921,2026-06-07 09:33:00
10.571428571428571,23,0.39391101077111684,0.45006374340299765,0.549936260046386,0.11009183429399058,50955526467158931,59773163298659,0.06942212781572989,2114.0891978685604,0.051603846750426556,2026-06-07 09:48:00
11.142857142857142,25,0.39392455310505653,0.4500587552860684,0.5499412447139316,0.11009478716710445,50962183752586978,59780683283520,0.06941878180020772,2106.8781702023866,0.05277855131656301,2026-06-07 10:03:00
11.571428571428571,26,0.3939073656182447,0.4500556370757626,0.5499443629242373,0.11009668348296972,50969088022599568,59788526231985,0.069415164390785,2098.047254983382,0.05440014293129287,2026-06-07 10:18:00
11.857142857142858,30,0.39391080311560706,0.4500493453232852,0.5499506581250615,0.11009912116159176,50976200177356652,59796616950210,0.06941152496234025,2086.751065394213,0.055317988137545945,2026-06-07 10:33:00
12.142857142857142,26,0.39392639964174375,0.45004304408687107,0.5499569662571155,0.11010088020626022,50983536996431767,59804977424377,0.06940788720075737,2062.541499993976,0.05665873788539252,2026-06-07 10:48:00
12.714285714285714,24,0.39391286050250424,0.4500377268570858,0.5499622765905562,0.11010260203953566,50991027050274760,59813540604860,0.06940379161825938,2056.8963798696423,0.057193560079743855,2026-06-07 11:03:00
13.285714285714286,33,0.3939036118455673,0.45003235603198055,0.5499676439680194,0.11010440787525468,50998726794810352,59822367846766,0.06939990411025564,2050.8549142853294,0.05749995861904998,2026-06-07 11:18:00
13.142857142857142,26,0.3939178282612389,0.45002648377035687,0.5499735162296432,0.11010628425274463,51006581293202699,59831394694115,0.06939593485039378,2045.3460518555569,0.05751088942708325,2026-06-07 11:33:00
13.428571428571429,28,0.3939162053535622,0.45002052257305536,0.5499794808735099,0.11011057044779683,51014574246174035,59840605490877,0.06939171978433709,2045.6095816161978,0.057701927453481086,2026-06-07 11:48:00
13.857142857142858,26,0.39391551210362946,0.4500175583566371,0.5499824519819438,0.11011291124780653,51022692077635634,59849951372352,0.0693875254715984,2043.0480531864844,0.05801445001341851,2026-06-07 12:03:00
14.142857142857142,36,0.39392247654995843,0.45001165825562905,0.5499883451901948,0.11011530615641174,51030851226934932,59859351477040,0.06938326243846861,2041.5583953514358,0.05800878126264367,2026-06-07 12:18:00
13.857142857142858,29,0.39389817127121035,0.4500056043739503,0.5499943990715027,0.11011777881183211,51039042663677935,59868778711235,0.06937915884062497,2038.7285392512895,0.057555948236005273,2026-06-07 12:33:00
14.0,31,0.3939273612464892,0.45000006890187094,0.5499999345432226,0.11012179017768445,51047305758647755,59878270734287,0.06937502962465043,2043.5564988473732,0.05726908582114733,2026-06-07 12:48:00
14.0,27,0.39391507123500863,0.44999525471325164,0.5500047521762068,0.11012589958159845,51055719819209201,59887938159630,0.06937084281302743,2044.989552902419,0.05632270332167229,2026-06-07 13:03:00
14.428571428571429,35,0.39391836497086424,0.44999003721243236,0.550009973120623,0.11012942448182232,51064306804176379,59897805332828,0.0693668248374507,2041.768018583299,0.05686826228045086,2026-06-07 13:18:00
14.285714285714286,34,0.39391056031839555,0.4499843308968533,0.5500156691031467,0.11013302140640935,51073016450628179,59907820008632,0.06936276943451224,2039.3140578361608,0.056067144704079676,2026-06-07 13:33:00
14.428571428571429,45,0.3939204574994631,0.4499773609680996,0.5500226390319004,0.11013822807612965,51081847690580922,59917947806207,0.0693585536828498,2045.273592315421,0.054828986672707934,2026-06-07 13:48:00
14.857142857142858,30,0.3939082697183874,0.44997360120973073,0.5500263987902693,0.11014411344549559,51090792291740134,59928185225740,0.06935392890854351,2045.215087140445,0.05465801268118658,2026-06-07 14:03:00
14.857142857142858,30,0.393891855349012,0.44996724778549213,0.5500327591002521,0.11014975635398219,51099897351418899,59938594108366,0.0693491036783231,2038.7628997642728,0.053867938500757745,2026-06-07 14:18:00
14.714285714285714,31,0.3939043849630039,0.449965083589495,0.5500349164105051,0.11015501581906124,51109118783236076,59949094640917,0.06934418740401867,2043.819320148018,0.05279501708603294,2026-06-07 14:33:00
14.714285714285714,31,0.393908177072083,0.44995937897505867,0.5500406279092774,0.11016016221954934,51118324688994560,59959573937197,0.0693396292257803,2047.9949611239776,0.0523064485590895,2026-06-07 14:48:00
14.857142857142858,32,0.39388918457968586,0.44995452668411484,0.5500454733158852,0.1101643257579043,51127556768160733,59970045046533,0.06933487287479341,2043.9947166189938,0.05171071575637893,2026-06-07 15:03:00
14.285714285714286,29,0.3938907372039592,0.44994925767764754,0.5500507526467796,0.11016970258313964,51136778059084739,59980476562840,0.06933039840507565,2047.2728809233854,0.05184432442817987,2026-06-07 15:18:00
14.714285714285714,29,0.3939038131116769,0.44994456984668346,0.550055433594452,0.11017322701195799,51145909759718297,59990815171656,0.06932580675161372,2044.2838001546716,0.051750870753904346,2026-06-07 15:33:00
14.428571428571429,28,0.393899053008452,0.44993958718785665,0.5500604162529396,0.11017913568795656,51154988570181987,60001073066305,0.06932129114355425,2045.1992901659212,0.05155872065316105,2026-06-07 15:48:00
14.571428571428571,44,0.3938905678848512,0.4499339273993969,0.550066072600603,0.11018419969144995,51164005773303671,60011270640718,0.06931689614574757,2042.27128783752,0.05191054446963405,2026-06-07 16:03:00
13.714285714285714,29,0.39390442968880596,0.44992897745474997,0.5500710259853565,0.11018886355898588,51172759236800274,60021176959812,0.06931280160838137,2040.2584463439998,0.05160748043743569,2026-06-07 16:18:00
14.0,32,0.39390831124948933,0.44992682042065607,0.5500731830190987,0.11019084622151415,51181293394074105,60030809680520,0.06930877400954222,2037.073404143209,0.05278219158665861,2026-06-07 16:33:00
14.0,28,0.39390374282827356,0.4499241993019233,0.5500758006980767,0.1101937838422275,51189844526027988,60040502547518,0.06930470920938377,2029.5423489096804,0.053746400479291884,2026-06-07 16:48:00
13.857142857142858,29,0.3939012637409564,0.4499198491282239,0.5500801508717761,0.11019560571363066,51198345512750463,60050149836570,0.06930064470251622,2024.2879519076141,0.05433657505034597,2026-06-07 17:03:00
14.285714285714286,27,0.3938988134059407,0.449914563047223,0.550085436952777,0.11019673954253582,51206859978172105,60059813455144,0.06929650830516422,2019.7738832793136,0.05504664518591502,2026-06-07 17:18:00
13.857142857142858,26,0.3938912739135845,0.44990974041103937,0.5500902664656853,0.11019838946376029,51215232989278212,60069340627755,0.06929223700996967,2018.1450024070175,0.05513722974880254,2026-06-07 17:33:00
13.857142857142858,27,0.3938947273844477,0.44990524603378657,0.5500947539662134,0.11020131401425162,51223479075159691,60078730222238,0.06928808042724198,2018.2940064528932,0.05546647671938985,2026-06-07 17:48:00
13.571428571428571,27,0.3938744857642915,0.44990055527673956,0.5500994481609296,0.11020168245534169,51231609189358738,60088004407469,0.06928418168880836,2014.2686629888065,0.056465029024493844,2026-06-07 18:03:00
13.428571428571429,28,0.3938991105130547,0.44989705443593936,0.5501029490013828,0.11020418799637606,51239630431369947,60097166520856,0.06928018884549395,2020.1623883973718,0.056095068667769844,2026-06-07 18:18:00
13.428571428571429,28,0.3938938935677083,0.44989673208888964,0.5501032679111104,0.11020449864670288,51247580023187762,60106250029416,0.06927601844896623,2015.799615760568,0.056812714903413365,2026-06-07 18:33:00
13.571428571428571,31,0.3938884146569495,0.44989417606226656,0.5501058239377334,0.110206249010453,51255473249721420,60115299304351,0.06927200016393494,2013.0821642963501,0.056600852978421975,2026-06-07 18:48:00
13.428571428571429,27,0.39388652019976,0.44989112209539384,0.5501088847771375,0.11020832288107629,51263271407549609,60124296554767,0.06926815549108988,2019.0850497015556,0.05676825564778677,2026-06-07 19:03:00
13.571428571428571,26,0.3938921620402265,0.4498886426727303,0.5501113573272697,0.11020891867796244,51271036998738982,60133280242028,0.0692642408958752,2015.7987806891088,0.0568185516920992,2026-06-07 19:18:00
13.571428571428571,26,0.39389301821986694,0.4498837964836096,0.5501162069519604,0.11021139949383522,51278833819219731,60142291950780,0.0692604730832839,2018.521755258938,0.0568931023171557,2026-06-07 19:33:00
13.0,28,0.39387109299273126,0.44987889095170924,0.5501211159187224,0.11021414797848338,51286427895202564,60151090035054,0.06925690575933484,2023.3505347432158,0.05580144869572946,2026-06-07 19:48:00
14.285714285714286,33,0.3938852902402019,0.44987609292451375,0.5501239070754863,0.11021471170627326,51294173885899783,60160071701550,0.06925352244504816,2017.5313588261893,0.057913872886958165,2026-06-07 20:03:00
14.571428571428571,29,0.39388142145831917,0.44987433602264065,0.5501256674118242,0.11021706210297125,51302364127969681,60169588849301,0.0692495606643223,2016.8300904124103,0.058981090887636804,2026-06-07 20:18:00
15.428571428571429,29,0.3939664963233378,0.4498718616096112,0.5501281452585481,0.11022007967247296,51310975546385698,60179600653967,0.06924517184773482,2009.0150990831655,0.05863577689500751,2026-06-07 20:33:00
15.428571428571429,30,0.39388630934955005,0.4498694947243225,0.5501305087093898,0.11022248178537938,51319862532357429,60189959582922,0.0692405433669786,2004.3291523891457,0.058516905437407674,2026-06-07 20:48:00
16.0,32,0.39388515925749573,0.4498668955542273,0.5501331044457727,0.11022908648496563,51328956330669889,60200589603757,0.06923594776520063,2007.7004163733602,0.05775335829047948,2026-06-07 21:03:00
15.714285714285714,31,0.3938859004279307,0.44986362345812464,0.5501363834078372,0.11023235386230755,51338228155701966,60211443756352,0.06923147679389836,1993.4185766306675,0.056057607963933824,2026-06-07 21:18:00
15.714285714285714,33,0.39389193202181566,0.44985923950917145,0.5501407604908286,0.1102370195914256,51347588008685457,60222397145646,0.06922685518645805,1990.9412373709035,0.05480865801875447,2026-06-07 21:33:00
15.714285714285714,34,0.3938737829302583,0.4498537418171643,0.5501462581828357,0.11024175070764303,51356842407679918,60233189498623,0.06922222493974553,1996.397518846387,0.05396652812607778,2026-06-07 21:48:00
16.857142857142858,33,0.39395113620501226,0.44985086439566924,0.5501491356043308,0.11024580638601364,51366552810415947,60244492754438,0.06921741557264274,1988.3432338414916,0.054750620233792166,2026-06-07 22:03:00
16.857142857142858,33,0.3938820444248486,0.4498463102989827,0.5501536931325561,0.11025235839536553,51376561252583121,60256141403759,0.06921225378140179,1985.6545797889848,0.05330769420694203,2026-06-07 22:18:00
16.714285714285715,39,0.3938780798019613,0.44984381875369894,0.5501561881086432,0.11025861996659556,51386731923110061,60267916608532,0.06920715012882202,1988.6148055406563,0.0517427712411836,2026-06-07 22:33:00
16.857142857142858,37,0.3938831210387994,0.4498388156538772,0.5501611843461228,0.11026411528676582,51397006755857527,60279757457129,0.06920217266366352,1991.0415026313199,0.04988840196272684,2026-06-07 22:48:00
15.857142857142858,31,0.393876485646586,0.44983281428609273,0.5501671857139073,0.11027058956807637,51407120514316152,60291349257763,0.06919734601268392,2001.4165072469882,0.04870145579466096,2026-06-07 23:03:00
14.857142857142858,34,0.39385863366214274,0.44982647087180766,0.5501735325583403,0.11027607859471467,51416888097069880,60302495779437,0.06919302382605226,2016.4508270240326,0.04682807114949012,2026-06-07 23:18:00
13.857142857142858,29,0.39386809316928956,0.44981946710912724,0.5501805328908728,0.11028115013196428,51426239869649562,60313137576168,0.06918929310540328,2031.884071860178,0.04531967513161693,2026-06-07 23:33:00
13.142857142857142,30,0.3938629113656448,0.44981175464274636,0.5501882556457686,0.11028627500857789,51435138506553118,60323222560878,0.06918559478681895,2047.5085367268962,0.04426926045546172,2026-06-07 23:48:00
12.285714285714286,27,0.39386146097177627,0.4498034960999189,0.5501965039000811,0.11029148759539359,51443505926656641,60332694150328,0.06918217128538935,2066.682629056515,0.04319182523073945,2026-06-08 00:03:00
11.285714285714286,24,0.3938510877803863,0.4497942065251941,0.5502057934748059,0.11029687424965703,51451575003833015,60341655558974,0.06917683271845873,2070.7545580718324,0.042333685306072365,2026-06-08 00:18:00
10.0,23,0.39386896851713094,0.44978504670779196,0.550214953292208,0.11030305751311471,51458704237497836,60349639435335,0.0691740196256042,2108.2027392120076,0.04008015414258189,2026-06-08 00:33:00
9.142857142857142,24,0.3939560911849463,0.4497772052998178,0.5502228015566801,0.1103074466828567,51465168945158088,60356889237644,0.06917188782574125,2121.6936636812975,0.0393568752763063,2026-06-08 00:48:00
8.428571428571429,23,0.39386113830706104,0.4497688821784785,0.550231121249491,0.11031174042280137,51471096581525355,60363520006277,0.0691700788720376,2134.0534720855144,0.038127438718189445,2026-06-08 01:03:00
7.428571428571429,17,0.3938398424358551,0.4497600951823329,0.5502399082453586,0.11031581980768906,51476500877246422,60369549848420,0.06916850324295215,2143.662143584442,0.03732949228943875,2026-06-08 01:18:00
6.857142857142857,21,0.3938607261907416,0.4497513349777663,0.5502486650222337,0.1103196265999651,51481344119147462,60374978550101,0.06916720967543953,2150.62054763712,0.03649273525707646,2026-06-08 01:33:00
6.142857142857143,16,0.3938301688837982,0.4497426083095941,0.5502573882632553,0.11032323067629805,51485712325365986,60379864489976,0.06916613399361506,2155.9171022742394,0.03580166200622268,2026-06-08 01:48:00
5.857142857142857,15,0.3938207317395524,0.4497341524704159,0.5502658509564656,0.11032691336058972,51489673267768494,60384295963993,0.06916528164618221,2162.773098449111,0.03533677201241716,2026-06-08 02:03:00
5.285714285714286,13,0.39381727826868923,0.44972505366162624,0.5502749463383738,0.11033061079748858,51493283663104505,60388334587491,0.06916453804454113,2170.7547524562106,0.03488088178869162,2026-06-08 02:18:00
5.0,12,0.39380355703154113,0.44971874941313295,0.5502812540132026,0.11033428527244556,51496501082624950,60391946256904,0.06916396760333737,2175.4667943780664,0.03465321363311353,2026-06-08 02:33:00
4.571428571428571,11,0.3937989247163223,0.4497106385272003,0.5502893614727997,0.11033814672584528,51499418149919040,60395239882452,0.06916351027296244,2183.75101846069,0.034470769304380415,2026-06-08 02:48:00
4.428571428571429,11,0.39379044598212176,0.44970491263373075,0.5502950873662693,0.11034145983874251,51502044724956035,60398221949842,0.06916315649041929,2190.6055077014807,0.03501326429609683,2026-06-08 03:03:00
3.5714285714285716,12,0.3937742424629564,0.4496975571975717,0.5503024428024283,0.11034443273265497,51504384891399098,60400902458775,0.0691628386849226,2191.5208223821023,0.03471156630862797,2026-06-08 03:18:00
3.7142857142857144,11,0.393775271156405,0.4496898038257671,0.5503101961742328,0.11034776424278396,51506525925131192,60403352657596,0.06916272720733888,2195.9750755756418,0.03419047146068064,2026-06-08 03:33:00
3.4285714285714284,10,0.3937579015716845,0.4496827263858989,0.5503172770391226,0.11035067092604543,51508540145145820,60405658557556,0.06916263583542054,2196.1911299048784,0.033683083443131145,2026-06-08 03:48:00
3.4285714285714284,12,0.3937451004081798,0.4496755871259815,0.5503244162987866,0.110353855046619,51510500454893550,60407911242683,0.06916244720964528,2198.3929577161507,0.034018483493672265,2026-06-08 04:03:00
3.142857142857143,12,0.3937384394583652,0.4496680801960724,0.5503319232284379,0.11035670542562823,51512421175141910,60410108517055,0.06916234932389562,2199.2148260718686,0.034341263093729445,2026-06-08 04:18:00
3.2857142857142856,10,0.39371839910431855,0.4496625040273767,0.5503374959726233,0.11035971756639634,51514265937321783,60412216621469,0.0691622652665778,2200.1079190483447,0.03416245259672835,2026-06-08 04:33:00
3.142857142857143,8,0.3937151021737628,0.449655611807685,0.5503443950402819,0.11036282278163319,51516030588317206,60414231974131,0.06916219574669354,2202.633116875336,0.03402472158889151,2026-06-08 04:48:00
3.142857142857143,9,0.3937040325377399,0.44964855002654547,0.5503514499734545,0.11036569996085688,51517794918778852,60416254299424,0.06916208752001095,2197.0170371839886,0.034638513194136224,2026-06-08 05:03:00
3.2857142857142856,13,0.39368734981355186,0.44964209904196323,0.5503579009580368,0.1103686726178256,51519623013216337,60418337007468,0.06916234401480623,2194.00491893268,0.03479849962874773,2026-06-08 05:18:00
3.7142857142857144,13,0.3936771587200705,0.449637598110963,0.5503624053122325,0.1103712817056416,51521521435172756,60420492337219,0.06916255330814045,2192.558954978274,0.035065107223683604,2026-06-08 05:33:00
3.7142857142857144,15,0.3936952982275273,0.4496309027274773,0.5503690972725227,0.11037394748510909,51523561924295909,60422798394063,0.06916274544438543,2184.6651029472796,0.035336167231854294,2026-06-08 05:48:00
4.285714285714286,15,0.3936754016349875,0.4496248245260918,0.5503751788965705,0.11037656529496906,51525786973644922,60425302145740,0.06916284263857228,2180.2941222032887,0.036699781001047385,2026-06-08 06:03:00
4.428571428571429,18,0.39367403749802304,0.44961860495131445,0.5503814018934681,0.11037892415414344,51528213989505523,60428018409798,0.0691629148373388,2173.3577549025244,0.037292089714999296,2026-06-08 06:18:00
4.714285714285714,15,0.39367019107904133,0.4496117041408449,0.550388299281268,0.11038122694246946,51530865220528556,60430975097336,0.06916285861505567,2165.054514965662,0.03820484258292126,2026-06-08 06:33:00
5.285714285714286,17,0.3936621915498635,0.44960540607543603,0.5503946007682172,0.1103839380986227,51533791103579683,60434243908043,0.06916275966126093,2158.0865442896506,0.039271039965796596,2026-06-08 06:48:00
5.857142857142857,14,0.39367183315491894,0.4495985398030825,0.5504014601969175,0.11038603428002157,51537004168063162,60437825755261,0.06916220663560416,2149.183318640034,0.04063909286006108,2026-06-08 07:03:00
6.428571428571429,15,0.3936645588226753,0.4495911753878661,0.5504088382970979,0.11038794550944295,51540491927270776,60441723767829,0.06916165025311537,2139.548249255584,0.04170230933315882,2026-06-08 07:18:00
6.714285714285714,16,0.39367403749802304,0.4495880569477179,0.5504119430522821,0.11038934548948705,51544284831761770,60445952194878,0.06916049397855693,2133.7857315693896,0.043443893318259326,2026-06-08 07:33:00
8.857142857142858,20,0.3952045001364169,0.4495830182128626,0.5504169817871374,0.11039360080127612,51547817764343390,60449980069625,0.0691609452691741,2144.53791131742,0.045419250412852566,2026-06-08 07:48:00
9.428571428571429,19,0.39521771341624107,0.4495827765098172,0.5504172234901827,0.11039530078725289,51550421367459070,60453268548907,0.06916420732292393,2138.772925463096,0.04732390406198015,2026-06-08 08:03:00
9.857142857142858,22,0.39559247091214333,0.4495803392986222,0.5504196607013778,0.11039644823819872,51553049205165716,60456646030466,0.06916753321334998,2137.992113795515,0.049508063035162364,2026-06-08 08:18:00
10.571428571428571,25,0.3963392480459185,0.44957972075045793,0.5504202792495421,0.11039624485575135,51555742627518987,60460145372366,0.06917145411751663,2127.0942578055788,0.05110527823589076,2026-06-08 08:33:00
10.714285714285714,23,0.39688707522779604,0.4495772363785544,0.5504227636214456,0.11039727598772596,51558489045788408,60463747163878,0.0691752432801543,2120.624080878824,0.05341198191967594,2026-06-08 08:48:00
11.571428571428571,25,0.39731205341007053,0.4495741498430302,0.5504258501569698,0.11039662479012989,51561365878000387,60467505095196,0.06917888882169765,2110.060844810435,0.055905427189682964,2026-06-08 09:03:00
11.714285714285714,27,0.3978144870975038,0.4495745380929298,0.550425468744411,0.11039612165349974,51564377791759595,60471463052025,0.06918251051944584,2102.1675111101977,0.057491313188805605,2026-06-08 09:18:00
12.142857142857142,26,0.39813779714217584,0.4495723994502642,0.5504276005497357,0.1103954073579919,51567458410681010,60475519613711,0.06918631553401959,2092.3304650484592,0.058916702282311814,2026-06-08 09:33:00
12.285714285714286,26,0.3984490951142805,0.44957175146936473,0.5504282485306353,0.11039673385811927,51570587924369105,60479661019536,0.06919032172082278,2094.086385426363,0.06007885845898064,2026-06-08 09:48:00
13.142857142857142,26,0.3987425602701428,0.449571524709018,0.5504284787085998,0.1103956929484789,51573819499098448,60483934723886,0.0691944946231023,2091.692277117382,0.06192146545844295,2026-06-08 10:03:00
13.285714285714286,32,0.39915168635026854,0.44957106781045486,0.5504289321895451,0.11039386540340979,51577158722978517,60488361249651,0.06919924899486594,2087.027579294342,0.06253741366369789,2026-06-08 10:18:00
13.714285714285714,32,0.39946127196309233,0.4495689321862857,0.5504310712306122,0.1103935361648327,51580571270217728,60492876165100,0.06920408678186181,2092.3337772894847,0.06257240767213045,2026-06-08 10:33:00
13.714285714285714,33,0.3996783358648457,0.44956732589258447,0.5504326775239506,0.11039342386825099,51584078452233561,60497514338417,0.06920929734805958,2100.3498306341967,0.06311118176968125,2026-06-08 10:48:00
13.714285714285714,27,0.39985290705989185,0.4495673476748789,0.5504326523251212,0.11039146192452261,51587631318047342,60502212480351,0.0692137955473113,2090.9904078788695,0.06206856053172041,2026-06-08 11:03:00
11.571428571428571,22,0.3997563568319311,0.4495674845545715,0.5504325188611908,0.11039819149387989,51593464676137888,60509163244027,0.06921241220992104,2124.4830512903677,0.06313500178530854,2026-06-08 11:18:00
11.857142857142858,24,0.3997321825358892,0.449565021713437,0.550434978286563,0.11039867750931143,51599934411490946,60516724096421,0.06920984116188639,2122.7021578513322,0.06318062611041907,2026-06-08 11:33:00
12.0,27,0.399721550573787,0.4495642150010741,0.5504357849989259,0.11039889816161436,51606590189068581,60524527558213,0.06920730879647487,2118.1574329102405,0.06363513126315173,2026-06-08 11:48:00
12.285714285714286,25,0.39964236354114646,0.44955871673174275,0.5504412866828903,0.11039745601224293,51613398512819699,60532517669164,0.06920474455530531,2109.143505539981,0.06407664059739103,2026-06-08 12:03:00
13.285714285714286,31,0.3995036975810964,0.44955433164927205,0.550445668350728,0.11039849961421618,51620354303942232,60540675588622,0.06920236328116537,2099.0168904583447,0.06444985774814706,2026-06-08 12:18:00
12.857142857142858,29,0.39935785312980715,0.4495496142136428,0.5504503857863572,0.11039925885917037,51627392305951289,60548933023533,0.06919987428302857,2102.3745353060935,0.06348213480070167,2026-06-08 12:33:00
12.714285714285714,28,0.3993567637370557,0.4495454643764107,0.5504545356235893,0.11040096812585992,51634501671901680,60557253665864,0.06919743410142662,2101.2998222114165,0.062407159493113755,2026-06-08 12:48:00
13.142857142857142,25,0.3992067725649706,0.44954035783841306,0.5504596489879211,0.11040182462691989,51641772285531110,60565738898875,0.06919514757647652,2104.4641324014347,0.06180458944214276,2026-06-08 13:03:00
13.142857142857142,32,0.39917586064631044,0.4495369274717506,0.5504630725282493,0.11040345241341044,51649169665161753,60574376254372,0.06919287968746503,2101.793824913855,0.06105817873922121,2026-06-08 13:18:00
13.285714285714286,27,0.3991147268642227,0.44953415666876184,0.5504658399188015,0.1104046218732678,51656737991878048,60583200452047,0.06919042951835945,2095.0183184913844,0.06005153853191424,2026-06-08 13:33:00
13.142857142857142,28,0.3990902650451672,0.44953087993366714,0.5504691268904757,0.11040569250754739,51664405151562051,60592139335904,0.06918818576676113,2090.327688413736,0.0599975089011216,2026-06-08 13:48:00
13.571428571428571,27,0.39906607477562456,0.4495278357171202,0.5504721711063195,0.11040789771103421,51672126369643193,60601132803817,0.06918575178119307,2087.8529501870607,0.059744967115299086,2026-06-08 14:03:00
13.142857142857142,30,0.39902658828175935,0.4495243371337983,0.5504756628662018,0.11040912962598828,51679817333288091,60610094760150,0.06918326261814316,2088.5054519244195,0.05935306451122793,2026-06-08 14:18:00
13.142857142857142,26,0.3989892773786969,0.4495223847296004,0.5504776255032364,0.11041136178654702,51687473244743688,60619003635054,0.06918083366927752,2092.628832458445,0.05828322069075621,2026-06-08 14:33:00
13.142857142857142,30,0.398970438231907,0.449516860774139,0.5504831426364449,0.11041358287241439,51695183547773731,60627952651637,0.06917843912690255,2096.5162273126684,0.057839674513683624,2026-06-08 14:48:00
13.142857142857142,26,0.3989389704354206,0.4495125554738424,0.5504874479363833,0.11041490296457594,51702873692061364,60636875505913,0.06917591754553651,2092.561049643353,0.05713048397598647,2026-06-08 15:03:00
13.285714285714286,25,0.39892594564290534,0.4495070157355335,0.5504929842644666,0.11041643619525586,51710569992651962,60645795097454,0.0691733614520146,2094.338215055537,0.05700386203790214,2026-06-08 15:18:00
12.857142857142858,26,0.39890076821101605,0.4495013115339608,0.5504986884660392,0.11041948722919254,51718269771542301,60654702322574,0.06917091390316717,2098.371181147721,0.05711260255814485,2026-06-08 15:33:00
13.285714285714286,31,0.3988797119423214,0.4494958411977186,0.5505041622114445,0.11042177505406706,51725876516046084,60663527330928,0.06916839063386873,2097.776548300427,0.056946463012221095,2026-06-08 15:48:00
13.0,26,0.3988605405467158,0.4494903722350189,0.5505096345825796,0.110423125405778,51733472071819777,60672324194307,0.06916588013089107,2091.178505776815,0.05730888688508166,2026-06-08 16:03:00
12.285714285714286,24,0.39884580978432,0.4494865590504145,0.5505134409495854,0.11042450125649281,51740840892528286,60680868853598,0.0691633823353561,2094.02666805807,0.05735088738852495,2026-06-08 16:18:00
12.285714285714286,26,0.39882152047907266,0.44948446130221525,0.5505155455138767,0.11042479475136648,51747982467454137,60689138800527,0.06916120250420413,2086.9794723705945,0.05839460292306317,2026-06-08 16:33:00
12.714285714285714,32,0.3988179328308032,0.44947897768021505,0.5505210257274725,0.11042475838127322,51755140856532851,60697448580516,0.06915904789723723,2078.845573014007,0.05963697265978635,2026-06-08 16:48:00
12.428571428571429,36,0.3987942057927824,0.4494737514890695,0.5505262587329077,0.11042654000503292,51762280406924136,60705754073167,0.06915699934655271,2081.387897045309,0.05962877240479097,2026-06-08 17:03:00
12.571428571428571,28,0.39878253874783126,0.44946889461330475,0.5505311190145443,0.1104268734151305,51769385005819920,60714016282048,0.0691549012867144,2072.763408951123,0.060463472054034136,2026-06-08 17:18:00
12.571428571428571,31,0.3987654534914242,0.44946420665188147,0.5505357967547222,0.110426606912529,51776438288442455,60722218750657,0.06915271676755992,2066.263811166775,0.06067876363232862,2026-06-08 17:33:00
12.857142857142858,32,0.3987669965315971,0.44945961235184184,0.5505403944606416,0.11042658481705733,51783487026281896,60730430381100,0.06915064542424101,2059.5096662598175,0.06088877463171992,2026-06-08 17:48:00
12.714285714285714,33,0.39876297759880724,0.4494571027086601,0.5505429075089227,0.11042770585581387,51790546459422089,60738673200007,0.06914847433140038,2059.5124805171927,0.06067197189137186,2026-06-08 18:03:00
12.714285714285714,32,0.3987390429052767,0.4494516774934233,0.5505483259120739,0.11042678901173388,51797631457226593,60746936023190,0.0691462257603659,2055.040371800253,0.06104521530850719,2026-06-08 18:18:00
13.142857142857142,37,0.3987352412120971,0.4494470867208534,0.5505529132791467,0.11042748052961743,51804743826600904,60755230559167,0.06914372287085592,2053.076194518896,0.06010941176645908,2026-06-08 18:33:00
13.0,25,0.39871340543656564,0.4494425128965518,0.5505574973178038,0.1104274849079718,51811989529227434,60763686080702,0.0691412338304191,2054.3671513196514,0.06032372609993232,2026-06-08 18:48:00
13.285714285714286,25,0.39871759688316366,0.4494375054877196,0.5505624945122805,0.11042740688384158,51819285934602047,60772224262642,0.06913862455832279,2049.7718203935547,0.06009675461458817,2026-06-08 19:03:00
13.142857142857142,35,0.3986909658627057,0.449433446080824,0.5505665539191761,0.11043009896247898,51826706417133407,60780923510870,0.06913606983239554,2051.9566348944572,0.059831287863779024,2026-06-08 19:18:00
13.285714285714286,26,0.3986979462825354,0.44942848825098675,0.5505715117490133,0.11043141139506449,51834152643420485,60789669119451,0.06913321273951942,2052.7988223952234,0.059250205083693504,2026-06-08 19:33:00
12.714285714285714,27,0.3986843368598926,0.44942404434585775,0.5505759556541422,0.11043254720879676,51841402539751340,60798196383588,0.06913026518355019,2053.085587980481,0.0579831207042371,2026-06-08 19:48:00
13.285714285714286,26,0.39868017097089575,0.4494211444977403,0.5505788589052143,0.11043439770235285,51848676176117480,60806755739485,0.0691276383759855,2049.226422010484,0.05962745841041987,2026-06-08 20:03:00
14.285714285714286,31,0.3986509746062166,0.4494170864340624,0.5505829305788791,0.1104365110620178,51856369178450138,60815814491622,0.06912471642922956,2042.7027940812502,0.06054661474912278,2026-06-08 20:18:00
14.857142857142858,29,0.3986561851621628,0.4494157957361256,0.5505842110682873,0.11043894324837655,51864450919579526,60825345361448,0.06912149920320505,2035.1251285987469,0.060247390173644624,2026-06-08 20:33:00
15.428571428571429,34,0.39864857219170313,0.44941147609462445,0.5505885273072055,0.11044216353328144,51872895994387763,60835333185686,0.06911813312930712,2019.743385328336,0.06024306241666045,2026-06-08 20:48:00
16.142857142857142,32,0.398663641592315,0.44940784543042656,0.5505921579710344,0.11044472360869663,51881752550949272,60845806726633,0.0691144149232436,2007.4912938761863,0.05898696706581603,2026-06-08 21:03:00
15.714285714285714,34,0.3986477160120627,0.44940598920868624,0.5505940141924216,0.1104478446463149,51890736575659640,60856433750313,0.06911060476959625,1998.8947293713131,0.056791705751952574,2026-06-08 21:18:00
15.571428571428571,31,0.3986405439102239,0.44940265790257744,0.5505973488989248,0.11045181094480977,51899808834052496,60867155905499,0.06910701399218787,2000.5045465656142,0.05565306771311972,2026-06-08 21:33:00
15.428571428571429,36,0.39863337819778544,0.4494000575009007,0.5505999424990993,0.11045491985693379,51908794637513276,60877721819077,0.06910370318614172,2008.6375320331842,0.054954613669808985,2026-06-08 21:48:00
16.428571428571427,35,0.39863971009348453,0.4493970156381861,0.5506029877618646,0.11045933220921239,51918058327060886,60888622515822,0.0691003486733124,2007.5077599659116,0.05502931889941362,2026-06-08 22:03:00
17.0,35,0.398637623954286,0.44939432067884966,0.5506056827208531,0.11046437166051223,51927722149779207,60899934767635,0.06909693924071857,2007.055451895887,0.05371472797844544,2026-06-08 22:18:00
16.714285714285715,32,0.39862846474895336,0.44939368081144593,0.5506063293865682,0.11047088970173082,51937485186372498,60911341017547,0.06909335086281583,2011.7450900092488,0.05273579320943552,2026-06-08 22:33:00
16.0,33,0.39861789029145384,0.4493889019221371,0.5506110980778629,0.1104764910601658,51947335665797081,60922800891722,0.06908931398584009,2016.114324666684,0.050284344253906994,2026-06-08 22:48:00
15.571428571428571,35,0.39861340493244196,0.4493830554115658,0.5506169547844049,0.11048305996221698,51956964741515679,60933944054776,0.06908579292337874,2027.944120859252,0.04887390071610704,2026-06-08 23:03:00
14.571428571428571,37,0.3986108683405221,0.44937743989442214,0.5506225635039134,0.11048902351945387,51966279114950760,60944661801294,0.06908263533087006,2043.2783315694105,0.047154724587418394,2026-06-08 23:18:00
13.714285714285714,36,0.3986036738757823,0.44937083127063493,0.5506291687293651,0.11049387808660759,51975163429356098,60954863207664,0.06908008392187763,2059.37059667783,0.045564953437164823,2026-06-08 23:33:00
12.857142857142858,32,0.3985885214129665,0.44936514332793265,0.5506348600697856,0.11049867727439631,51983562921756174,60964469120583,0.06907797810676199,2075.066093480852,0.04432232172281319,2026-06-08 23:48:00
11.857142857142858,32,0.39856201179111433,0.4493584585712825,0.550641544826141,0.1105028510114986,51991516968351789,60973538170609,0.06907601948986476,2093.0803347463248,0.04392391195491528,2026-06-09 00:03:00
10.571428571428571,30,0.39854439621448223,0.44935154525864385,0.5506484547413562,0.11050782494109587,51999107839181958,60982000662044,0.06907169133679612,2110.434436419787,0.04205681079634515,2026-06-09 00:18:00
9.571428571428571,29,0.39852132728469253,0.4493461780292744,0.5506538219707257,0.11051210194167713,52005772562588632,60989518236095,0.06906999874666854,2123.799473764298,0.04045289266880762,2026-06-09 00:33:00
8.714285714285714,29,0.39849942442045794,0.4493381270023017,0.5506618729976983,0.11051597899580126,52011905134349537,60996438308018,0.06906915916372781,2136.741502124661,0.03949570335418573,2026-06-09 00:48:00
8.285714285714286,26,0.39846579381196934,0.4493305332371741,0.5506694735553949,0.11051980740270542,52017579951599714,61002842470154,0.06906836156945333,2148.8110770073313,0.038748086091643534,2026-06-09 01:03:00
7.857142857142857,27,0.3984465329647595,0.4493231278140889,0.5506768789779415,0.11052349371255799,52022832924397055,61008747746524,0.0690677906511051,2157.707662400501,0.03818582182971255,2026-06-09 01:18:00
6.857142857142857,24,0.3984255150324667,0.44931504946763084,0.5506849539281221,0.11052684075039408,52027566284916968,61014086526685,0.06906755206840526,2167.0187637220147,0.037277193246626136,2026-06-09 01:33:00
6.142857142857143,22,0.39840506575680074,0.44930809552545226,0.5506919078700371,0.11053070547319357,52031826578050875,61018889808065,0.0690674004260394,2174.9691620576996,0.036288576005342715,2026-06-09 01:48:00
5.857142857142857,23,0.39837168114022375,0.44930074755220484,0.5506992524477952,0.11053376725365291,52035702128209603,61023271234038,0.06906720701687147,2183.0297789672886,0.036357258653217164,2026-06-09 02:03:00
5.142857142857143,22,0.3983719718579375,0.4492931470790007,0.5507068597109537,0.11053726545959724,52039180785668348,61027213010759,0.06906715361546834,2189.4427442969604,0.03600551981127442,2026-06-09 02:18:00
4.857142857142857,21,0.3983401622285349,0.44928752281883355,0.5507124839705916,0.11054085525008586,52042317953345814,61030776475985,0.06906713939916277,2196.2762116831404,0.03551249725763015,2026-06-09 02:33:00
4.285714285714286,21,0.3983109115539532,0.44928079020485134,0.5507192165840648,0.11054413502626775,52045177292332890,61034025459113,0.06906726357270918,2203.352445300864,0.035912561827545764,2026-06-09 02:48:00
4.428571428571429,20,0.39827661325313307,0.44927592545946976,0.5507240745405303,0.11054746429378942,52047759571603692,61036989649121,0.06906767836271739,2205.9104033606377,0.036473373272227785,2026-06-09 03:03:00
4.285714285714286,18,0.3982710001649679,0.44927050757755344,0.550729495816373,0.11055077259176677,52050071642582866,61039669768198,0.06906802330546849,2211.0313948383855,0.037176362205631155,2026-06-09 03:18:00
3.5714285714285716,18,0.3982397144663901,0.44926386776863186,0.5507361322313682,0.11055414615479367,52052171244053787,61042106694454,0.06906843910752598,2214.9232854473125,0.036893918778313134,2026-06-09 03:33:00
3.5714285714285716,19,0.39823166701671,0.449257687367029,0.550742312632971,0.11055732082000311,52054196536514334,61044445227197,0.06906892152653281,2212.939983224334,0.03551843009915955,2026-06-09 03:48:00
3.2857142857142856,20,0.39820429163111687,0.4492505957009515,0.5507494042990485,0.1105603288508827,52056199683541814,61046756462830,0.0690694714789198,2216.3343680490416,0.03607286333959109,2026-06-09 04:03:00
3.4285714285714284,18,0.3982002535301261,0.44924427880045154,0.5507557211995485,0.1105633804311956,52058116719692661,61048968288091,0.06907002509361906,2218.1633659102254,0.0351084072145266,2026-06-09 04:18:00
3.2857142857142856,19,0.3981582464178418,0.44923998594963027,0.5507600140503698,0.1105669489433039,52059956837666960,61051088728258,0.06907057828551391,2220.116787522997,0.03530717142797501,2026-06-09 04:33:00
3.0,19,0.39816592328230443,0.4492338119489392,0.5507661914434334,0.11056970509490198,52061768165081780,61053169048732,0.06907111872726912,2221.695736172531,0.03563035731484157,2026-06-09 04:48:00
3.2857142857142856,19,0.3981517611765355,0.44922980394317163,0.5507701960568283,0.11057227740709955,52063570440250032,61055252854768,0.06907163155978424,2220.838436871604,0.03617243149586087,2026-06-09 05:03:00
3.4285714285714284,20,0.39812620357532824,0.449223217685789,0.550776782314211,0.11057543698689173,52065424523386889,61057388172410,0.06907211252917136,2217.070305409267,0.037073675145543106,2026-06-09 05:18:00
3.7142857142857144,19,0.3981282929092269,0.4492168342776113,0.5507831691139623,0.11057847803836633,52067393080363188,61059650166775,0.06907259854937618,2210.9562209729643,0.03799765677126065,2026-06-09 05:33:00
3.857142857142857,20,0.3981223156252446,0.44921135829625525,0.5507886417037448,0.11058197672606725,52069491587876037,61062042501164,0.06907304482636,2205.772983333056,0.03734624873184569,2026-06-09 05:48:00
4.285714285714286,20,0.3980938764045012,0.44920528822327627,0.5507947117767237,0.11058492136996408,52071756958156079,61064623760268,0.0690736763911323,2199.6553893576242,0.03803329501209977,2026-06-09 06:03:00
4.571428571428571,20,0.3980989431989405,0.4491992835022321,0.5508007232792783,0.11058769621250872,52074233936680874,61067431330484,0.06907460479899585,2192.32907625562,0.03945516034837848,2026-06-09 06:18:00
5.142857142857143,20,0.39809092130686163,0.4491932092464461,0.5508067907535539,0.1105904978511563,52076959624799955,61070501664568,0.06907537861989561,2182.9299677843337,0.03933082608442192,2026-06-09 06:33:00
5.571428571428571,27,0.39809162733559494,0.44918697469843766,0.5508130253015624,0.11059299481555039,52079983028238572,61073895560269,0.06907584345823933,2171.620453290231,0.040192437277670696,2026-06-09 06:48:00
6.428571428571429,32,0.3980800433528478,0.4491834208334783,0.5508165825564191,0.11059560275977566,52083346602065218,61077666073305,0.06907588721102068,2159.9496099583776,0.04216749259468063,2026-06-09 07:03:00
6.571428571428571,28,0.39806897691152504,0.4491776210070552,0.55082239255137,0.11059784291547466,52086979337153588,61081758752482,0.0690757384517281,2150.7506247108176,0.043016895946245956,2026-06-09 07:18:00
7.285714285714286,28,0.3980708585899139,0.4491754535599395,0.5508245532186542,0.11059925858741239,52090894485994008,61086154068834,0.0690754812092321,2144.847241200294,0.04460404255582666,2026-06-09 07:33:00
9.428571428571429,41,0.3987621597555686,0.44917141537760175,0.5508285880113895,0.11060151356985953,52093753275370154,61089636765243,0.06907852347765084,2140.4258089011796,0.04669032923717557,2026-06-09 07:48:00
9.571428571428571,40,0.39876292648360484,0.4491679278544024,0.5508320721455976,0.11060293104015156,52096319567195422,61092932840136,0.06908229351635109,2135.0633295949256,0.04880017250408157,2026-06-09 08:03:00
9.857142857142858,36,0.39876716904540527,0.4491639923527921,0.5508360076472079,0.11060312415619135,52098932195022032,61096333594524,0.0690860280482578,2127.2002136822307,0.050325761902130194,2026-06-09 08:18:00
10.571428571428571,28,0.39876334818402476,0.44916075019736906,0.5508392531907227,0.11060295782197664,52101668437075304,61099902343223,0.06908993391831865,2119.4973210073804,0.052271618494722984,2026-06-09 08:33:00
11.142857142857142,30,0.3987676546398282,0.4491568226592376,0.5508431807285412,0.11060183206816351,52104541990568010,61103671089234,0.06909406351494758,2110.1149033603833,0.05474957137680166,2026-06-09 08:48:00
11.714285714285714,32,0.398768200933554,0.4491592796012757,0.5508407305610192,0.11060078196578507,52107527937739386,61107593114965,0.06909848369319821,2102.095652049261,0.056943582773731925,2026-06-09 09:03:00
12.142857142857142,29,0.3987825579160322,0.44915433621568124,0.5508456671714191,0.11059979737632832,52110648040966998,61111704391883,0.06910316960472322,2093.2538968039034,0.05861832651040346,2026-06-09 09:18:00
12.285714285714286,33,0.3988508414370577,0.4491506177139445,0.5508493822860555,0.11059807859097405,52113896420181208,61115975401702,0.0691080382038438,2085.1475488831625,0.0604102554846628,2026-06-09 09:33:00
13.142857142857142,35,0.39898471215218123,0.4491477502071045,0.5508522531793214,0.11059570093977097,52117257340698047,61120397785832,0.06911306789680603,2077.4344979907405,0.06181960380077969,2026-06-09 09:48:00
13.571428571428571,30,0.3991464694049221,0.44914468799303614,0.5508553153930413,0.11059587033792834,52120669511817202,61124907538987,0.06911783822187875,2085.981197751783,0.06285139142352925,2026-06-09 10:03:00
13.571428571428571,30,0.39940211889509813,0.4491425697430115,0.5508574370284423,0.11059481969227106,52124221628302695,61129603302287,0.06912233747234078,2088.552586998138,0.0633809715421608,2026-06-09 10:18:00
15.428571428571429,37,0.39967929427489096,0.4491412121744118,0.5508587912109657,0.11059445400670216,52127983557382004,61134578180258,0.06912701673765217,2088.6528018257027,0.06424411376907138,2026-06-09 10:33:00
11.714285714285714,28,0.3996306134339914,0.44913861216692674,0.5508613878330733,0.11059380762165281,52134174947658973,61141882971498,0.06912581076150735,2091.4903828120896,0.06241598196362584,2026-06-09 10:48:00
12.285714285714286,30,0.3996250099299267,0.449140878362004,0.5508591250226433,0.11059197588106615,52140693727239865,61149562163768,0.06912507582450916,2080.4023919275246,0.06311725448512576,2026-06-09 11:03:00
12.285714285714286,34,0.3996052251518922,0.44913735841759295,0.550862641582407,0.1105918231456588,52147425700082212,61157510726120,0.06912413636954123,2076.7818415943198,0.06386263215501196,2026-06-09 11:18:00
12.714285714285714,35,0.3995784439805271,0.4491361897667244,0.5508638102332756,0.11058992676324551,52154324944878183,61165649053820,0.06912296539424935,2069.5425109867356,0.06418809005733797,2026-06-09 11:33:00
15.571428571428571,35,0.4002764572111989,0.4491355063872532,0.5508644969963106,0.11058794331268515,52160752183253450,61173326522930,0.06912427688307878,2067.3162400638053,0.06592037759999045,2026-06-09 11:48:00
15.714285714285714,31,0.4002949353568717,0.4491338680933767,0.5508661352898215,0.11059050182674353,52165346456337087,61179259485000,0.06913001792854244,2087.463215583086,0.06620703563570253,2026-06-09 12:03:00
15.0,34,0.4003857926291635,0.4491383925279858,0.5508616074720142,0.11059982582874753,52169579375338028,61184809567913,0.06913544908356385,2135.2229442746475,0.06471669134145704,2026-06-09 12:18:00
14.714285714285714,34,0.4004605198603934,0.44913536764668177,0.5508646425005451,0.11059965588098929,52173661438269221,61190195027839,0.06914116118389849,2131.688423254808,0.06435449813206277,2026-06-09 12:33:00
15.142857142857142,37,0.40049647621059187,0.4491324212588219,0.5508675787411781,0.11060253072046963,52177712289410448,61195539660635,0.06914694202018729,2142.409582861421,0.06445686703501811,2026-06-09 12:48:00
15.142857142857142,32,0.40056071843592644,0.4491297834178974,0.5508702165821026,0.11060451583272987,52181827972270100,61200950549196,0.06915226669729557,2145.642515457671,0.06349022227996264,2026-06-09 13:03:00
14.428571428571429,35,0.4006918640718213,0.4491264820807664,0.5508735213005277,0.1106093148828071,52185979181573739,61206420675215,0.0691581806554992,2155.7737707425485,0.061578896930716866,2026-06-09 13:18:00
13.142857142857142,29,0.40071070960801153,0.4491233518557246,0.5508766582870346,0.11061612395762938,52190440065942224,61212224865125,0.06916298491316657,2167.5134854078938,0.06095710420224421,2026-06-09 13:33:00
12.285714285714286,29,0.40045694818562466,0.44911910283584594,0.5508809005447153,0.11062091697499865,52197386868521776,61220390568741,0.06916157037331809,2168.1912242897292,0.05923466877045531,2026-06-09 13:48:00
13.142857142857142,27,0.400441712660605,0.4491153476272713,0.5508846591331077,0.11062217714395893,52204628040708275,61228874806544,0.06915993968531033,2155.8534826372074,0.059264966532194804,2026-06-09 14:03:00
13.428571428571429,26,0.400422046086476,0.44911408563111394,0.5508859177486938,0.1106257085208235,52211995229931037,61237507625598,0.06915814854270277,2158.6310394714765,0.05849625785169063,2026-06-09 14:18:00
12.714285714285714,35,0.4003822912377981,0.4491076534249187,0.5508923533340114,0.1106302058215486,52219438245882337,61246226430537,0.06915631952329022,2170.274120691491,0.057154285946433285,2026-06-09 14:33:00
13.0,28,0.40033313438657614,0.4491002547057727,0.5508997486733321,0.11063236177917023,52226928840389529,61254991518291,0.06915444946441787,2154.2252896301006,0.05767056338224779,2026-06-09 14:48:00
13.142857142857142,26,0.4002869070753925,0.4490961873020006,0.55090381945547,0.11063889706597477,52234473888238818,61263798309355,0.06915255412009082,2174.6089247082386,0.05754345220023225,2026-06-09 15:03:00
12.857142857142858,31,0.4002642055361202,0.449095262570849,0.5509047441858366,0.11064089250499386,52242091640674741,61272677963864,0.06915070562069818,2161.235061311829,0.05721569690117331,2026-06-09 15:18:00
13.142857142857142,27,0.4002346865067258,0.44908848592893424,0.5509115174490568,0.11064381803569605,52249746422217004,61281594206105,0.06914894327153202,2145.2552182986674,0.05717103009391425,2026-06-09 15:33:00
13.0,32,0.40022059148966,0.44908270167090014,0.5509172983290999,0.11064722717740365,52257382688945864,61290483317842,0.06914704990233415,2144.8616939422423,0.056724753727831645,2026-06-09 15:48:00
13.285714285714286,26,0.4002056818240557,0.4490764098241199,0.550923593553162,0.11064922901237208,52265038217365025,61299384621952,0.06914537907950091,2121.728782353687,0.056893604605869154,2026-06-09 16:03:00
12.428571428571429,32,0.4001802040903522,0.4490695832031811,0.5509304269275903,0.11065234034383087,52272494594634694,61308069190412,0.06914376387596219,2119.465033972937,0.055861134027378544,2026-06-09 16:18:00
12.571428571428571,25,0.40016082503923683,0.4490631021129383,0.5509369012636366,0.11065353499995492,52279762917059456,61316527200025,0.06914194790192343,2113.2429287168675,0.05772161669758869,2026-06-09 16:33:00
12.714285714285714,28,0.4001433947552135,0.4490577352300553,0.5509422715223986,0.11065491114209498,52287104792893102,61325077266566,0.06914007381418547,2104.194728265126,0.05856914073970919,2026-06-09 16:48:00
13.0,28,0.4001421232645534,0.44905285397205585,0.5509471494038255,0.110656656355917,52294465941036053,61333655880320,0.06913848256972474,2097.6000840711454,0.05966522678185745,2026-06-09 17:03:00
12.857142857142858,29,0.40012056862263523,0.4490498527104166,0.5509501540406211,0.11065870961001219,52301749133688300,61342163814615,0.06913685119543443,2105.5793339139714,0.05974612779011858,2026-06-09 17:18:00
12.714285714285714,25,0.400109703447422,0.44904571068363136,0.5509542893163687,0.11066098160301967,52309018280381414,61350657095440,0.06913497767803461,2108.599498148612,0.060365802818182504,2026-06-09 17:33:00
12.571428571428571,25,0.40009673935420964,0.44904277480792487,0.5509572251920751,0.1106613454430569,52316175692698415,61359033207160,0.06913283051179185,2101.675477602603,0.05938076930107298,2026-06-09 17:48:00
12.714285714285714,38,0.40007521665929296,0.44903891431424686,0.5509610856857531,0.11066529243284119,52323228240666602,61367296953434,0.0691307458510702,2122.068438160913,0.060257026274644396,2026-06-09 18:03:00
12.428571428571429,24,0.40006090759731705,0.44903571026697264,0.5509642897330274,0.1106656966285329,52330226373411002,61375488413605,0.0691285701409507,2109.5557439493887,0.06082234996132437,2026-06-09 18:18:00
12.714285714285714,25,0.40004467213115014,0.4490302467353578,0.5509697566384498,0.11066623479868111,52337235031390526,61383688521501,0.06912631608033322,2100.8622696943285,0.060860037931737984,2026-06-09 18:33:00
12.428571428571429,25,0.40004936514567185,0.4490273120980746,0.5509726879019254,0.11066806646240082,52344278274036838,61391955102159,0.06912401767098571,2109.0524171285306,0.060229924746669335,2026-06-09 18:48:00
12.714285714285714,26,0.4000355736251204,0.44902326733217307,0.550976736040957,0.11066845952127027,52351330811306068,61400253898573,0.06912176210987357,2097.517778746213,0.060398413584063455,2026-06-09 19:03:00
12.714285714285714,27,0.4000348356493855,0.44902120939239704,0.5509787939803716,0.11066838224847185,52358380386603680,61408574277650,0.06911953035662353,2094.9689887058003,0.06010145649853115,2026-06-09 19:18:00
12.714285714285714,26,0.40001451096702545,0.4490171320160304,0.5509828713564004,0.11066955446499084,52365461053080485,61416939009194,0.06911749212543031,2092.9964955710093,0.05993476815313838,2026-06-09 19:33:00
12.285714285714286,28,0.4000191081405426,0.44901346320225216,0.5509865435419337,0.11067088144366138,52372372327910361,61425115357376,0.06911549097250827,2093.414346645871,0.05826439192625652,2026-06-09 19:48:00
13.0,25,0.4000025787619618,0.4490107962632398,0.5509892071085231,0.11067226298730677,52379325218851226,61433329106981,0.06911376485589997,2099.8669919011654,0.05941657851411774,2026-06-09 20:03:00
13.428571428571429,28,0.4000827050364467,0.4490074595730694,0.5509925437983412,0.1106734322736025,52386600934764957,61441977316766,0.06911170803649044,2092.1672400074185,0.061214024260032904,2026-06-09 20:18:00
13.857142857142858,35,0.3999917263655492,0.44900359423671465,0.5509964057632853,0.11067548752397677,52394208870834710,61451023114834,0.06910974145917557,2086.657085132264,0.061131769927427575,2026-06-09 20:33:00
14.714285714285714,30,0.39998597590527757,0.44900132095390566,0.5509986824167947,0.11067865939267654,52402115337650905,61460432415449,0.06910723560658455,2083.088119881393,0.06058662983788761,2026-06-09 20:48:00
14.857142857142858,31,0.39997398939031137,0.4490000288333719,0.5509999745369812,0.11068193329585573,52410369962043355,61470276248454,0.06910463755001972,2061.41954867168,0.060114997972887,2026-06-09 21:03:00
15.571428571428571,31,0.39997059981345123,0.44900136361544674,0.5509986431245311,0.1106848381422167,52418863788247199,61480398777876,0.06910177668746365,2049.9689748728406,0.058546569027745285,2026-06-09 21:18:00
15.571428571428571,31,0.3999740341161135,0.44900077968102253,0.5509992236886331,0.11068810083545355,52427478751467727,61490681605008,0.06909893104564241,2040.375808357566,0.057124461190301935,2026-06-09 21:33:00
15.571428571428571,31,0.39997078830076016,0.4489988317754057,0.5510011749632177,0.11069160367752176,52436121250613005,61500961805672,0.06909631308505952,2041.92528549909,0.056417791700122864,2026-06-09 21:48:00
16.285714285714285,33,0.39996220414145467,0.4489963636947998,0.5510036396741614,0.11069784105154576,52445148504100441,61511668037240,0.06909343486804748,2038.8562186279166,0.05630621729425111,2026-06-09 22:03:00
16.428571428571427,36,0.3999615045021216,0.44899406383883045,0.55100593279255,0.11070516933097824,52454469874176456,61522697931347,0.0690904874752123,2031.5863668391046,0.05531482794541173,2026-06-09 22:18:00
16.714285714285715,38,0.3999511856206342,0.4489919093593334,0.5510080940089459,0.11071198153872613,52464091216250617,61534025047353,0.06908758538193294,2028.7494509603032,0.05376286074236521,2026-06-09 22:33:00
16.285714285714285,31,0.39994675457152484,0.44898965471834457,0.5510103486496044,0.11071793490108445,52473753946315651,61545346574821,0.06908452660265754,2029.733993479241,0.0520770707960986,2026-06-09 22:48:00
15.714285714285714,35,0.39995735778132574,0.4489867130711896,0.5510132902964417,0.11072348815741372,52483282103918841,61556471540860,0.06908163731326485,2035.885473363726,0.04997385753012975,2026-06-09 23:03:00
14.714285714285714,30,0.39994559809007024,0.4489849005022193,0.5510151062323984,0.11072815771710452,52492533739719260,61567227482898,0.06907907621294772,2053.063335586243,0.048384835709363395,2026-06-09 23:18:00
13.714285714285714,28,0.3999397773463953,0.44898104624843327,0.5510189537515667,0.11073279374421596,52501394920476041,61577501220949,0.06907699025388361,2067.9902948461904,0.04660636916527971,2026-06-09 23:33:00
13.142857142857142,26,0.39983583777698556,0.44897668787056055,0.5510233154961576,0.11073712990020276,52509787366843416,61587187612789,0.06907506099368628,2085.2848608558356,0.0453373390660886,2026-06-09 23:48:00
12.571428571428571,26,0.3998131873529156,0.4489726819915651,0.551027318008435,0.11074260222138956,52517742711812820,61596342498855,0.06907334618619748,2103.343841105546,0.04448185350123082,2026-06-10 00:03:00
11.142857142857142,25,0.39979545357237795,0.4489678518420945,0.5510321582563824,0.1107477493485571,52525473391027309,61605014977551,0.06906876018829838,2117.1115539233465,0.0430650539073718,2026-06-10 00:18:00
10.142857142857142,21,0.3997693400933444,0.4489624033302207,0.5510376067674525,0.1107514080287889,52532422507529792,61612892788612,0.06906696104977454,2132.7577454754155,0.04150042594397151,2026-06-10 00:33:00
9.285714285714286,20,0.3997667172445205,0.4489571295157559,0.5510428772154948,0.11075588433109469,52538772270561791,61620111157774,0.06906612676524002,2145.519087061317,0.040350979890750115,2026-06-10 00:48:00
8.714285714285714,22,0.39973105480673593,0.4489516991917862,0.5510483041735811,0.11075949821809912,52544643413300382,61626776823012,0.06906540101640797,2162.896959149179,0.03952957767916912,2026-06-10 01:03:00
8.0,19,0.3997049125754011,0.44894814350181256,0.5510518564981874,0.11076272054166413,52550122154974341,61632992735634,0.06906497238495996,2176.6272731650038,0.03836375881083598,2026-06-10 01:18:00
7.142857142857143,17,0.3996837956074036,0.44894279118997216,0.5510572121748876,0.11076611135253016,52555021557555732,61638556681157,0.06906462216092715,2186.0800473881163,0.037720689887848505,2026-06-10 01:33:00
6.428571428571429,15,0.3996512511969663,0.44893756214520764,0.5510624378547924,0.11076979376059125,52559468515891424,61643611106519,0.06906436465064211,2196.2982137792383,0.037049586998286844,2026-06-10 01:48:00
6.142857142857143,16,0.39962582457846524,0.4489314567980315,0.5510685465663362,0.11077271960391562,52563577454609174,61648267728862,0.06906416928556566,2210.567907270147,0.03682907446865769,2026-06-10 02:03:00
6.0,17,0.39958516562964463,0.4489257516351549,0.5510742483648451,0.11077578339877663,52567259763448209,61652469211273,0.06906404800880937,2214.597539667996,0.03619844818412129,2026-06-10 02:18:00
5.142857142857143,14,0.3995581288822675,0.44892012229412964,0.5510798844336602,0.11077848350477977,52570581199407625,61656262321441,0.06906403304948958,2220.7898383481574,0.036078353943014736,2026-06-10 02:33:00
4.571428571428571,12,0.3995372099856794,0.44891445663624807,0.551085546727404,0.11078152611473174,52573559383647053,61659677408693,0.06906398321880657,2225.3422822094067,0.036016066718052075,2026-06-10 02:48:00
4.285714285714286,12,0.3995176360578548,0.4489105958357117,0.5510894041642883,0.1107845553844401,52576291316109895,61662825479332,0.06906403465599245,2230.065870153829,0.03604171130176739,2026-06-10 03:03:00
4.0,11,0.39949019677825864,0.4489083606167705,0.5510916393832296,0.11078698552397843,52578726920437382,61665672119671,0.06906408902650135,2231.470288195237,0.03611700578371406,2026-06-10 03:18:00
3.7142857142857144,12,0.3994502438581714,0.44890282129763875,0.5510971787023613,0.11078961700513555,52580951038048107,61668267716928,0.06906413261194756,2237.1516894079814,0.03555812107655675,2026-06-10 03:33:00
3.5714285714285716,11,0.39942789373591564,0.4488978840854286,0.551102119277245,0.11079228991010129,52583064490751379,61670741528695,0.06906419325428742,2242.849794281456,0.03565635765347377,2026-06-10 03:48:00
3.7142857142857144,15,0.39942345629740605,0.4488929502568311,0.5511070497431688,0.1107947548098337,52585103376903989,61673126498319,0.06906424425312858,2243.8587029548394,0.03564016121590359,2026-06-10 04:03:00
3.2857142857142856,8,0.39939135595028974,0.4488882914913299,0.5511117118708806,0.11079747292844762,52587070101564911,61675399511197,0.06906427109707959,2246.3591838989537,0.03552805910127807,2026-06-10 04:18:00
3.142857142857143,8,0.3993578435457067,0.44888318337067057,0.5511168166293294,0.11080007378960247,52588937661673280,61677555893065,0.06906428382438483,2248.5242791811343,0.03508249113232409,2026-06-10 04:33:00
3.142857142857143,8,0.39933979029515393,0.44887887986064906,0.551121120139351,0.11080269352452753,52590732743622986,61679630844413,0.06906437771193086,2248.4139888501986,0.03540341574061106,2026-06-10 04:48:00
3.4285714285714284,8,0.39932278490625067,0.4488748821427164,0.5511251178572836,0.1108052261382105,52592537777299352,61681730778452,0.06906440962237395,2245.8168784724694,0.03608495153043593,2026-06-10 05:03:00
3.7142857142857144,10,0.39930358156364354,0.44887252394814225,0.5511274760518577,0.11080801232228824,52594428825277849,61683919890824,0.0690644105825015,2239.366445449381,0.03650991388777995,2026-06-10 05:18:00
3.7142857142857144,10,0.399282167488532,0.4488684822559588,0.5511315211050536,0.11081033695354721,52596442729374735,61686229005095,0.06906436640698392,2237.7833323235286,0.036519344976068895,2026-06-10 05:33:00
4.142857142857143,10,0.3992732862221125,0.4488656692281566,0.5511343307718434,0.110812546403275,52598629516376909,61688716097986,0.06906432850487053,2231.3216004273063,0.03758495579743472,2026-06-10 05:48:00
4.428571428571429,10,0.3992546611202327,0.4488616819504176,0.5511383180495824,0.110814910327587,52600968078651118,61691381502892,0.06906436076984701,2225.187042382567,0.03848100540519892,2026-06-10 06:03:00
4.714285714285714,11,0.39925870241592365,0.44885743452117827,0.5511425621185485,0.11081716859649193,52603522348858974,61694280149027,0.06906436189098156,2216.9844964606764,0.03869967076257478,2026-06-10 06:18:00
5.142857142857143,13,0.3992418503726276,0.4488533739251742,0.5511466294348402,0.11081958191044412,52606318979787757,61697443457249,0.06906431308845995,2206.6847165291956,0.039390829280616435,2026-06-10 06:33:00
5.857142857142857,14,0.39923468785488925,0.44885012289912407,0.5511498771008759,0.11082153351256675,52609409572976254,61700935432311,0.0690643151653818,2198.1779183939284,0.041134640317447846,2026-06-10 06:48:00
6.428571428571429,13,0.39923134300383123,0.4488469073885267,0.5511530926114734,0.11082328842617513,52612783758585883,61704750305836,0.06906422927344609,2188.675959464346,0.042552492103096466,2026-06-10 07:03:00
6.571428571428571,16,0.3992210081488431,0.44884649067458277,0.5511535126846188,0.11082494626414852,52616452396813081,61708903707845,0.06906382938986153,2179.5006890451136,0.044334568399656445,2026-06-10 07:18:00
7.285714285714286,16,0.39929872242471404,0.4488421707516495,0.5511578292483504,0.1108263100518423,52620373661209571,61713331347487,0.06906333934867959,2172.5009044793965,0.045226755150419275,2026-06-10 07:33:00
9.142857142857142,21,0.400055994148485,0.4488397134292063,0.5511602865707936,0.11082867661303447,52623442031625349,61717034032695,0.069065508759444,2168.7897594453966,0.0476398906671261,2026-06-10 07:48:00
9.857142857142858,18,0.40004631740172786,0.44883634042586346,0.5511636595741365,0.11082904206460373,52626111990485506,61720452725205,0.06906862745209782,2160.979483763684,0.049531426063005146,2026-06-10 08:03:00
10.571428571428571,23,0.400055486191161,0.44883310792234377,0.5511668954357176,0.1108292098021536,52628848289147204,61723992509020,0.06907180548055074,2152.1807905623336,0.05173180660402767,2026-06-10 08:18:00
10.428571428571429,21,0.4000452567612778,0.4488316035607434,0.5511683997970027,0.11083024902185083,52631714909304482,61727703209982,0.06907495181603475,2160.8508154062883,0.05312323342157859,2026-06-10 08:33:00
11.0,21,0.4000622014508782,0.4488312442343919,0.5511687557656081,0.11083221471997744,52634654118739336,61731515031107,0.06907826625510782,2169.519960598343,0.05559000626313864,2026-06-10 08:48:00
11.714285714285714,25,0.4000559270597818,0.44882729767621105,0.551172702323789,0.11083331537285633,52637759547543839,61735537419843,0.0690816744545616,2168.3405786144112,0.057515049928894314,2026-06-10 09:03:00
11.714285714285714,24,0.4000549910126376,0.4488261964977001,0.5511738035022999,0.11083434344851005,52640991638700284,61739728019875,0.069085158649888,2173.0123205206205,0.05916966785782507,2026-06-10 09:18:00
12.714285714285714,23,0.400054936702735,0.4488222439073155,0.5511777560926845,0.11083304340376783,52644269109636906,61744006399834,0.06908888838838727,2157.09636623836,0.06076379258273084,2026-06-10 09:33:00
10.0,20,0.39840870132557243,0.44881780711148506,0.5511821928885149,0.11083392497108241,52649637956026689,61750310684493,0.0690875941040462,2159.2713420558453,0.06038154385347877,2026-06-10 09:48:00
10.571428571428571,22,0.39838437687862344,0.4488130976973576,0.5511869090142214,0.11083543387476766,52655301796167257,61756934699497,0.0690864151508438,2171.079009285535,0.060975798921018426,2026-06-10 10:03:00
11.0,21,0.39836693062109935,0.4488113290112472,0.5511886709887528,0.11083368627306724,52661323768325207,61763994737708,0.06908486851098943,2154.506228612848,0.061503282299521685,2026-06-10 10:18:00
11.571428571428571,22,0.3983674353837232,0.4488057980642362,0.5511942052908626,0.11083488944503214,52667505366941574,61771272982229,0.06908345901315134,2163.0601443322444,0.06354884186834522,2026-06-10 10:33:00
11.714285714285714,27,0.39833915270328724,0.44880099999850714,0.5511990000014929,0.11083481396654396,52673922966297255,61778822362411,0.06908220704646728,2155.6484138524143,0.06457081356730765,2026-06-10 10:48:00
15.0,32,0.3998529453962936,0.44879875173991746,0.5512012482600825,0.11083430476273888,52678927054567574,61785051327355,0.06908533811962976,2139.21189336043,0.06740551075782474,2026-06-10 11:03:00
14.857142857142858,34,0.3998455145237426,0.4487967980268263,0.5512032019731736,0.11084154278197375,52683123601671464,61790526314758,0.06909000738364596,2168.168414204659,0.06605424659819549,2026-06-10 11:18:00
14.857142857142858,35,0.3998880998767542,0.44879477808912804,0.551205221910872,0.11084179128396132,52687349903921622,61796079338549,0.06909492306395335,2154.034087733148,0.06621629939677459,2026-06-10 11:33:00
12.285714285714286,31,0.3992166729407383,0.4487916793948155,0.5512083239585213,0.11084107935472524,52693886856588718,61803840879678,0.06909404432540905,2143.633576240786,0.06422524082742653,2026-06-10 11:48:00
12.714285714285714,32,0.39922007210169885,0.4487880873552168,0.5512119193507691,0.11084282518912932,52700745404868729,61811953154318,0.06909371166472603,2148.842717009606,0.06497158663543397,2026-06-10 12:03:00
12.857142857142858,30,0.3992143567831289,0.4487870608062813,0.5512129425463397,0.11084188926355305,52707754776651927,61820239963025,0.0690928441672777,2134.391778984839,0.06426445885066226,2026-06-10 12:18:00
13.0,27,0.3992054978796104,0.4487834603539158,0.5512165429983557,0.11084385692547155,52714874454044444,61828659088095,0.0690916648459474,2141.587084553807,0.0639637255366898,2026-06-10 12:33:00
12.714285714285714,39,0.39918105842345597,0.4487789572841151,0.5512210427158849,0.11085012348911474,52722020275272143,61837087409355,0.0690907775327021,2165.60799354865,0.0628698190526135,2026-06-10 12:48:00
13.142857142857142,35,0.39916964056511667,0.44877549733268274,0.5512245060188878,0.11085384726542756,52729293395135285,61845666041099,0.06908969723356981,2171.98268573651,0.06284180111360509,2026-06-10 13:03:00
13.285714285714286,29,0.39915305368193316,0.4487714448966734,0.5512285551033266,0.11085433209821685,52736718959572673,61854429651851,0.06908867542446277,2161.4826684870623,0.06214778914027428,2026-06-10 13:18:00
13.714285714285714,28,0.3991538715251718,0.44876975529381546,0.5512302514079049,0.11085636923614538,52744368740684632,61863458340996,0.06908765297090871,2153.6124748404745,0.061297115149802406,2026-06-10 13:33:00
13.714285714285714,30,0.39913386311812665,0.4487666249109118,0.5512333784395912,0.110859796115221,52752144233167190,61872596928246,0.06908642994066061,2145.5149869761303,0.06014249630143001,2026-06-10 13:48:00
13.571428571428571,28,0.39915358719685834,0.4487649554125935,0.551235051287665,0.11086297505205665,52759959326130145,61881781284989,0.06908515332663892,2141.645661984451,0.059591119922654236,2026-06-10 14:03:00
14.0,35,0.3991409138213597,0.4487596672945939,0.5512403293556272,0.11086682441893095,52767756715219987,61890941987754,0.0690841738120096,2153.1873414275688,0.058982230619168914,2026-06-10 14:18:00
13.428571428571429,33,0.3991249722676067,0.4487546233642775,0.5512453766357225,0.11086978854941472,52775572103785938,61900110587781,0.06908359613927947,2162.3402288647903,0.058511779698564456,2026-06-10 14:33:00
13.714285714285714,29,0.3991176148731591,0.4487493000356923,0.5512506999643078,0.11087170748147732,52783385018610839,61909277009324,0.06908299175591842,2149.4848295663564,0.058174098967136725,2026-06-10 14:48:00
13.857142857142858,34,0.39910208543572556,0.44874286477340897,0.551257135226591,0.11087498618333085,52791156038522748,61918392787991,0.06908262426676898,2149.4036747305613,0.05814511664143819,2026-06-10 15:03:00
13.571428571428571,27,0.3991028010485594,0.4487375707388259,0.5512624460032197,0.11087704448472177,52798951909774007,61927541929249,0.06908189887970385,2137.7037155649996,0.05822100123403872,2026-06-10 15:18:00
13.285714285714286,28,0.39910608200561437,0.4487310355141032,0.5512689678339684,0.11087854379079562,52806637273415961,61936521273257,0.06908081853164118,2129.751694591068,0.05788366139190021,2026-06-10 15:33:00
13.142857142857142,28,0.3991048616301567,0.4487245264074503,0.5512754802880107,0.11087938403954856,52814403522289092,61945579673977,0.0690796122965923,2123.9528091937523,0.057611011276133446,2026-06-10 15:48:00
13.714285714285714,29,0.3991008746443684,0.4487213552292139,0.5512786514655347,0.11088025121572956,52822092908168029,61954546527238,0.06907870911561646,2116.3803991202767,0.05834708672260634,2026-06-10 16:03:00
13.142857142857142,30,0.3990896165210366,0.448717240738715,0.551282759261285,0.11088108795273995,52829610342325147,61963326838983,0.06907792429863749,2113.1937983798516,0.05763067042559286,2026-06-10 16:18:00
13.0,29,0.3990878849935548,0.4487118341655161,0.55128817252784,0.11088191702880976,52836888098643871,61971828865664,0.06907717180944507,2109.9312164439643,0.0587350417064677,2026-06-10 16:33:00
13.142857142857142,28,0.3990896644415388,0.4487068604704607,0.5512931428758727,0.11088191227445271,52844242598456719,61980417962249,0.06907619863248898,2104.34402196962,0.06000354091709753,2026-06-10 16:48:00
13.428571428571429,28,0.3990781699103959,0.44870113277292445,0.5512988705730628,0.11088306161887461,52851608776542043,61989044132863,0.06907541510577955,2099.5194674405475,0.060198776323491326,2026-06-10 17:03:00
13.142857142857142,31,0.39905994414603496,0.4486944027109262,0.5513055972890738,0.11088402708395695,52858895863937093,61997595813749,0.06907468781318923,2096.0259001707245,0.06129053474321145,2026-06-10 17:18:00
13.142857142857142,30,0.399071863572298,0.44868919887449554,0.5513108044707836,0.11088480867674083,52866107325555456,62006067294301,0.06907394022563099,2091.6807976737855,0.06161665846860141,2026-06-10 17:33:00
13.0,26,0.39904913008602416,0.44868483410721155,0.5513151692377073,0.11088448581253682,52873288417258275,62014512963314,0.0690731581751036,2086.5582854004897,0.06126211107672531,2026-06-10 17:48:00
13.285714285714286,28,0.3990416353194701,0.4486808965233538,0.5513191034766463,0.11088452218053077,52880439159474793,62022930373789,0.06907218449003581,2083.2979710024997,0.06130952911500717,2026-06-10 18:03:00
13.285714285714286,25,0.399051222614623,0.448676175491645,0.5513238245083549,0.11088499975733947,52887587109439509,62031330679172,0.06907090187063501,2081.8083034825722,0.06168621143962683,2026-06-10 18:18:00
13.142857142857142,25,0.3990447916832192,0.44867348012399977,0.5513265198760002,0.11088451431417608,52894766419680281,62039766901865,0.06906958892411934,2078.552508258658,0.06115206519725875,2026-06-10 18:33:00
13.142857142857142,25,0.399040236040804,0.44866852732239226,0.5513314726776077,0.11088515745316734,52902008195398951,62048304563560,0.0690682292978372,2076.54039861875,0.061166654827863806,2026-06-10 18:48:00
13.142857142857142,27,0.39904363839646473,0.4486636185896751,0.5513363814103249,0.11088553860120778,52909262555884779,62056873942769,0.0690669485465989,2076.69308801972,0.06117307105870092,2026-06-10 19:03:00
13.285714285714286,25,0.3990430921027389,0.44866020149282465,0.5513397985071753,0.11088572217616602,52916579120181503,62065541059343,0.06906556090866013,2076.130775583023,0.06093237168199212,2026-06-10 19:18:00
13.571428571428571,33,0.3990393574982625,0.4486565305036674,0.5513434728388578,0.11088620593725049,52923883636205962,62074200084925,0.06906409707747714,2075.6656351145634,0.060689734731063205,2026-06-10 19:33:00
13.428571428571429,27,0.39904448499200473,0.4486519518488801,0.5513480514933062,0.11088703969444683,52931052844302165,62082721328715,0.06906259694761266,2076.080305350477,0.05915337918912481,2026-06-10 19:48:00
13.714285714285714,28,0.3990309362686647,0.44864797410235524,0.5513520292394868,0.11088805682583257,52938272806685589,62091303155396,0.0690612405666726,2075.9801147190956,0.06116144183473973,2026-06-10 20:03:00
14.428571428571429,28,0.39903285308875525,0.44864352708283617,0.5513564796001449,0.11088865521889545,52945889964518367,62100373907306,0.06905965443707981,2071.3032348090082,0.061919015928608205,2026-06-10 20:18:00
14.714285714285714,32,0.3990327923894524,0.44864346488055523,0.5513565384605721,0.1108905173684368,52953888043152844,62109902983864,0.06905797242034527,2068.5056010285107,0.062024930245720776,2026-06-10 20:33:00
15.714285714285714,29,0.399049995849765,0.4486415306730069,0.5513584693269932,0.11089249896715925,52962236725858675,62119863986015,0.0690561509700625,2059.8967884752374,0.0614785923805226,2026-06-10 20:48:00
16.142857142857142,34,0.3990456893939616,0.44864031632193363,0.5513596936993495,0.1108955149562571,52970942055624309,62130260755397,0.06905420102532428,2045.4123812643302,0.060412510059534984,2026-06-10 21:03:00
16.285714285714285,33,0.39903834797301485,0.4486374995591925,0.5513625004408075,0.11089776091631338,52979915422887181,62140989403014,0.06905177995643368,2037.38344004394,0.0588430701564787,2026-06-10 21:18:00
16.428571428571427,32,0.3990408110868312,0.448633958442185,0.551366041557815,0.11090053938758095,52989028264288911,62151870314709,0.06904954571359617,2032.5475245257915,0.058002457596331845,2026-06-10 21:33:00
16.571428571428573,33,0.3990474720366458,0.4486289414176182,0.5513710585823818,0.11090458893829676,52998099367393744,62162648666208,0.06904734301240044,2032.6914410863278,0.056810971953031975,2026-06-10 21:48:00
17.0,37,0.39902659147645947,0.44862552265332634,0.5513744840247493,0.11090954459210972,53007558144071687,62173873368071,0.06904521916938418,2030.3982264612782,0.056005779302871594,2026-06-10 22:03:00
17.0,33,0.3990337539941978,0.4486206097984435,0.551379393540241,0.11091491090040943,53017313114789410,62185434888709,0.06904272515150588,2023.7729725352258,0.05448702243871507,2026-06-10 22:18:00
17.142857142857142,33,0.3990240740527406,0.44861832636827903,0.5513816803083718,0.11092086976836828,53027239917241010,62197164185610,0.06904022239627267,2024.4946888203576,0.053387711308330615,2026-06-10 22:33:00
17.0,33,0.3990232849618033,0.44861315224227766,0.5513868510957144,0.11092692127700261,53037218632170113,62208898884695,0.06903794334648843,2025.5152036282168,0.05177552781087967,2026-06-10 22:48:00
16.0,32,0.3990298245130122,0.4486073597302933,0.5513926436073703,0.11093199915442715,53046992404108099,62220327469909,0.06903599903769973,2034.2618679637717,0.050228025692055076,2026-06-10 23:03:00
15.285714285714286,30,0.39902045126276947,0.4486009641577679,0.5513990391795822,0.11093761617898121,53056421791078594,62231313172808,0.06903450469226458,2051.2318717768862,0.048475986459711795,2026-06-10 23:18:00
14.285714285714286,37,0.39901993052664486,0.4485935387276722,0.5514064646093703,0.11094225772064639,53065462478161985,62241806548442,0.06903367613330552,2067.7776696968367,0.04667817249007733,2026-06-10 23:33:00
13.285714285714286,35,0.399013815870556,0.44858583054575696,0.551414169454243,0.11094643325814148,53074019412428461,62251693822115,0.06903318857091614,2085.911668316726,0.04546637266694718,2026-06-10 23:48:00
12.714285714285714,33,0.3989949767237661,0.44857873797456366,0.5514212653618837,0.11095093697002785,53082095313139886,62261017595372,0.06903286892568367,2105.027377431443,0.044223093232410776,2026-06-11 00:03:00
11.142857142857142,28,0.3989980308571104,0.4485711666927643,0.5514288333072357,0.1109556619393198,53089874350202420,62269742717924,0.069029398908994,2119.19952334278,0.04300396831985654,2026-06-11 00:18:00
10.571428571428571,32,0.39896030144832817,0.44856589234613853,0.5514341109897178,0.11095966448975259,53096835124815095,62277647949739,0.0690289125541392,2134.2391583274994,0.04165026722852788,2026-06-11 00:33:00
9.428571428571429,30,0.3989448838253999,0.44855832160386977,0.5514416817317045,0.11096407599275604,53103144186266442,62284857514827,0.06902983783969474,2148.4469205924006,0.040621828807570516,2026-06-11 00:48:00
8.857142857142858,28,0.3989305140641211,0.4485511017004111,0.5514488982995889,0.11096827604032704,53108983697312782,62291528211506,0.06903092674775203,2158.611022821084,0.03965728875895454,2026-06-11 01:03:00
8.0,28,0.39893207307779477,0.44854280634702154,0.5514571936529785,0.11097187363194819,53114452916938038,62297772776160,0.06903209545877578,2169.6548785860446,0.039165490641723616,2026-06-11 01:18:00
7.428571428571429,26,0.39891503574188997,0.4485347404970769,0.551465259502923,0.11097599640054986,53119361132088698,62303387155483,0.06903341397392213,2183.4675185554192,0.03846315145283321,2026-06-11 01:33:00
6.714285714285714,24,0.3988916345632846,0.44852720608611096,0.5514728005829039,0.11097942756014874,53123806986858107,62308464491596,0.06903486460396033,2193.6592973978677,0.037624683365510524,2026-06-11 01:48:00
6.142857142857143,23,0.3988803636611522,0.44852005019314733,0.5514799598096056,0.11098299844383802,53127867391492610,62313121484297,0.06903620578917838,2204.0802879140188,0.03733900063631776,2026-06-11 02:03:00
5.571428571428571,24,0.39887033869207866,0.4485126282617297,0.5514873717382703,0.11098646607377377,53131488067625141,62317280890463,0.06903759864946886,2214.2893022614817,0.036743234738829456,2026-06-11 02:18:00
5.142857142857143,22,0.39884681930956767,0.44850708107113557,0.5514929222625977,0.11098981810030485,53134774912502916,62321072465297,0.06903899417924587,2221.0116607451946,0.03672555825468757,2026-06-11 02:33:00
4.857142857142857,22,0.39883195756446566,0.448499777637028,0.5515002256964499,0.11099330691351582,53137865962232619,62324632425488,0.0690399093110465,2226.8996147477674,0.03624730100234916,2026-06-11 02:48:00
4.571428571428571,19,0.3988285711823057,0.44849448399254127,0.5515055193406707,0.11099663533531563,53140665158895952,62327873556001,0.06904072119328201,2233.8258225672835,0.036913087309588255,2026-06-11 03:03:00
4.142857142857143,18,0.3988072785057999,0.448488074920362,0.5515119317455349,0.11100019633338273,53143183800987596,62330814018613,0.06904154606333121,2236.6516723251575,0.036600099834351286,2026-06-11 03:18:00
4.0,19,0.3987784559210384,0.44848032915016395,0.5515196741825298,0.1110036991631285,53145466789582593,62333475913051,0.06904230120335594,2241.819676963588,0.03651218081919355,2026-06-11 03:33:00
3.7142857142857144,20,0.39877148508530913,0.448472737773305,0.5515272655591346,0.11100691914024335,53147611839611150,62335973082705,0.06904332485152308,2249.9620041574353,0.0366023877170234,2026-06-11 03:48:00
3.7142857142857144,20,0.3987468379736449,0.44846580251870927,0.5515341974812907,0.11100995567011311,53149687966929899,62338397020884,0.06904464450735029,2256.003379717073,0.03611382608834981,2026-06-11 04:03:00
3.5714285714285716,20,0.39872358694594656,0.4484586679936467,0.5515413320063532,0.11101287059258139,53151655221988957,62340676695500,0.06904603290818477,2261.697264152979,0.03621033020686111,2026-06-11 04:18:00
3.5714285714285716,18,0.39871187198049324,0.44845368338167413,0.5515463199499933,0.11101594185120642,53153528514217491,62342854499666,0.0690473661263788,2263.8682210290885,0.03615780170335851,2026-06-11 04:33:00
3.2857142857142856,18,0.39869084446409997,0.448447187546265,0.5515528157851498,0.11101899579515019,53155306947763453,62344922359187,0.06904849763388392,2260.8049765120963,0.03608628506272843,2026-06-11 04:48:00
3.4285714285714284,19,0.39867924131315186,0.4484410562556648,0.5515589504066509,0.11102199015367761,53157120095321154,62347025046374,0.06904956807112922,2254.257769569663,0.036681924137147645,2026-06-11 05:03:00
3.7142857142857144,20,0.39866347866260726,0.4484348107374553,0.5515651925934486,0.11102515877871733,53158955455775438,62349157399613,0.06905066175814467,2245.3171603405813,0.036627999617578635,2026-06-11 05:18:00
3.7142857142857144,20,0.3986475083565529,0.44842897785927116,0.5515710221407288,0.11102806495193941,53160888653628515,62351389740978,0.0690518169996842,2241.7280415102496,0.03683892414626776,2026-06-11 05:33:00
3.857142857142857,20,0.3986524473629862,0.44842174460178214,0.5515782587286044,0.11103118796471491,53162951724459912,62353756389004,0.06905301250296939,2240.2207626052514,0.03694553871491843,2026-06-11 05:48:00
4.428571428571429,22,0.3986371926697656,0.4484153819345866,0.5515846280557741,0.11103398279012823,53165157764540552,62356292169925,0.06905409447917434,2236.2858918681136,0.03823605435380719,2026-06-11 06:03:00
4.428571428571429,22,0.39861863146188886,0.4484091608133114,0.5515908391866886,0.11103696099315837,53167563327235302,62359032556122,0.06905510227381237,2230.788880223719,0.038832785661059153,2026-06-11 06:18:00
5.142857142857143,27,0.39861841422227856,0.44840488853608174,0.5515951147934883,0.11103941071231008,53170207036447840,62362036230429,0.06905626518498263,2225.645198149468,0.0398049276130612,2026-06-11 06:33:00
5.142857142857143,24,0.3986151524334245,0.44839863974539035,0.5516013669132024,0.11104193454365062,53173126936223572,62365348583816,0.06905728598591723,2215.315543594051,0.040947656533393634,2026-06-11 06:48:00
5.857142857142857,24,0.39861338576424105,0.4483921281457766,0.5516078751832351,0.11104401547306592,53176329598732464,62368980635796,0.06905823142315383,2204.9050833815936,0.04209045068991127,2026-06-11 07:03:00
6.571428571428571,24,0.39860510190674975,0.448386564103009,0.5516134425544413,0.11104585832449261,53179870225467218,62372993901406,0.06905921771739584,2195.300805542317,0.043642561450107455,2026-06-11 07:18:00
7.142857142857143,25,0.3985968595803604,0.4483801084817591,0.5516198948466741,0.11104833246586136,53183719631053414,62377350882453,0.0690601974814836,2183.180085627364,0.04535617436447987,2026-06-11 07:33:00
7.428571428571429,26,0.3986049613399431,0.4483740027738099,0.551626000554328,0.11105058550893249,53187845565090940,62382028338826,0.06906112560302295,2172.5909592104013,0.04659205821737009,2026-06-11 07:48:00
8.0,18,0.39859596506431816,0.4483680529765955,0.5516319470234045,0.11105214425960953,53192212388957713,62386997876981,0.06906131129051687,2161.802821070524,0.0485971659950035,2026-06-11 08:03:00
8.714285714285714,22,0.3985980639823173,0.44836420042408465,0.5516357995759154,0.11105254686416792,53196874828842914,62392336004906,0.06906128287263015,2150.582862892975,0.0505112985398435,2026-06-11 08:18:00
9.285714285714286,19,0.3986046865957301,0.4483622412135341,0.5516377621137051,0.11105265261070213,53201781172952809,62397968490571,0.06906121383378336,2141.792237824227,0.0524823211298705,2026-06-11 08:33:00
9.714285714285714,23,0.3985933070737926,0.44835738433726996,0.551642622316607,0.11105296362339367,53206930038281147,62403907326073,0.06906094487638555,2127.4708962858604,0.05442536845406083,2026-06-11 08:48:00
10.142857142857142,23,0.39859095577448156,0.4483522181636855,0.5516477851629477,0.1110532775956915,53212358786244812,62410178547875,0.06906063174329365,2117.5783616932586,0.05613916644162391,2026-06-11 09:03:00
10.714285714285714,23,0.3985901251524423,0.4483463842264723,0.5516536157735277,0.1110532589746997,53218010763794995,62416748522783,0.06906018142674641,2108.6641510556715,0.05797055994647263,2026-06-11 09:18:00
11.142857142857142,22,0.39858218312786714,0.44833989354693843,0.5516601097790503,0.11105274074800266,53223877762850724,62423582144170,0.06905979524045334,2099.421430792927,0.05948027263898535,2026-06-11 09:33:00
11.428571428571429,22,0.3985907449242716,0.4483349475728529,0.5516650557528132,0.11105201576031264,53229986655257110,62430724735396,0.06905929963295103,2091.055776022726,0.061019952762952405,2026-06-11 09:48:00
12.142857142857142,34,0.398598904188457,0.44833007585977575,0.5516699274655624,0.11105120823086444,53236270104483449,62438103113440,0.06905900500599685,2082.3535897402003,0.061764063579004526,2026-06-11 10:03:00
14.142857142857142,25,0.3985920515566333,0.44832556755742253,0.5516744390926013,0.11104980108878224,53242778331342149,62445783284722,0.06905839571154958,2078.548673915513,0.06274346357821689,2026-06-11 10:18:00
12.571428571428571,24,0.39859389170392023,0.4483246328200309,0.5516753638553133,0.11104790422712241,53249435690075439,62453643106398,0.06905762578238081,2074.852252351114,0.0636336787724642,2026-06-11 10:33:00
13.0,26,0.3986094211413538,0.4483213632837764,0.5516786433648783,0.11104588465077955,53256243293739095,62461708055875,0.06905687338033484,2068.943646890024,0.06411596003945057,2026-06-11 10:48:00
13.285714285714286,25,0.39860704747914166,0.4483178483567451,0.551682151643255,0.1110438306359465,53263249049105622,62470017295131,0.0690559873042525,2065.3115646308033,0.06506377754462672,2026-06-11 11:03:00
13.571428571428571,27,0.39860247905792584,0.44831319216961546,0.5516868078303846,0.11104149531933359,53270380043170941,62478502555338,0.06905508613204406,2063.0553983522377,0.06477442389783117,2026-06-11 11:18:00
13.714285714285714,26,0.39858762370222417,0.4483122271723964,0.5516877728276036,0.11103972923644369,53277635557583158,62487147606135,0.06905434861003884,2059.7426543188367,0.06541602050596754,2026-06-11 11:33:00
13.714285714285714,28,0.39857297600203223,0.44830854679763005,0.5516914532023699,0.11103764107934132,53285054925454422,62495991191631,0.06905370746200615,2056.569926742343,0.0649842317244594,2026-06-11 11:48:00
14.142857142857142,27,0.39857940054403573,0.4483065257803233,0.5516934742196767,0.11103628526782562,53292565611723722,62504915246647,0.06905307044764827,2056.3621966102087,0.06573986290178123,2026-06-11 12:03:00
14.285714285714286,29,0.3985882179164522,0.44830529246410955,0.5516947108581227,0.11103471214891147,53300119472085138,62513894417462,0.06905244331588477,2055.8244899644596,0.06542941877885468,2026-06-11 12:18:00
14.285714285714286,28,0.3985969841736663,0.4483040917757657,0.5516959082242343,0.1110337672041736,53307740707359023,62522959408229,0.06905175094184318,2054.479091427004,0.06492833606948666,2026-06-11 12:33:00
14.428571428571429,33,0.3985824482879797,0.44830275267768643,0.5516972506438386,0.1110331915325617,53315470800389051,62532108096331,0.06905133227212197,2056.2575828923805,0.06389987112557612,2026-06-11 12:48:00
14.714285714285714,37,0.39858013213037025,0.4482991558128455,0.5517008441871545,0.11103313390774652,53323321727037269,62541405564417,0.069051534413484,2056.5538502444824,0.06326814523471358,2026-06-11 13:03:00
14.714285714285714,29,0.3985550952652876,0.44829590289117366,0.5517040971088263,0.11103293698874812,53331326214937910,62550884429904,0.06905144631139837,2056.9188662019797,0.06302278059927788,2026-06-11 13:18:00
15.285714285714286,32,0.39856168273699877,0.4482915613931186,0.5517084419273814,0.11103255708216003,53339502394204042,62560540383349,0.06905143599695912,2057.7317400562724,0.061843278493627286,2026-06-11 13:33:00
14.857142857142858,29,0.39857274917832153,0.44828723375320423,0.5517127662467958,0.1110333586371437,53347774333038314,62570299501763,0.06905140326368843,2059.935737164954,0.06074621183945113,2026-06-11 13:48:00
14.857142857142858,28,0.398570557614018,0.4482845553821573,0.5517154479376489,0.11103451171502149,53356065919761710,62580088105286,0.06905134966500621,2062.8277616342425,0.06027969638970038,2026-06-11 14:03:00
14.857142857142858,30,0.39857402066898157,0.44827896645430654,0.5517210401846209,0.1110360335796941,53364326339514013,62589830993620,0.06905102536470414,2065.9521431652893,0.05995425817225717,2026-06-11 14:18:00
14.857142857142858,36,0.3985733817289514,0.4482762341521423,0.5517237691669633,0.11103662100704546,53372615991780584,62599584167148,0.06905103380315207,2069.4677877006393,0.059175264982461485,2026-06-11 14:33:00
14.571428571428571,29,0.3985735127116576,0.44827036722201663,0.5517296327779834,0.1110372050263291,53380907240546331,62609347940244,0.06905139043154122,2070.7246498742393,0.05877652399329056,2026-06-11 14:48:00
14.714285714285714,31,0.39856771433088367,0.44826419975378223,0.5517358035646418,0.11103823086104563,53389201166153357,62619086304823,0.06905139822543155,2071.7561887118595,0.05851356446144841,2026-06-11 15:03:00
14.714285714285714,43,0.39857149685586235,0.4482587412266278,0.5517412620914536,0.11103915313860908,53397403059369395,62628718451764,0.06905150424557654,2074.090392308181,0.05825637502513898,2026-06-11 15:18:00
14.428571428571429,31,0.3985691072201495,0.4482558315683128,0.5517441684316873,0.11104042838082206,53405568708148191,62638296448803,0.06905158648578884,2072.5820725557182,0.05851389237316855,2026-06-11 15:33:00
14.142857142857142,27,0.39855803438942644,0.44824995073675916,0.5517500558980207,0.11104191349000903,53413722268857630,62647860631734,0.06905147526512215,2074.1982892792694,0.05790427553618467,2026-06-11 15:48:00
14.571428571428571,37,0.39856512023436114,0.448245979788,0.551754020212,0.11104337237286786,53421828713889560,62657364883364,0.06905158520850503,2073.7957549789558,0.0581671519427169,2026-06-11 16:03:00
14.428571428571429,29,0.39857173965307385,0.4482401823626172,0.5517598209540846,0.11104392954804178,53429727990489334,62666658279502,0.06905172747648206,2065.3103684598004,0.057941958675512176,2026-06-11 16:18:00
14.142857142857142,29,0.39856811686310273,0.4482340650667612,0.5517659349332388,0.11104427466870365,53437468248373796,62675738894988,0.06905169469520346,2066.3328035515256,0.05933826259578586,2026-06-11 16:33:00
14.0,27,0.3985768096422133,0.4482286453905723,0.5517713546094277,0.11104433330072581,53445230461168282,62684854849545,0.069051807736146,2062.999953547518,0.06002380820391026,2026-06-11 16:48:00
14.285714285714286,28,0.39856874621903243,0.44822300212159316,0.5517769978784068,0.11104442657940103,53452981853043855,62693973805230,0.06905166168350074,2060.066566751194,0.060330183593966254,2026-06-11 17:03:00
14.142857142857142,31,0.39856294144885823,0.4482181361315011,0.5517818638684989,0.1110445467773078,53460670103373768,62703021633054,0.06905129772450358,2057.329091251203,0.061136177582092895,2026-06-11 17:18:00
14.142857142857142,29,0.3985550569288858,0.4482127957929036,0.5517872042070965,0.11104431307981417,53468287646533110,62711981393482,0.06905083074119028,2052.4853768745907,0.06124216071335333,2026-06-11 17:33:00
14.0,31,0.3985521944775506,0.4482073030025072,0.5517926969974928,0.11104352306793383,53475824758981551,62720855977577,0.0690503512453388,2050.5518197828637,0.06129270247666755,2026-06-11 17:48:00
14.0,31,0.3985479039952479,0.44820388294603664,0.5517961236825277,0.11104334096687106,53483364308602889,62729737092160,0.0690499626429863,2051.6520698890595,0.06140885011177898,2026-06-11 18:03:00
14.142857142857142,27,0.3985543221478511,0.44820033124518394,0.5517996687548161,0.11104263313955652,53490930310016254,62738658533804,0.06904937943666511,2050.0479939445277,0.06154470484223952,2026-06-11 18:18:00
14.142857142857142,31,0.3985465654158847,0.44819616719563715,0.551803836117946,0.11104244161493054,53498531321676505,62747613751464,0.06904857321537447,2053.6221128344064,0.06145271673010978,2026-06-11 18:33:00
14.142857142857142,30,0.3985504437818679,0.44819037853875443,0.5518096214612456,0.11104202197735133,53506254337390380,62756723506580,0.06904752391471915,2051.9888088882476,0.06172139691523492,2026-06-11 18:48:00
14.285714285714286,27,0.3985351219999441,0.4481852054657793,0.551814797847121,0.11104145206224289,53514045508952155,62765910016180,0.06904639652384278,2051.8879149035624,0.06156648240419028,2026-06-11 19:03:00
14.285714285714286,28,0.3985303874543205,0.4481792772110511,0.5518207227889489,0.11104168062431628,53521794696408137,62775100189121,0.06904526851917543,2053.8700034005574,0.06096214316497593,2026-06-11 19:18:00
14.285714285714286,29,0.39854293943121344,0.4481741611538222,0.5518258388461778,0.1110419846496725,53529574324003264,62784316005484,0.06904433984782697,2056.3300085000087,0.06080540324630524,2026-06-11 19:33:00
13.714285714285714,33,0.39854469332159626,0.44817004932008403,0.5518299539917891,0.1110427383184052,53537200493640993,62793377792539,0.0690437937287415,2059.8199809744997,0.05956043476045223,2026-06-11 19:48:00
15.0,33,0.39854574757264605,0.4481654955593863,0.5518345077521457,0.11104283184683506,53544948774099784,62802540094755,0.06904346935790791,2060.7464252607183,0.060796532814846725,2026-06-11 20:03:00
15.571428571428571,33,0.3985225061290482,0.4481637113168819,0.5518362953054613,0.1110434865791705,53553293459335045,62812384393213,0.06904252935820077,2051.1975841764856,0.061272285403702886,2026-06-11 20:18:00
16.857142857142858,35,0.3985334927028672,0.4481599341527518,0.5518400724688953,0.11104436324434859,53562256109639109,62822945047202,0.06904130913302635,2036.2811471034786,0.06114338517080579,2026-06-11 20:33:00
17.0,33,0.3985160496400432,0.44815608473973967,0.5518439185707291,0.11104672534055021,53571663058530577,62834049704584,0.06903970166542556,2011.7741867766656,0.06049931751133812,2026-06-11 20:48:00
17.857142857142858,36,0.39852519926127544,0.4481530664421119,0.5518469368680048,0.1110484508897099,53581438730714484,62845618860793,0.06903783599419316,2001.0115652365243,0.06044491187001799,2026-06-11 21:03:00
17.285714285714285,35,0.39851496344199194,0.4481503289341805,0.5518496710658195,0.11105084894687337,53591237870662366,62857260025225,0.06903601521099657,2001.2930681041682,0.058439023838347266,2026-06-11 21:18:00
17.714285714285715,38,0.3984197134569926,0.44814623502829026,0.5518537649717098,0.11105413406507506,53601093293428219,62868911250252,0.06903432413906489,2005.0191309553154,0.05643547364524369,2026-06-11 21:33:00
18.0,41,0.39843913723391017,0.4481442092838204,0.5518557973343687,0.1110573969164358,53611042205063055,62880623409549,0.06903262710405647,2011.7064394354215,0.056245216820887955,2026-06-11 21:48:00
18.571428571428573,34,0.39843566778954626,0.44814155870113004,0.55185844129887,0.11106131046041211,53620668287937386,62891954294150,0.06903081779086694,2006.4811837333204,0.05609360502588728,2026-06-11 22:02:00
18.428571428571427,35,0.3984380414517584,0.44814114625461104,0.5518588537453889,0.11106577595559067,53631819681598969,62905106438446,0.06902898350042552,2002.40575294633,0.05507022177978133,2026-06-11 22:18:00
18.285714285714285,42,0.3984469227181779,0.44813698632158083,0.5518630202945701,0.11107068992506931,53642347394483276,62917522524324,0.0690277453622712,2003.716401949638,0.05298430445978717,2026-06-11 22:33:00
17.571428571428573,50,0.39843634506597825,0.4481319327086137,0.5518680705991371,0.11107648998433663,53652809951021974,62929830091631,0.06902666126871816,2010.1572878049744,0.05117816246972609,2026-06-11 22:48:00
16.714285714285715,33,0.3984339330673643,0.4481269866166922,0.5518730199981698,0.11108177972103396,53663022149640808,62941796043152,0.06902570748272582,2021.1421473084322,0.049599042386947664,2026-06-11 23:03:00
15.857142857142858,33,0.3984287544584197,0.4481214619310945,0.5518785413760317,0.11108636935867959,53672837339815973,62953261822152,0.06902500307685341,2038.5408572311796,0.04791399461025205,2026-06-11 23:18:00
14.571428571428571,30,0.3984123049473427,0.44811910021088264,0.5518808997891174,0.11109103509895606,53682209617723257,62964144235347,0.06902457478667975,2059.2702894339686,0.046381965188063895,2026-06-11 23:33:00
13.857142857142858,32,0.39840489324299255,0.44811245636464664,0.5518875469418478,0.11109544311759159,53691053525745516,62974384832480,0.0690243925299146,2077.940608832757,0.044850276461237445,2026-06-11 23:48:00
13.142857142857142,26,0.39838977911657864,0.4481050228298425,0.5518949837825582,0.11109980869579761,53699408426107161,62984046708291,0.069024305421165,2097.697091095137,0.043794430555329146,2026-06-12 00:03:00
11.714285714285714,24,0.3984549797519585,0.4480992323480115,0.5519007775697038,0.1111036118257652,53707535534512762,62993182819661,0.06902059083240966,2112.89053689857,0.042315959362120736,2026-06-12 00:18:00
10.714285714285714,22,0.39842881196302243,0.448090926967426,0.5519090763381985,0.11110772921301577,53714705491522962,63001370604422,0.0690203327938042,2127.148128245259,0.04090916602691321,2026-06-12 00:33:00
10.0,26,0.39841502683187124,0.448082837764246,0.5519171721518018,0.1111116182824612,53721212047481367,63008833107084,0.06902093434579185,2140.569920235995,0.03961104760121355,2026-06-12 00:48:00
9.428571428571429,21,0.3984006922122941,0.44807479192145405,0.551925208078546,0.11111527478589617,53727219170842160,63015723213310,0.06902155816446018,2153.159694866835,0.038932984953325686,2026-06-12 01:03:00
8.285714285714286,21,0.3983913349355521,0.4480664931746325,0.5519335068253676,0.11111943272653668,53732836872942208,63022165713484,0.06902221832247038,2167.703361612272,0.03816105953131407,2026-06-12 01:18:00
7.714285714285714,18,0.3983818019503018,0.44805873026773824,0.5519412763413537,0.11112300593602115,53737898807523278,63027985550788,0.06902302632452784,2180.9991852865037,0.03725000653778764,2026-06-12 01:33:00
6.857142857142857,16,0.3983512382539581,0.4480510304487279,0.5519489695512722,0.11112659482844522,53742522300971726,63033299885168,0.06902366843110111,2191.6002292086537,0.03683135620341583,2026-06-12 01:48:00
6.428571428571429,18,0.39832355298245037,0.4480432308518248,0.5519567691481752,0.11112986151225064,53746779398373686,63038193295555,0.06902431725827735,2200.9286830153846,0.03635198341387412,2026-06-12 02:03:00
5.857142857142857,35,0.3983080299344171,0.44803710353487297,0.5519628997688809,0.11113325480807827,53750593285730558,63042606297134,0.06902516197684273,2207.188333615833,0.03604521795959014,2026-06-12 02:18:00
5.428571428571429,34,0.39828847198009326,0.4480288981532843,0.5519711084537114,0.11113661706108528,53754015206095020,63046573763601,0.0690259143310096,2214.7261701010752,0.03570234818926712,2026-06-12 02:33:00
5.0,32,0.39827682090864286,0.4480232171403754,0.5519767828596246,0.11113976258996568,53757148427872936,63050222722259,0.06902661964217831,2221.806029466521,0.03536673803709905,2026-06-12 02:48:00
4.714285714285714,31,0.3982529596932158,0.4480172864216338,0.5519827168813408,0.11114283358270106,53760088580289497,63053641401856,0.06902730687485537,2227.2692910115043,0.0357734011324609,2026-06-12 03:03:00
4.285714285714286,15,0.3982453563068566,0.4480106670133552,0.551989336289363,0.11114610326997502,53762747201777589,63056777827218,0.06902795446283012,2231.8197202381416,0.03548872464164595,2026-06-12 03:18:00
4.428571428571429,17,0.39822689093998437,0.4480030413611624,0.5519969586388376,0.11114924261430498,53765175138289291,63059635523534,0.06902842832160812,2235.697709863846,0.035093962880961456,2026-06-12 03:33:00
4.0,30,0.39822505079269743,0.4479961087471074,0.5520038912528926,0.11115253809247037,53767506555417988,63062368083979,0.06902900911665755,2236.607745122554,0.03494151217945084,2026-06-12 03:48:00
4.0,21,0.39821676054580585,0.44798876341886934,0.552011239883094,0.11115568269707662,53769791405731128,63065045923186,0.06902963619619722,2239.8854142545742,0.034941375488537596,2026-06-12 04:03:00
3.7142857142857144,21,0.39819416762633864,0.44798126531132515,0.5520187412921019,0.1111588875451161,53771976887515257,63067595451844,0.06903020009894334,2242.8723903236455,0.03475498963633235,2026-06-12 04:18:00
3.857142857142857,30,0.398172264762104,0.44797419839621466,0.5520258082067139,0.11116188424307863,53774098887614764,63070053777776,0.0690308401186609,2246.390251082251,0.03472116699589728,2026-06-12 04:33:00
3.7142857142857144,32,0.3981787404193099,0.4479700346121189,0.5520299653878812,0.11116485205281065,53776180350579310,63072466859234,0.0690313692237735,2249.829820339552,0.034913468297038355,2026-06-12 04:48:00
3.7142857142857144,33,0.39815985974141804,0.44796414203830326,0.5520358579616967,0.11116798183834803,53778240903236112,63074868235353,0.06903191536405802,2245.3798445526977,0.03533113257787056,2026-06-12 05:03:00
4.0,33,0.3981458765388575,0.44795732061759796,0.552042679382402,0.11117075832667088,53780346079273663,63077309573548,0.06903255836212852,2244.0472131039296,0.035631283787197494,2026-06-12 05:18:00
3.857142857142857,20,0.3981331967739586,0.4479510819293456,0.5520489279720021,0.11117364242774631,53782534803388609,63079841178050,0.06903315291131833,2242.0363320535785,0.0358450532028175,2026-06-12 05:33:00
4.285714285714286,34,0.39812020073374466,0.4479451598283167,0.5520548434718744,0.11117660083799673,53784841569405351,63082494431259,0.06903370783461085,2237.549289704158,0.03611653235960715,2026-06-12 05:48:00
4.571428571428571,14,0.3981331488534563,0.4479418154545324,0.5520581878453779,0.11117938922600525,53787334998648655,63085359496274,0.0690343339196192,2231.9878972816564,0.03743854269487831,2026-06-12 06:03:00
5.142857142857143,36,0.3981003903981089,0.44793565011544456,0.5520643498845554,0.11118200975076892,53790073413843779,63088473374138,0.06903483840920423,2225.7700581105346,0.03809801058330242,2026-06-12 06:18:00
5.571428571428571,34,0.3981072558087332,0.4479294232364544,0.5520705800629251,0.11118474440960988,53793033044189402,63091838264864,0.06903538586133774,2216.1798392228065,0.03903347462909862,2026-06-12 06:33:00
5.857142857142857,35,0.3980891067171759,0.44792358155482553,0.552076425043383,0.11118730790412078,53796292611497686,63095543037385,0.06903593081414787,2207.5973596977124,0.04029172700337265,2026-06-12 06:48:00
6.571428571428571,36,0.3981015692424646,0.4479177252126104,0.552082278086218,0.11118959564593664,53799876122634401,63099612485545,0.06903643169027261,2198.13633324125,0.04199118754951791,2026-06-12 07:03:00
7.285714285714286,38,0.3980968826173432,0.4479121296420676,0.5520878703579324,0.11119164104464614,53803787458506227,63104061027833,0.06903692434837902,2188.3507820878144,0.04300299394748745,2026-06-12 07:18:00
8.0,37,0.39811095527150797,0.44790767448428265,0.5520923255157173,0.11119294151875414,53807978544239422,63108826510803,0.0690373802757557,2179.968171455255,0.04448738893094792,2026-06-12 07:33:00
8.285714285714286,37,0.39808268536987257,0.44790274594750046,0.5520972540524995,0.11119382392260278,53812497167582204,63113959235995,0.06903785810675275,2168.701526782448,0.04560500239914088,2026-06-12 07:48:00
8.857142857142858,39,0.3980978122750871,0.4479001678621554,0.5520998387332443,0.11119462345976766,53817246614558482,63119393831261,0.06903830553373903,2159.8929994837613,0.047696822183298834,2026-06-12 08:03:00
9.285714285714286,38,0.39817605048178284,0.4478948091004969,0.5521051941969126,0.11119521828844615,53822308277590417,63125204300205,0.06903867956951464,2146.528308448257,0.049492112171064036,2026-06-12 08:18:00
9.857142857142858,39,0.39808489290767685,0.4478883298032949,0.5521116701967052,0.11119564550306056,53827630774117652,63131324251131,0.0690390585745224,2136.072694673701,0.05148991290017066,2026-06-12 08:33:00
10.285714285714286,27,0.39809369750129275,0.44788383433416684,0.5521161656658332,0.11119556039769495,53833223976740730,63137783043279,0.06903922742422,2126.510034914076,0.05346017634345,2026-06-12 08:48:00
10.714285714285714,42,0.39807953539552376,0.4478782634245015,0.5521217398720055,0.11119574948620924,53839057068475566,63144553908320,0.06903940227669567,2117.2149899087153,0.05533242892673117,2026-06-12 09:03:00
11.428571428571429,28,0.39811406052005466,0.44787300649255835,0.5521269968036401,0.11119492600847294,53845094949408434,63151598851908,0.06903951016437761,2111.2616243089515,0.05717441912189914,2026-06-12 09:18:00
11.714285714285714,44,0.3981070034274213,0.4478686104824405,0.5521313895175595,0.11119373388345685,53851287090300717,63158868867273,0.0690396411161103,2101.416964582335,0.058583452156379986,2026-06-12 09:33:00
11.857142857142858,43,0.3981078468282611,0.44786416673678,0.5521358365587936,0.1111935234439005,53857667112813962,63166389107524,0.06904003872327638,2095.03546310265,0.059617628922570665,2026-06-12 09:48:00
12.714285714285714,46,0.39808144263151385,0.44786157020361156,0.5521384363868662,0.11119218885757891,53864249465785941,63174157333023,0.06903992237948055,2088.495906422498,0.0608616209430963,2026-06-12 10:03:00
12.714285714285714,45,0.39809725320256073,0.4478571458084489,0.5521428574864701,0.11119014565061237,53871017717759985,63182186396924,0.06903989443665987,2081.031270124599,0.0623165354883226,2026-06-12 10:18:00
13.0,27,0.3981042432064909,0.4478536080960475,0.5521463951985558,0.11118917194915344,53877948514828622,63190415475105,0.06904005292845007,2075.8778681968556,0.06311312581494867,2026-06-12 10:33:00
13.428571428571429,25,0.3980959369860985,0.4478504081380688,0.5521495918619312,0.1111873784549009,53885040136893825,63198859637681,0.06903994140554881,2072.112463371257,0.06393410643941269,2026-06-12 10:48:00
13.714285714285714,30,0.39808044269036663,0.44784913875539994,0.5521508612446001,0.11118575631129818,53892326606615681,63207550915917,0.06903990401792473,2068.3140222608163,0.0637027457077881,2026-06-12 11:03:00
13.857142857142858,29,0.39808529543989585,0.4478481624716812,0.5521518375283189,0.11118392012278965,53899706641347076,63216373171868,0.06903992344067646,2066.063514714878,0.06395320150577144,2026-06-12 11:18:00
14.285714285714286,28,0.398070670102605,0.44784335897040056,0.5521566443228642,0.11118212248015062,53907207799350527,63225339754962,0.06903975254689595,2066.310321816501,0.06399437208087957,2026-06-12 11:33:00
14.714285714285714,28,0.39808457343766174,0.4478391857807802,0.5521608142192198,0.11118062380636069,53914853695667837,63234474088750,0.06903989731980231,2066.3702373042925,0.06444969208417575,2026-06-12 11:48:00
14.571428571428571,34,0.39808116469260074,0.44783624567268776,0.5521637543273122,0.11117894073800946,53922562068450108,63243670683388,0.06903999664864317,2068.456676897188,0.06440503166579513,2026-06-12 12:03:00
14.571428571428571,34,0.3980695072317501,0.44783304121654216,0.5521669620756998,0.11117716148961089,53930237750472543,63252816900602,0.06904050253242457,2068.034433769678,0.06400233660477377,2026-06-12 12:18:00
14.428571428571429,32,0.39808137234811053,0.4478302187556648,0.5521697812443351,0.11117575921601425,53937957236701393,63262012213068,0.06904080565440462,2072.6866803103576,0.06296440401090599,2026-06-12 12:33:00
14.142857142857142,40,0.3980773693888215,0.4478264569284713,0.5521735463630941,0.11117479368370406,53945675414538086,63271203805071,0.06904150424311811,2081.7082306053135,0.061681278557500885,2026-06-12 12:48:00
14.428571428571429,29,0.3980713409896367,0.44782394188383345,0.5521760581161665,0.11117509220556668,53953465319242264,63280447496609,0.06904182630279472,2089.0495083826363,0.06073394684017545,2026-06-12 13:03:00
14.428571428571429,29,0.3980624277762157,0.4478217525662548,0.552178250724615,0.11117531425899796,53961347886090895,63289811577676,0.0690422758926699,2094.631921213984,0.06049206860207182,2026-06-12 13:18:00
14.714285714285714,30,0.3980719447879652,0.4478182677071883,0.5521817355833261,0.11117681266851746,53969198162960463,63299191702972,0.06904224494735225,2094.4316319566115,0.06045819119274631,2026-06-12 13:33:00
14.857142857142858,29,0.3980639484534875,0.4478132961011415,0.5521867038988585,0.11117780424985743,53977363116818374,63308856225693,0.06904241737060625,2088.4606194945227,0.060423588952069104,2026-06-12 13:48:00
15.0,32,0.3980719863190672,0.4478091696820084,0.5521908303179915,0.11117901481321331,53985642801730223,63318663329766,0.06904274216908293,2082.0975190699546,0.059567567567567564,2026-06-12 14:03:00
15.571428571428571,32,0.3980559265614086,0.4478033104847271,0.5521966895152729,0.11117939059101274,53994093926753015,63328663344214,0.06904307148414626,2078.3672528158386,0.058944216479982256,2026-06-12 14:18:00
15.285714285714286,32,0.39806160993297707,0.44779836340551515,0.5522016365944848,0.1111805049689452,54002654850825292,63338797699428,0.06904323534730582,2075.7304876387166,0.05802413048986117,2026-06-12 14:33:00
15.428571428571429,28,0.3980508469881686,0.44779641832256617,0.5522035882550554,0.11118230865232663,54010946852828712,63348725801127,0.06904283716669782,2083.342471073923,0.05943577062085717,2026-06-12 14:48:00
15.428571428571429,34,0.3980565175809365,0.4477955135669329,0.5522044864330671,0.11118399506479602,54019244968502043,63358664864424,0.06904195562642351,2088.7216349845094,0.060320518742384054,2026-06-12 15:03:00
15.428571428571429,37,0.3980217720220952,0.4477925181018523,0.552207485186249,0.11118550057714216,54027407834767924,63368414726901,0.06904110610688396,2090.51536033916,0.059889450215903785,2026-06-12 15:18:00
14.571428571428571,28,0.39801659660785077,0.44779055336121854,0.5522094466387815,0.11118628559118135,54035619655849639,63378115722146,0.06904090378709413,2089.5881972846664,0.058238953113080215,2026-06-12 15:33:00
14.285714285714286,32,0.39802054845193746,0.44778499914785225,0.5522150008521478,0.11118773347649817,54043810336949945,63387773745019,0.06904101173824381,2088.9089148883277,0.05794741778533326,2026-06-12 15:48:00
14.428571428571429,29,0.39802503381094934,0.4477782128992108,0.5522217936749446,0.1111882040780914,54051880688614270,63397279398013,0.06904113793230353,2089.7578376415354,0.05800976142009891,2026-06-12 16:03:00
13.428571428571429,27,0.3980201203621172,0.44777146353637914,0.5522285364636208,0.11118873388714186,54059664650820837,63406479915935,0.06904151432351985,2090.9714677402408,0.057410089466648474,2026-06-12 16:18:00
13.714285714285714,27,0.3980175837701974,0.44776520586329305,0.552234794136707,0.11118882182634808,54067170146283852,63415332523731,0.06904189808462435,2091.0541618515667,0.05812751999507543,2026-06-12 16:33:00
14.0,32,0.39800644385077116,0.44775992824617217,0.5522400750399216,0.11118798468427928,54074770309472393,63424291082571,0.06904212384759843,2088.870548883577,0.0594924149073486,2026-06-12 16:48:00
14.0,31,0.398001000081714,0.4477540344122101,0.5522459688735479,0.11118799309532518,54082498057277099,63433390170759,0.06904262816101031,2082.483864945284,0.05954962395701699,2026-06-12 17:03:00
14.142857142857142,31,0.3980047538543914,0.44775057348932845,0.5522494265106715,0.11118814991989477,54090217027834911,63442493925726,0.06904331829920059,2076.5686315696457,0.06027054720748939,2026-06-12 17:18:00
13.857142857142858,26,0.39800739267671603,0.4477477224614283,0.5522522775385718,0.11118769227287535,54097893161691406,63451549784296,0.06904360600785926,2073.649848518052,0.06051205300707633,2026-06-12 17:33:00
14.285714285714286,32,0.3980093861696102,0.44774113249172515,0.5522588740777752,0.11118755738174588,54105604354125191,63460633912841,0.06904394830350737,2071.736822179257,0.060812763491720025,2026-06-12 17:48:00
14.142857142857142,31,0.3980132805090941,0.44773584006228184,0.552264169790944,0.11118793981218401,54113357632556520,63469775813364,0.06904458849172881,2070.2652347836256,0.06071116681608365,2026-06-12 18:03:00
14.0,29,0.39799372574947045,0.44773050119834307,0.5522694988016569,0.11118753147543142,54121046208865537,63478847245130,0.06904476245023886,2069.9667546741653,0.06111169909690215,2026-06-12 18:18:00
14.142857142857142,30,0.39799887880081386,0.447725148975924,0.5522748543078275,0.11118801791056827,54128718492760812,63487895339946,0.06904459742101333,2068.4028927229037,0.06067590329660135,2026-06-12 18:33:00
14.571428571428571,27,0.39799929411183343,0.4477215724042229,0.55227843087921,0.11118783467512561,54136445257418335,63497009711623,0.06904424707736274,2067.7765971327626,0.06038608517854014,2026-06-12 18:48:00
14.142857142857142,28,0.39799132333495696,0.4477175525124292,0.5522824606200015,0.11118811443285685,54144222167649457,63506208436519,0.06904378402434415,2068.5861679320838,0.060370801383730015,2026-06-12 19:03:00
14.142857142857142,26,0.39799625595198995,0.44771362925057717,0.5522863773149885,0.1111879536977287,54151970098355205,63515396097437,0.06904330424232304,2068.7121986851716,0.060180233451305375,2026-06-12 19:18:00
14.428571428571429,28,0.39799608663288194,0.4477119843970358,0.5522880156029641,0.11118796852773374,54159678001735082,63524553158540,0.069042980119245,2069.5723874175073,0.05971008357062907,2026-06-12 19:33:00
14.142857142857142,33,0.3979894448512682,0.4477073735387681,0.5522926264612319,0.11118825693474665,54167243888003538,63533574495501,0.06904274478675244,2073.107170621606,0.058314114592107634,2026-06-12 19:48:00
15.0,28,0.39797982241441365,0.44770227850902156,0.5522977280545196,0.11118806583791843,54174828224358383,63542596571297,0.06904273438213153,2072.2620848326765,0.059678732224135854,2026-06-12 20:03:00
15.285714285714286,32,0.3979907163419283,0.4476993645467309,0.5523006354532691,0.11118870853424655,54182913043731404,63552224521256,0.06904249378456348,2066.8478713336917,0.06050054155200562,2026-06-12 20:18:00
16.428571428571427,33,0.3979915693268686,0.4476962461470037,0.5523037538529962,0.11118877693907206,54191530355310005,63562485432714,0.069041976380086,2051.773683382779,0.06071818347394975,2026-06-12 20:33:00
17.0,32,0.3979999266624633,0.4476942426192558,0.5523057573807442,0.11118974308076751,54200638340313112,63573326279513,0.0690411548854798,2038.2942946738738,0.06011087002050141,2026-06-12 20:48:00
17.571428571428573,33,0.3979880934931044,0.4476931691293495,0.552306834151085,0.11119109563035483,54210101690633182,63584622168946,0.069040281851749,2022.0804184696358,0.059495887713500804,2026-06-12 21:03:00
17.142857142857142,37,0.3979704204118696,0.44769072930891096,0.552309270691089,0.11119270601394668,54219670106622729,63596055976850,0.06903924556999665,2015.5368870959928,0.057418687702009356,2026-06-12 21:18:00
18.142857142857142,36,0.39796410448967123,0.44768836001390216,0.5523116399860979,0.11119513773018941,54229452735367985,63607746017111,0.06903815254935598,2016.618758643553,0.0569368371531864,2026-06-12 21:33:00
18.0,35,0.39796357736414634,0.44768546300455275,0.5523145369954473,0.11119785459809729,54239176170994880,63619347731682,0.06903719952587259,2021.7768871621083,0.05523900170103436,2026-06-12 21:48:00
18.571428571428573,36,0.39796615229246796,0.4476838426483025,0.5523161639099147,0.1112013619985559,54249379159275155,63631506826010,0.06903628319364843,2016.9303741724505,0.05628799810327016,2026-06-12 22:03:00
18.428571428571427,34,0.39796367959455115,0.4476833840834841,0.5523166224740466,0.11120503169656973,54259703994633210,63643810102615,0.06903571167506943,2012.29478592624,0.05480489996422767,2026-06-12 22:18:00
18.571428571428573,36,0.39795930605004454,0.44768055276847496,0.5523194537883974,0.11120886144510454,54270361394430790,63656469699370,0.06903522409210029,2012.1333703226549,0.053251243539163905,2026-06-12 22:33:00
17.857142857142858,37,0.3979620119610724,0.4476756267414356,0.5523243765366765,0.11121366323663696,54280955096422838,63669021163012,0.06903487275198542,2019.9567493368663,0.05156664791344493,2026-06-12 22:48:00
17.714285714285715,34,0.39795506987764445,0.4476706483409389,0.552329351659061,0.11121866007549665,54291324902871565,63681274606042,0.06903450731936031,2026.5117018139647,0.04985588854054653,2026-06-12 23:03:00
16.571428571428573,36,0.39794461042935036,0.4476653248719263,0.5523346784055615,0.11122306718948731,54301327112149863,63693039032993,0.06903429987536552,2045.8245665631036,0.04836388447711388,2026-06-12 23:18:00
15.571428571428571,31,0.3979408215149714,0.4476592619607809,0.5523407413164096,0.11122679212519303,54310935903454304,63704312152627,0.0690345054045238,2064.5996831088387,0.04672098868387829,2026-06-12 23:33:00
14.285714285714286,30,0.3979344065570684,0.44765246108440604,0.552347552023185,0.111230482384924,54320085305834832,63715002280003,0.06903484957950774,2084.6579788750632,0.04511914753859066,2026-06-12 23:48:00
14.0,31,0.39792911932831865,0.44764703958786994,0.5523529636887454,0.11123505540735605,54328747962206757,63725072175350,0.06903535079686769,2102.4335100681797,0.04394845259084797,2026-06-13 00:03:00
12.571428571428571,24,0.39791995692828586,0.44764157758923034,0.5523584224107696,0.11123888077528889,54337239208651752,63734645786199,0.06903193604891282,2119.9103829812343,0.04257504664670667,2026-06-13 00:18:00
11.142857142857142,24,0.3979042358088432,0.4476344891443894,0.5523655141316615,0.1112425335352048,54344747614805326,63743259350281,0.06903188473650904,2137.4774848808465,0.041261159696357574,2026-06-13 00:33:00
10.428571428571429,24,0.3979043827650502,0.4476271712537292,0.5523728320220558,0.11124716187002565,54351604411486950,63751157809508,0.0690328027730288,2152.402204663325,0.0400664310762527,2026-06-13 00:48:00
9.857142857142858,23,0.39788831022859095,0.44762223130007217,0.5523777686999278,0.11125078112385349,54357952933687609,63758450325981,0.06903378338324251,2167.212864173555,0.038636091386183506,2026-06-13 01:03:00
8.857142857142858,20,0.39788025000011024,0.4476149377819504,0.5523850654933173,0.11125455049460072,54363902059901554,63765294075510,0.06903473966824629,2179.2386963851477,0.03776961419447281,2026-06-13 01:18:00
7.857142857142857,19,0.39787429827372905,0.44760797113344,0.5523920321415782,0.11125779220991125,54369285276647507,63771489212587,0.06903577572202982,2187.684666382092,0.03689384852638794,2026-06-13 01:33:00
7.571428571428571,18,0.3978547818505072,0.44760056107929974,0.5523994389207003,0.11126159198884894,54374304537822253,63777265736581,0.06903658539951443,2196.5414454832753,0.03683780680262083,2026-06-13 01:48:00
7.285714285714286,18,0.39784211486440885,0.4475941946082265,0.5524058119408125,0.11126531865274589,54378976813780006,63782648444245,0.06903725662292265,2205.970592341658,0.03637101114896492,2026-06-13 02:03:00
6.714285714285714,23,0.39783127844149696,0.4475860735749517,0.5524139264250483,0.11126873419412522,54383249851603340,63787578113548,0.06903783758422198,2214.7427092165485,0.035864253729956705,2026-06-13 02:18:00
6.142857142857143,15,0.3978248890411952,0.4475779288937025,0.5524220711062975,0.1112723988627897,54387154262355031,63792099818863,0.06903834125276324,2225.2267470783704,0.03531841309729669,2026-06-13 02:33:00
5.571428571428571,16,0.3978137203694676,0.4475697164232001,0.5524302835767999,0.11127578018899667,54390663249332563,63796174835555,0.06903882405429619,2235.340066429485,0.0348213184352657,2026-06-13 02:48:00
5.0,13,0.3977910475824966,0.4475664167886536,0.5524335832113464,0.1112788001496404,54393881237363773,63799917671752,0.06903935927503906,2240.208920226183,0.035273892783008465,2026-06-13 03:03:00
4.857142857142857,13,0.3977853035116253,0.4475605521357796,0.5524394511374955,0.11128171783474188,54396748324091643,63803305436316,0.06903985789480349,2242.997378786414,0.03504937215416772,2026-06-13 03:18:00
4.285714285714286,12,0.3977619278906211,0.44755339192490995,0.5524466113481211,0.11128483544987293,54399338048308424,63806372887394,0.06904023378734198,2247.9067270558103,0.034862434294398774,2026-06-13 03:33:00
4.285714285714286,13,0.39774493208581824,0.44754637004160047,0.5524536365039887,0.11128774020425414,54401804023968731,63809279469171,0.06904070683893956,2250.5444501975703,0.03444307142509464,2026-06-13 03:48:00
4.285714285714286,10,0.3977413508269491,0.44754014435784417,0.5524598589147081,0.11129065458150868,54404182646142983,63812078414449,0.06904115650486985,2253.3995658646177,0.03448221607554746,2026-06-13 04:03:00
3.857142857142857,11,0.39772840909663776,0.4475332808842051,0.552466728932745,0.11129361031716224,54406398177187412,63814683345545,0.06904167954932869,2257.6226602183183,0.034577448914124655,2026-06-13 04:18:00
3.7142857142857144,15,0.3977149338514012,0.4475266252189782,0.552473378053101,0.11129652980708347,54408523463843116,63817175619008,0.06904222716414991,2259.129818273726,0.034778892657719246,2026-06-13 04:33:00
3.5714285714285716,15,0.39770521237884204,0.44752056464038514,0.552479438631457,0.11129931632530733,54410557171785332,63819561008417,0.06904280102291627,2260.7425249782636,0.034717302640402015,2026-06-13 04:48:00
3.857142857142857,15,0.3976970211676551,0.4475165663747962,0.5524834368967857,0.11130200912282671,54412583008298153,63821943544311,0.06904337804970823,2259.3394597012816,0.03487767280430486,2026-06-13 05:03:00
3.7142857142857144,16,0.3976868556317749,0.4475135594688324,0.5524864405311676,0.11130511212312173,54414642176893314,63824352415539,0.0690439500733442,2258.7565583828673,0.035002883424562994,2026-06-13 05:18:00
4.0,17,0.39766227241411367,0.4475070369062613,0.5524929630937386,0.11130784484369971,54416780812779867,63826838606259,0.0690445891187512,2257.300409412569,0.03537301608551642,2026-06-13 05:33:00
4.428571428571429,13,0.3976661124436951,0.44750111390749486,0.5524988860925052,0.111310604343063,54419054840635897,63829470838986,0.06904517585840936,2256.685353208798,0.03580561052007877,2026-06-13 05:48:00
4.428571428571429,11,0.3976637291973825,0.4474955564659841,0.5525044435340158,0.11131349033485807,54421439119159278,63832235546694,0.06904580319186808,2248.9095775213264,0.036764210126895874,2026-06-13 06:03:00
5.0,14,0.39765394063612014,0.4474889857364917,0.5525110175338105,0.11131655793433719,54424001541584859,63835189782719,0.06904655814217056,2241.9146131372427,0.03730640508871359,2026-06-13 06:18:00
5.285714285714286,12,0.3976497971100244,0.44748305723584725,0.5525169460341959,0.1113191556859417,54426812454415412,63838395414930,0.06904726606151702,2232.246726804743,0.038749488623725056,2026-06-13 06:33:00
5.857142857142857,13,0.39764553857472323,0.44747698028954536,0.5525230197104547,0.11132172101127773,54429872014229748,63841888971768,0.06904814368624598,2226.6936982832194,0.03958552377165913,2026-06-13 06:48:00
6.428571428571429,13,0.39765141043360064,0.44747048296896347,0.5525295170310366,0.11132436292880303,54433198133881928,63845679156638,0.06904906208159041,2218.4053264804616,0.040961735861190465,2026-06-13 07:03:00
6.428571428571429,14,0.39763281727872235,0.4474664333865138,0.5525335666134862,0.11132636113791512,54436840402289403,63849834827036,0.06904999003873953,2211.2782945153326,0.041948207748791856,2026-06-13 07:18:00
7.142857142857143,15,0.39764139824332767,0.44746236385638316,0.5525376394125869,0.11132793611681416,54440753477299223,63854297992023,0.06905090123466426,2206.1632040956656,0.04288198154294578,2026-06-13 07:33:00
7.571428571428571,18,0.39764525424640984,0.4474580384849425,0.5525419615150575,0.11132961951642602,54444968886036908,63859107215845,0.06905210419058082,2198.5273039547815,0.04429978791189621,2026-06-13 07:48:00
7.857142857142857,19,0.39764348118782605,0.44745576023693545,0.5525442430314537,0.11133099582661542,54449312304820885,63864083060904,0.06905308102290283,2187.7995040841693,0.04599540137410233,2026-06-13 08:03:00
8.571428571428571,19,0.3976464682324672,0.44745211418220265,0.5525478858177973,0.11133215531765454,54454074606595456,63869527846874,0.06905416263013542,2176.571143736033,0.047883300659094734,2026-06-13 08:18:00
9.428571428571429,22,0.3976412736500218,0.44744968575357497,0.5525503207820266,0.1113330335304016,54459114666517974,63875314880561,0.06905526878367477,2167.1171414285336,0.04970690048203284,2026-06-13 08:33:00
9.714285714285714,23,0.3976370087253203,0.4474458149641377,0.5525541883033801,0.1113332146274395,54464499887012333,63881498986659,0.06905632706825306,2158.480440735868,0.05123555090397545,2026-06-13 08:48:00
10.142857142857142,21,0.3976319483202813,0.44744103995686896,0.552558960043131,0.11133339901283602,54470112593399264,63887982070378,0.06905733730058781,2149.7909937751556,0.05305315655941243,2026-06-13 09:03:00
10.571428571428571,22,0.39761767440000706,0.44743683862130723,0.552563171179479,0.1113334699726134,54475929310621587,63894721067578,0.06905816936052021,2141.902151228663,0.05481107140086991,2026-06-13 09:18:00
11.571428571428571,25,0.39762548863657615,0.44743252950781975,0.5525674770254384,0.11133279452581629,54481956016259273,63901730218973,0.06905931358152392,2132.172252986174,0.05587913817786517,2026-06-13 09:33:00
11.428571428571429,27,0.3976160674658311,0.4474273839152491,0.5525726193510676,0.11133239404723055,54488193068929317,63909017942915,0.06906045046846622,2123.308577437439,0.05749424451714528,2026-06-13 09:48:00
12.285714285714286,26,0.3976312774332496,0.4474234342933873,0.5525765689726156,0.11133213962932055,54494643122177008,63916582515881,0.06906161033757136,2113.9073283050457,0.058788449928585104,2026-06-13 10:03:00
12.428571428571429,27,0.3976308557328297,0.4474182890403618,0.5525817142253197,0.1113311724796044,54501335672325166,63924460100126,0.06906269759886949,2107.943530868457,0.06011556281085398,2026-06-13 10:18:00
13.0,28,0.3976213866415824,0.44741518378818024,0.552584822742508,0.11132983097384386,54508189653310269,63932539661068,0.06906360644128744,2101.801661950544,0.06098940415375903,2026-06-13 10:33:00
13.285714285714286,28,0.3976249327587499,0.4474100584778794,0.5525899513171806,0.11132979087138108,54515207533329096,63940837636880,0.06906432061523242,2098.017590487288,0.06170126336646395,2026-06-13 10:48:00
13.428571428571429,25,0.39761868711995485,0.44740479222388785,0.5525952208348841,0.11132824848984033,54522383286454749,63949344312450,0.06906483004782182,2094.1251537198386,0.062095372519742904,2026-06-13 11:03:00
13.428571428571429,26,0.3976181983308318,0.44739887179281307,0.5526011412646342,0.11132777435920455,54529677600626143,63958007980040,0.06906528668260811,2090.118767048357,0.06223359653413458,2026-06-13 11:18:00
14.0,29,0.39761547644630324,0.4473929953702895,0.5526070046297106,0.11132735850315827,54537118096736502,63966843044365,0.06906582493805259,2088.996211054338,0.06210722123888657,2026-06-13 11:33:00
14.571428571428571,26,0.39761017643875285,0.4473877639666079,0.5526122392970767,0.1113267628694808,54544696778784921,63975857923354,0.06906636763556435,2087.0197251740988,0.06303146413007771,2026-06-13 11:48:00
14.857142857142858,28,0.3977057554778677,0.44738266176139385,0.5526173382386061,0.11132655577494256,54552517891966603,63985146606788,0.0690667514221367,2087.4080727252735,0.06331724057701256,2026-06-13 12:03:00
14.714285714285714,29,0.3976057421949434,0.4473791015402491,0.5526209017227514,0.1113258225082567,54560271445819659,63994364994190,0.06906726371459863,2086.259595066541,0.06328113421923628,2026-06-13 12:18:00
14.714285714285714,33,0.39761805137462486,0.4473816823202178,0.5526183176797822,0.1113255196151798,54568142648043437,64003720649777,0.0690678147925671,2087.4748720530247,0.06198654084630716,2026-06-13 12:33:00
14.428571428571429,30,0.397615684101813,0.4473786287918035,0.5526213712081964,0.11132578420425446,54576008002723130,64013068168809,0.06906872324679983,2087.8943039325254,0.061550782629676414,2026-06-13 12:48:00
15.142857142857142,29,0.39761508349818464,0.44737340631528494,0.5526266002085797,0.11132695431427904,54584112242445605,64022696015543,0.06906965252841665,2087.3675092847557,0.06170317560175452,2026-06-13 13:03:00
15.0,29,0.3976094065160165,0.4473677142308291,0.5526322890307651,0.11132716814845588,54592326453751979,64032462241679,0.06907038956293977,2089.5546557825337,0.061057460023633645,2026-06-13 13:18:00
15.428571428571429,37,0.3976171920002842,0.4473627992397962,0.5526372040214645,0.11132816772085129,54600710311481797,64042404380317,0.06907106241541308,2093.6891725786836,0.06036638201407995,2026-06-13 13:33:00
15.428571428571429,28,0.3976171185221808,0.4473583659695265,0.5526416503351324,0.11132967255204773,54609211501589393,64052481961866,0.06907217247628278,2099.430264339442,0.05942174995723003,2026-06-13 13:48:00
15.428571428571429,33,0.3975983113223924,0.4473536290191723,0.5526463775020182,0.11133135682162808,54617772478222288,64062605808805,0.06907302943613343,2105.0885784624265,0.06008408165419221,2026-06-13 14:03:00
15.428571428571429,31,0.3976058795670499,0.44734837206189,0.5526516311983736,0.11133334445608134,54626453034837165,64072848289506,0.06907383680473685,2107.738483333248,0.05898298418177602,2026-06-13 14:18:00
15.857142857142858,31,0.3976045090406852,0.447345488530675,0.552654514729247,0.1113352364780598,54635270350740898,64083221183099,0.06907471657266555,2094.128186387538,0.05777476014416793,2026-06-13 14:33:00
15.857142857142858,30,0.3976010491804217,0.44733958521342043,0.5526604147865796,0.11133819895592034,54644174692240350,64093662964186,0.06907552613641181,2076.9165570095015,0.056311288409329634,2026-06-13 14:48:00
15.428571428571429,30,0.397618562526649,0.4473337890244958,0.5526662109755042,0.11134011315403758,54653056589958846,64104067135758,0.0690761974528598,2074.252261774909,0.05534153293461593,2026-06-13 15:03:00
15.285714285714286,31,0.39761419856624286,0.4473282226911147,0.5526717805678341,0.11134199784032528,54661859638978609,64114365298091,0.06907706968846603,2076.7514884525413,0.055288733764442495,2026-06-13 15:18:00
15.285714285714286,31,0.3976034292320341,0.4473231428681738,0.5526768571318262,0.11134514240182612,54670601222275278,64124582317845,0.06907793681384033,2095.8832804000967,0.05494784004474599,2026-06-13 15:33:00
15.0,38,0.39760652489648035,0.4473197910771765,0.5526802121811191,0.11134726455768917,54679271010647070,64134728635195,0.06907915141012633,2090.768284511441,0.05445600723830249,2026-06-13 15:48:00
15.0,34,0.3975906472367304,0.4473138614023865,0.5526861418555766,0.1113493726811469,54687898938871032,64144825819070,0.06908046944150616,2090.074131777933,0.05465339568581675,2026-06-13 16:03:00
14.142857142857142,27,0.3975872480757698,0.44730790928277725,0.5526920939748623,0.11135132888369689,54696275788235005,64154637438961,0.06908177139061354,2092.7973367263953,0.054437065466236445,2026-06-13 16:18:00
14.285714285714286,29,0.3975947013112219,0.4473026116272227,0.5526973916300968,0.11135186545874622,54704349006341986,64164085886838,0.0690830076786502,2092.3273160070053,0.05502266366424029,2026-06-13 16:33:00
14.142857142857142,28,0.3975825135301462,0.4472969092305277,0.5527030907694723,0.11135284230754831,54712484486858199,64173599086820,0.06908419425390354,2088.152347396133,0.05645148403236093,2026-06-13 16:48:00
14.285714285714286,29,0.397582213228332,0.4472922463483678,0.5527077536516322,0.11135267270776045,54720607127937340,64183109562395,0.06908531162385366,2086.391701077695,0.05693443566426166,2026-06-13 17:03:00
14.714285714285714,34,0.39758535042388016,0.44728779663823937,0.5527122066181251,0.11135416345751781,54728657853405846,64192535791228,0.06908627571244856,2084.7437256160442,0.05757615727018021,2026-06-13 17:18:00
14.428571428571429,31,0.3975927940752318,0.4472828939763205,0.5527171092797223,0.11135556027971621,54736640653436721,64201891361170,0.06908733314124234,2084.1363117658298,0.05771102767348074,2026-06-13 17:33:00
14.571428571428571,28,0.39759238515361245,0.44727966508909334,0.5527203381666134,0.1113553532840646,54744546854334456,64211167830551,0.06908821189953948,2081.9436245389834,0.057811674638378545,2026-06-13 17:48:00
14.142857142857142,30,0.39758895085095025,0.44727552774299156,0.5527244787677754,0.11135528550208855,54752333537797446,64220326064534,0.06908875450502114,2079.2305332687138,0.05844229971692101,2026-06-13 18:03:00
14.0,28,0.3975789514394779,0.44727119962931844,0.5527288068808115,0.11135499679229148,54760033395033375,64229393022102,0.06908897894168166,2076.9348207828284,0.058919976041163016,2026-06-13 18:18:00
14.285714285714286,28,0.3975789833864794,0.44726604275740417,0.5527339637520772,0.11135534763208152,54767734758418333,64238450941738,0.06908912143562226,2074.0992365810016,0.05883743728735367,2026-06-13 18:33:00
14.142857142857142,29,0.397596905654326,0.44726360565212075,0.5527363943478792,0.11135477776823487,54775383508041117,64247485969674,0.06908926512732655,2072.6537246072307,0.05948369381219179,2026-06-13 18:48:00
14.285714285714286,28,0.3975828841153637,0.447257912572207,0.5527420906818935,0.11135469387798441,54783010380041482,64256516257097,0.06908970971792562,2071.082954211864,0.05958410150352675,2026-06-13 19:03:00
14.0,30,0.39757247258757183,0.4472520749028905,0.5527479250971095,0.11135413076524044,54790631399318155,64265565110280,0.06909005984461115,2071.2789206048255,0.05977962146000063,2026-06-13 19:18:00
14.142857142857142,30,0.39757862877476263,0.4472487546964051,0.5527512485570429,0.11135322617009384,54798182797690708,64274551185618,0.06909029036076189,2071.9872704250447,0.059603125598211806,2026-06-13 19:33:00
13.714285714285714,27,0.39758687429585216,0.44724487815180053,0.5527551218481994,0.11135322250295412,54805558665860933,64283336074227,0.06909034171886523,2076.001478802751,0.05817172517163429,2026-06-13 19:48:00
14.428571428571429,28,0.3975804593379491,0.4472404508878104,0.552759552364956,0.11135271920878996,54812964708859211,64292147734875,0.06909042284310672,2076.8074457929906,0.05978210731459806,2026-06-13 20:03:00
15.571428571428571,29,0.3975761401033451,0.4472345963360239,0.5527654069164013,0.11135263487527863,54820856135691545,64301557614802,0.06909034125795928,2073.035643774303,0.060946537720720124,2026-06-13 20:18:00
16.428571428571427,36,0.3975619396611743,0.44722935878011605,0.552770641219884,0.11135283692552743,54829253549406974,64311545827483,0.06909004716189232,2071.499114581842,0.060512995915692536,2026-06-13 20:33:00
16.428571428571427,34,0.39756770290024657,0.44722522487503275,0.5527747751249673,0.11135423976746128,54838032524837605,64322007203511,0.06909000804187318,2061.494797309088,0.05993421749448234,2026-06-13 20:48:00
16.857142857142858,37,0.3975751305780974,0.4472223949700722,0.5527776050299278,0.11135648209150299,54846942091766988,64332655091421,0.06909033588728294,2055.358346233047,0.059307877427058085,2026-06-13 21:03:00
17.142857142857142,33,0.39757408591114807,0.4472174174633557,0.5527825857876855,0.11135882075070413,54856079179017873,64343566539192,0.06909052599977038,2051.679792593349,0.05821393528651971,2026-06-13 21:18:00
18.0,36,0.3975652014500284,0.44721482643987204,0.5527851735601279,0.11136104900761867,54865425763917233,64354744234261,0.06909056191645756,2047.5858624579619,0.0577451070999481,2026-06-13 21:33:00
17.857142857142858,37,0.39756940887012715,0.44721193121656605,0.552788068783434,0.11136367822606215,54875041956832977,64366212346338,0.0690906221196191,2046.818074813687,0.05723704393868809,2026-06-13 21:48:00
18.857142857142858,41,0.3975630354433261,0.4472082069565783,0.5527917930434217,0.11136722720795533,54884963633786121,64378019578714,0.06909025708039418,2038.4749611396776,0.05665153223718372,2026-06-13 22:03:00
18.714285714285715,40,0.3975651631136266,0.4472041881741982,0.5527958118258017,0.11137095163202197,54895113216820192,64390089567930,0.06909021386259608,2035.3960722489155,0.05619749680599681,2026-06-13 22:18:00
18.428571428571427,41,0.39757376644113296,0.4471990822963251,0.5528009177036749,0.11137479405368238,54905339819824109,64402198022858,0.06909026886599018,2039.4581215432263,0.054628340629102545,2026-06-13 22:33:00
18.571428571428573,42,0.3975698465440478,0.4471945365461013,0.5528054667029113,0.11137888597152018,54915656796552541,64414373338400,0.06909045479923852,2042.277511752549,0.053293745152503826,2026-06-13 22:48:00
19.0,44,0.3975676198380426,0.44719325725884923,0.5528067459898341,0.11138430531896619,54926197937863243,64426748116033,0.06909021948859276,2044.9987934548633,0.05214886445471242,2026-06-13 23:03:00
18.142857142857142,43,0.39756422706648237,0.44718802340685976,0.5528119765931402,0.11138804876143246,54936976568608782,64439205597379,0.0690890093840493,2050.459896049734,0.050279242079595034,2026-06-13 23:18:00
17.857142857142858,43,0.3975558377838861,0.44718222437154315,0.5528177756284569,0.1113940755773492,54947862018441999,64451682693241,0.06908744342001426,2056.9872687938123,0.04886276448458992,2026-06-13 23:33:00
16.714285714285715,43,0.3975603646739999,0.4471762890651988,0.5528237109348012,0.11139859619088298,54958324630778851,64463661748851,0.0690864477059338,2070.024349171738,0.04678471145805898,2026-06-13 23:48:00
16.428571428571427,34,0.39756185979367054,0.4471710681444147,0.552828938350513,0.1114038909073483,54968400918408143,64475209689057,0.0690857968158265,2088.9097539471472,0.046637597672545765,2026-06-14 00:03:00
14.857142857142858,31,0.39754534319389034,0.44716471878705016,0.5528352844601258,0.11140817502377809,54978325611655142,64486325934225,0.06908103907426522,2105.3699441955287,0.044462017915195176,2026-06-14 00:18:00
14.285714285714286,32,0.3975420941838369,0.447157355447407,0.552842651046383,0.11141193916671263,54987425919056565,64496580880694,0.06907929163494068,2120.2441371570544,0.04352666409455173,2026-06-14 00:33:00
12.857142857142858,26,0.3975384170839632,0.4471498419151789,0.5528501580848211,0.11141580153405013,54996115926892297,64506356634859,0.06907844526940768,2138.208889124964,0.04208550455827298,2026-06-14 00:48:00
12.285714285714286,28,0.3975259321957734,0.4471445009822139,0.5528554990177861,0.11141954131212899,55004260545857051,64515462325255,0.06907802682321373,2152.2078237593696,0.041424298133084035,2026-06-14 01:03:00
10.857142857142858,23,0.39751786238319226,0.4471409750734674,0.5528590281725831,0.1114233421117878,55011469403726871,64523636516949,0.06907878023691649,2166.420006785863,0.04119718362822208,2026-06-14 01:18:00
9.857142857142858,24,0.3975184246504188,0.44713291437563224,0.5528670856243678,0.11142761271992829,55017947325660280,64531024050991,0.06908014481875469,2181.3243592203426,0.0404927232661759,2026-06-14 01:33:00
8.857142857142858,21,0.3975067160743657,0.4471255968079747,0.5528744096830901,0.11143156664733128,55023927930411887,64537841990230,0.06908112281132553,2192.5528180890083,0.039821703398645894,2026-06-14 01:48:00
8.428571428571429,22,0.39749956953012816,0.4471186139164158,0.552881389328862,0.11143562976562059,55029405889153906,64544114486482,0.06908231939379779,2203.7031201549207,0.038369146982148696,2026-06-14 02:03:00
7.714285714285714,21,0.39750406766794066,0.4471109349305042,0.5528890650694959,0.11143953266696448,55034323147081011,64549761013409,0.06908347407682361,2215.0391721015076,0.03757272921315015,2026-06-14 02:18:00
6.857142857142857,17,0.3974947295593995,0.4471032299658881,0.5528967700341119,0.11144268161254782,55038731060187595,64554833124522,0.06908463707068134,2226.0005518840044,0.03691545006814186,2026-06-14 02:33:00
6.571428571428571,16,0.3974957806157492,0.44709576304704235,0.552904240197502,0.11144622440790374,55042666045380645,64559389151212,0.06908573186102192,2237.0023663472716,0.03659324012218442,2026-06-14 02:48:00
5.571428571428571,16,0.3974839250834892,0.4470898982367448,0.5529101050075473,0.11144955700000936,55046232537256767,64563515317124,0.06908677105995432,2246.46451800781,0.03672873470544012,2026-06-14 03:03:00
5.0,23,0.39747191940032206,0.44708526530395304,0.5529147379400758,0.11145263383589701,55049343362053218,64567161488864,0.06908781535823534,2255.605808363957,0.037182656636277546,2026-06-14 03:18:00
5.0,16,0.3974611915972153,0.44707827965069835,0.5529217203493016,0.11145595498161405,55052190385476613,64570487949878,0.06908885982239861,2261.004292009396,0.03648395179348482,2026-06-14 03:33:00
4.428571428571429,11,0.39745194932967876,0.4470716499322645,0.552928346824187,0.11145899533135527,55054852469351758,64573587004028,0.06908978925872132,2268.9296032720476,0.03618163586698561,2026-06-14 03:48:00
4.428571428571429,12,0.3974421831313174,0.44706558647889594,0.5529344135211041,0.11146190767607765,55057348176212517,64576502371960,0.06909072347161224,2272.5942067239157,0.03580682229603161,2026-06-14 04:03:00
4.142857142857143,10,0.3974311039111941,0.4470593004143644,0.5529407060717898,0.11146467054993678,55059685041006149,64579216520179,0.06909172038692662,2279.5514926129385,0.035941571259376234,2026-06-14 04:18:00
3.857142857142857,11,0.39743493755137516,0.4470530128184492,0.5529469871815508,0.11146731222338145,55061878779121660,64581755196075,0.06909270148172109,2284.999403957189,0.0366767390719676,2026-06-14 04:33:00
3.7142857142857144,9,0.39741166416077583,0.4470471126534725,0.5529528938317365,0.11147028338453037,55063924228972787,64584118364714,0.0690935331775162,2288.2996901412894,0.03656006023857647,2026-06-14 04:48:00
3.7142857142857144,11,0.39740866114263396,0.44704135486051344,0.5529586451394866,0.11147298642844901,55065912589387345,64586423839213,0.0690942599724589,2288.9747857939915,0.03662141397500277,2026-06-14 05:03:00
3.857142857142857,10,0.3973956810759208,0.4470371332894044,0.5529628667105956,0.11147587567313506,55067865603964749,64588693189419,0.06909503915965735,2289.9918207765527,0.03666853645937321,2026-06-14 05:18:00
3.7142857142857144,13,0.39737661191072005,0.44703099527918244,0.5529690079626876,0.11147875041653141,55069801050294903,64590940367939,0.06909580416281229,2287.970205669466,0.03712016765886992,2026-06-14 05:33:00
3.857142857142857,14,0.3973742733902096,0.4470243919877382,0.5529756112538861,0.11148167248831882,55071834550561221,64593291201912,0.06909662483350729,2286.3054881381186,0.03664322790635883,2026-06-14 05:48:00
4.0,13,0.3973747494005321,0.4470182597321788,0.5529817467505668,0.11148438594447228,55073975672908160,64595754606714,0.06909747043775659,2280.169730923392,0.03712733879209195,2026-06-14 06:03:00
4.428571428571429,13,0.39735753316141886,0.4470113690680435,0.5529886309319565,0.11148737804304797,55076244370663725,64598349370905,0.06909832868683818,2276.5291629656167,0.03786242379968764,2026-06-14 06:18:00
4.571428571428571,15,0.3973676316085959,0.4470053569955712,0.5529946430044288,0.11149026682990638,55078679865344084,64601130143816,0.06909933762934813,2273.9967386282665,0.039177766876721636,2026-06-14 06:33:00
5.0,11,0.3973647276261587,0.44699844308748776,0.5530015633937471,0.11149305515691499,55081363132896254,64604179107341,0.06910032757785997,2269.576827739695,0.0389706009328203,2026-06-14 06:48:00
5.285714285714286,15,0.3973588014573788,0.44699255591766973,0.5530074473226902,0.1114956514745595,55084246192666901,64607456026822,0.06910155228012009,2264.0801216943673,0.03972693018748894,2026-06-14 07:03:00
5.857142857142857,16,0.39736324209058854,0.4469881201396054,0.5530118863405723,0.11149783183950353,55087353988608452,64611004349239,0.069102964289853,2261.415516422605,0.04040870148742439,2026-06-14 07:18:00
6.428571428571429,16,0.39735936691930546,0.44698171370880413,0.5530182927708366,0.11150060211478614,55090753318446301,64614856217619,0.06910433234122791,2255.0537801010055,0.04129275385809444,2026-06-14 07:33:00
6.714285714285714,20,0.39735493587019616,0.44697533758291513,0.5530246656566303,0.1115028863379506,55094444066922557,64619044728055,0.06910604624203351,2251.2288082272025,0.04226741409059014,2026-06-14 07:48:00
7.285714285714286,18,0.3973379624282944,0.44696845885775066,0.5530315443815171,0.11150521048449237,55098421545042022,64623575442702,0.0691078293976436,2242.25944458421,0.043376495026775326,2026-06-14 08:03:00
7.857142857142857,18,0.3973440675002828,0.44696230686919547,0.5530376996087857,0.11150776933222087,55102738748087847,64628503328940,0.06910974135251194,2234.813324791406,0.04459199375230546,2026-06-14 08:18:00
8.428571428571429,18,0.3973467861901112,0.44695644405520646,0.5530435624222089,0.11151003619506271,55107402844871757,64633834591843,0.06911180756353802,2227.4242894809454,0.04562305236025083,2026-06-14 08:33:00
8.857142857142858,18,0.3973376493476796,0.44695013291784585,0.5530498670821541,0.11151244859747447,55112355205252440,64639525796642,0.06911361219727703,2216.2293260718047,0.046919469735127825,2026-06-14 08:48:00
9.428571428571429,19,0.39734868384200084,0.4469456810259251,0.5530543254502779,0.11151480106262698,55117582323939124,64645550388762,0.06911548569951877,2207.6579292157867,0.048345601699260235,2026-06-14 09:03:00
10.142857142857142,21,0.3973334834586828,0.44693911573680783,0.5530608875009912,0.11151685324280887,55123157033460258,64651991895787,0.06911717773928619,2198.3331422512692,0.04945838019479189,2026-06-14 09:18:00
10.571428571428571,21,0.3973467925795115,0.4469330806934647,0.5530669257815144,0.11151976288311932,55129023476382987,64658788860023,0.06911877618150317,2187.632096400121,0.051366871684826135,2026-06-14 09:33:00
11.142857142857142,25,0.3973451121672321,0.4469270191695864,0.5530729840676007,0.11152136560907346,55135135642497035,64665904080726,0.0691206003003866,2178.740509540107,0.05219608220860373,2026-06-14 09:48:00
11.428571428571429,25,0.39732017433785416,0.44692118341884884,0.5530788295286653,0.11152276093892179,55141512212124049,64673351231525,0.06912245641645233,2169.2558116458977,0.0542576914609545,2026-06-14 10:03:00
12.0,24,0.3973337038929932,0.44691528821926646,0.5530847117807335,0.11152524641967305,55148094006272882,64681089485838,0.06912407630817559,2165.3372003059026,0.055055334887065405,2026-06-14 10:18:00
12.285714285714286,24,0.39733283812925235,0.4469085220555803,0.553091487653163,0.11152728636344493,55154876551547236,64689088284876,0.06912562604706636,2158.0031508052884,0.05600995202765114,2026-06-14 10:33:00
13.0,27,0.3973398760536848,0.44690363184620097,0.5530963810975208,0.11152854380979506,55161874989014830,64697357694269,0.06912712748479322,2151.275735914149,0.05702673695038814,2026-06-14 10:48:00
13.285714285714286,27,0.3973399623105889,0.4469014595982957,0.5530985436373073,0.11152993393171286,55169055113555422,64705873082445,0.06912850177491155,2147.4984816367755,0.057441547596268655,2026-06-14 11:03:00
13.571428571428571,33,0.3973386397047264,0.4468967771007119,0.553103222899288,0.11153127367982635,55176420149171683,64714624120208,0.0691300427818605,2142.519536564078,0.05821649188547614,2026-06-14 11:18:00
13.857142857142858,28,0.39734815352177577,0.44689147414820585,0.5531085258517942,0.11153294502218324,55183964519774384,64723585002954,0.06913141927779164,2138.197661675782,0.058139500534677216,2026-06-14 11:33:00
14.285714285714286,40,0.39734838354018664,0.44688532001794257,0.5531146961551625,0.11153504380702899,55191708534897541,64732791920410,0.06913261861347283,2133.6391737002714,0.05858617702692351,2026-06-14 11:48:00
14.428571428571429,30,0.39733050919284235,0.4468800953371561,0.5531199046628439,0.11153711894135566,55199562579305715,64742143496323,0.0691340796017235,2130.6776758678516,0.05861167466761609,2026-06-14 12:03:00
14.571428571428571,31,0.3973219473964379,0.4468751434265729,0.5531248630413672,0.11153885139585655,55207469572421936,64751544889095,0.06913530393942648,2129.919760062656,0.058321014892443464,2026-06-14 12:18:00
14.428571428571429,28,0.3973318062411036,0.4468688963441469,0.553131103655853,0.1115405791850761,55215413742133866,64761009102667,0.0691366278088093,2133.3122689469883,0.057814461054380685,2026-06-14 12:33:00
14.428571428571429,28,0.39732348724191063,0.44686299592693346,0.5531370105396732,0.11154237116530218,55223453336029890,64770566163144,0.06913811606283526,2135.3704886062314,0.057603509992746486,2026-06-14 12:48:00
14.857142857142858,29,0.39732738477609475,0.4468582155897859,0.5531417908761315,0.11154530885968289,55231619825974223,64780266799104,0.06913970427798469,2137.174544479975,0.05755953926404985,2026-06-14 13:03:00
15.142857142857142,29,0.3973284038854429,0.44685273679744186,0.5531472632025581,0.11154838864615699,55239976353347916,64790197040741,0.06914097802990361,2138.2864671292095,0.056967044261430844,2026-06-14 13:18:00
15.285714285714286,32,0.3973284294430441,0.4468472073668312,0.5531527958654611,0.11155092557127971,55248495172793307,64800300886218,0.06914224267473916,2137.914456512958,0.05652396499857628,2026-06-14 13:33:00
15.142857142857142,30,0.39732686084526997,0.446840388296021,0.5531596213998414,0.11155379436514949,55257159553688987,64810547734898,0.06914346099309436,2140.5040679576105,0.05613524572002541,2026-06-14 13:48:00
15.428571428571429,29,0.39731896354649693,0.44683419898649773,0.5531658107083343,0.11155728504983889,55265880137478491,64820856458012,0.06914478076771866,2138.9841620831794,0.05548270291184141,2026-06-14 14:03:00
15.571428571428571,30,0.3973234968260111,0.4468267429416708,0.5531732570583292,0.11156189868719958,55274683694624984,64831236258083,0.06914612128140765,2138.654998652278,0.055110650712069095,2026-06-14 14:18:00
15.571428571428571,31,0.39733209056941704,0.44682050258555417,0.5531794974144458,0.1115661861826302,55283673817065313,64841782770587,0.06914731269834595,2133.4453334935283,0.05346467851660671,2026-06-14 14:33:00
15.571428571428571,31,0.3974083256991181,0.4468134646889982,0.5531865385416205,0.11156945081794736,55292676450437689,64852360766632,0.06914873841678798,2134.7965512438977,0.05289432634779096,2026-06-14 14:48:00
15.285714285714286,31,0.3973359114307975,0.44680849812955303,0.553191501870447,0.11157349273311512,55301662972646211,64862911075080,0.06915005589243772,2134.535530106328,0.05251101529251107,2026-06-14 15:03:00
15.285714285714286,31,0.39733253782743816,0.4468013358727816,0.5531986641272184,0.11157694938226699,55310576483366916,64873365182916,0.06915122345039655,2136.973957328431,0.05218099203171387,2026-06-14 15:18:00
15.285714285714286,29,0.397338186057305,0.44679526916534706,0.5532047308346529,0.11158515998276884,55319451595337646,64883754082702,0.06915260221802119,2138.041122864392,0.05337615740057715,2026-06-14 15:33:00
15.142857142857142,32,0.3973232093029975,0.44678842012826975,0.5532115798717302,0.11158907616309782,55328287191060936,64894082940709,0.06915404413861911,2140.6290643141224,0.05282949227112338,2026-06-14 15:48:00
15.0,32,0.3973181201456571,0.44678132825475375,0.5532186749742187,0.11159286506760359,55337029009059040,64904307481529,0.0691557678939472,2138.37893941907,0.05261054128280692,2026-06-14 16:03:00
14.714285714285714,28,0.39732498236158126,0.4467744339159623,0.5532255660840377,0.11159633861834413,55345594225710323,64914339832806,0.069157513810103,2137.107187804363,0.05240724124569228,2026-06-14 16:18:00
14.857142857142858,30,0.39732560213341056,0.4467680880870067,0.5532319151413189,0.11159967208929043,55353893299829477,64924055181675,0.0691593624301266,2137.5214609179366,0.05327623113719701,2026-06-14 16:33:00
14.857142857142858,30,0.39732542642490226,0.4467612308267726,0.5532387724012262,0.11160274387609664,55362232238425000,64933837703515,0.06916120002563622,2132.3930816045513,0.05432140137986178,2026-06-14 16:48:00
14.857142857142858,31,0.39731580718274784,0.44675673290352874,0.5532432670964713,0.11160904978468089,55370630843161334,64943687353846,0.06916307134564016,2126.0434984941285,0.05572119477071707,2026-06-14 17:03:00
14.857142857142858,34,0.3973084625671009,0.44674954703825914,0.5532504561890674,0.11161054334617795,55378989807987647,64953475937271,0.06916464685994063,2123.1324228949757,0.055322599294252296,2026-06-14 17:18:00
14.857142857142858,29,0.3973143088683771,0.44674266196945833,0.5532573444845299,0.11161282316408433,55387258060142368,64963175271838,0.06916618671354967,2120.9907906320254,0.05590019460824134,2026-06-14 17:33:00
14.714285714285714,29,0.39731061898970277,0.4467350173147975,0.5532649826852025,0.11161434461367342,55395358910296856,64972701526869,0.06916764791707998,2116.6370225117175,0.056198952314404874,2026-06-14 17:48:00
14.571428571428571,28,0.39731684865499706,0.44672733133670867,0.5532726718896173,0.111615198431624,55403348042360942,64982120068133,0.06916886214320675,2114.758281904234,0.05639252802282926,2026-06-14 18:03:00
14.142857142857142,28,0.397315110738115,0.44672075809837114,0.5532792451276233,0.11161647283787138,55411267874189299,64991428100018,0.06916963884166065,2111.9905387474614,0.05679150688719266,2026-06-14 18:18:00
14.571428571428571,28,0.3973196248494282,0.44671489118053537,0.5532851152707866,0.11161687256952965,55419182636302094,65000712531145,0.06917017664959742,2109.5072756049503,0.05704998488125974,2026-06-14 18:33:00
14.714285714285714,31,0.39732480665307296,0.44670826537449687,0.5532917346255032,0.11161797881531564,55427093234222664,65010002673565,0.06917085798463644,2108.618845110503,0.0573358316266504,2026-06-14 18:48:00
14.285714285714286,32,0.3973140916287668,0.44670372693590477,0.5532962762890811,0.11161854764240636,55434917100305100,65019251169254,0.06917186089260527,2107.3139937461347,0.05789030638162001,2026-06-14 19:03:00
14.571428571428571,30,0.39731167004605245,0.44669632929934894,0.5533036739253036,0.11161952358844607,55442664456401759,65028439936660,0.06917255153859433,2106.109632263114,0.05760378688339149,2026-06-14 19:18:00
14.857142857142858,29,0.39732467886506695,0.4466891481429583,0.5533108550813605,0.11162031579686167,55450486771578652,65037717379372,0.06917310203681752,2105.772687768434,0.057454393562740944,2026-06-14 19:33:00
14.142857142857142,27,0.3973079801673781,0.44668359960135356,0.5533164036226368,0.11162105411065039,55458156328719083,65046846985409,0.06917373128127662,2107.2396845655085,0.05662613160776159,2026-06-14 19:48:00
14.857142857142858,28,0.39730278558493276,0.44667700383685716,0.5533229961631428,0.11162372896652827,55465779315793963,65055905937483,0.06917446818401976,2107.286849743859,0.0584127260335552,2026-06-14 20:03:00
15.285714285714286,33,0.3972991468214609,0.44667217304831275,0.5533278269516873,0.11162459956994276,55473655362807941,65065343983198,0.06917559064650897,2101.625999864596,0.059413480819765885,2026-06-14 20:18:00
15.714285714285714,30,0.3973171074257093,0.44666892726950314,0.5533310920684168,0.11162550043734218,55481804365117416,65075135237969,0.06917659861552518,2100.4913809546774,0.059612447499045436,2026-06-14 20:33:00
16.0,34,0.39730636045440165,0.44666490333939973,0.5533350998832514,0.11162667185269279,55490244882849207,65085283806882,0.06917746196607844,2100.425689238119,0.05895069270823543,2026-06-14 20:48:00
16.428571428571427,32,0.3973081910175881,0.44666444769634495,0.5533355555259676,0.11162885614847745,55498964314269707,65095764635857,0.069178064290737,2093.3567178566204,0.057940025474476534,2026-06-14 21:03:00
17.0,33,0.39731904980340105,0.4466600932939919,0.5533399099279863,0.111632277416514,55508090865700335,65106660552861,0.06917838758712193,2084.9099436665792,0.056667780724692356,2026-06-14 21:18:00
17.428571428571427,33,0.39730516244184505,0.4466567177394601,0.55334328226054,0.11163498907808886,55517513265056269,65117859194957,0.0691784517488079,2080.5555131101623,0.05645645043757865,2026-06-14 21:33:00
17.571428571428573,36,0.3973235351624129,0.4466521116075447,0.5533478916137746,0.1116379910894329,55526969076207918,65129081571162,0.06917909875124029,2077.519871058184,0.055372525702393934,2026-06-14 21:48:00
18.142857142857142,35,0.3973206695163775,0.44664832906163604,0.553351674159349,0.11164174749218911,55536740646445665,65140726886686,0.06917992847655897,2071.7051142507644,0.05582668577172309,2026-06-14 22:03:00
18.857142857142858,38,0.39731817126085955,0.4466448201350728,0.553355186306241,0.11164557228697883,55546939441619927,65152844976795,0.06918050034997449,2060.713730316732,0.05464512660014726,2026-06-14 22:18:00
19.428571428571427,39,0.397301753696784,0.44664036857081585,0.5533596410901587,0.11165085366471313,55557666207379721,65165490722445,0.0691805201643827,2050.7529978595744,0.0526490295145527,2026-06-14 22:33:00
18.857142857142858,39,0.3972997442303891,0.44663491057656085,0.553365092643439,0.11165634525210798,55568519851387671,65178214555965,0.06918070416123936,2050.040903753026,0.05137640068678836,2026-06-14 22:48:00
17.571428571428573,35,0.3973083060267935,0.4466311951989854,0.5533688048010146,0.11166248831853313,55579102563138515,65190630637131,0.06918149194314163,2057.38189478044,0.049880389729540404,2026-06-14 23:03:00
16.714285714285715,39,0.3973012521288603,0.44662541831918146,0.5533745849001783,0.1116684164371398,55589013108556524,65202282811495,0.06918302128775683,2074.559721457766,0.04840282683491158,2026-06-14 23:18:00
15.571428571428571,31,0.3972969935935592,0.4466190701792944,0.5533809298207056,0.11167364296522926,55598539865090150,65213449609465,0.06918471163100635,2093.0471883787995,0.0470803951665955,2026-06-14 23:33:00
14.857142857142858,32,0.39730826769039174,0.4466107071200061,0.5533892960987544,0.11167888088585065,55607607807979321,65224052036157,0.06918670479853684,2112.1115480877534,0.04545137141144671,2026-06-14 23:48:00
14.142857142857142,30,0.397288882249876,0.446603713810093,0.5533962894083733,0.11168376865576585,55616261984611171,65234129420063,0.06918876684252746,2129.1088912595806,0.04444232658387461,2026-06-15 00:03:00
12.857142857142858,27,0.3972942908772315,0.4465950678970551,0.553404932102945,0.11168869865070918,55624861654654474,65243811210862,0.06918616484575475,2144.8638074916084,0.04254210133853094,2026-06-15 00:18:00
11.714285714285714,26,0.39727831737647695,0.4465869457755428,0.5534130542244572,0.1116934856763474,55632519963968780,65252567247356,0.0691872326973914,2160.3312106807816,0.041102999122715714,2026-06-15 00:33:00
10.857142857142858,25,0.3972851795924011,0.4465788883924786,0.5534211116075214,0.1116974054549318,55639539778474500,65260617719792,0.0691893563131353,2176.3150272509897,0.04008435029618388,2026-06-15 00:48:00
9.857142857142858,29,0.3972760267764688,0.44657329137908447,0.5534267086209156,0.11170130478074844,55645998906705720,65268049801717,0.06919163153574412,2187.6729277583045,0.03884582554906386,2026-06-15 01:03:00
9.285714285714286,25,0.39728082202139525,0.44656565376091545,0.5534343462390845,0.11170479913362791,55651934239909536,65274879120226,0.06919392775821294,2202.4608091490777,0.037841921817890006,2026-06-15 01:18:00
8.428571428571429,18,0.39727764010004496,0.44655785779750207,0.553442142202498,0.11170846383293037,55657427913381334,65281174387359,0.06919586835036634,2213.860506539821,0.03695839783016671,2026-06-15 01:33:00
7.571428571428571,25,0.39726014272731847,0.4465503156380918,0.5534496843619082,0.1117122047731793,55662518717878167,65286991797718,0.06919766624862181,2223.325064508696,0.036714721811614254,2026-06-15 01:48:00
7.285714285714286,23,0.3972658676299889,0.44654299805665476,0.5534570051597286,0.11171564564556569,55667200489875218,65292355208531,0.06919946186616745,2233.0296799520365,0.03623395193558681,2026-06-15 02:03:00
6.857142857142857,21,0.39725311758168663,0.4465352129530452,0.5534647870469548,0.11171899806410039,55671457247632972,65297259520652,0.06920144318243328,2240.4010182815637,0.03611550303736374,2026-06-15 02:18:00
6.142857142857143,19,0.39724756199812417,0.4465287409784178,0.5534712686692884,0.11172204208188204,55675335088585899,65301731573264,0.06920350658325,2249.475225483371,0.03577178436712707,2026-06-15 02:33:00
6.0,17,0.39338384371511526,0.44652185083847995,0.5534781555928522,0.11013637026720534,53830365283070806,63174158911351,0.06972172123487644,2257.31150942202,0.03612374451532165,2026-06-15 02:48:00
6.428571428571429,24,0.3935514089327305,0.4465191213653105,0.5534808786346895,0.11014085363110564,53834185388979723,63178493117913,0.06972284670054998,2193.317855948358,0.03498241893842735,2026-06-15 03:03:00
7.0,20,0.39359578651252675,0.44651304030564987,0.5534869596943501,0.11014459627812408,53838609421383357,63183351179160,0.06972301341157776,2132.3529175481544,0.033598205376586865,2026-06-15 03:18:00
7.0,24,0.3936300752292464,0.44650622106052823,0.553493782154397,0.11014787235409981,53843216403030495,63188322204478,0.0697229333476555,2078.3081005003132,0.032350150829134165,2026-06-15 03:33:00
6.571428571428571,18,0.3936590383808145,0.4464976122315405,0.5535023909831359,0.11015145363567733,53847682164911415,63193128905839,0.06972274198972112,2305.5831943011653,0.036010400824216256,2026-06-15 03:48:00
7.0,17,0.39368890563252534,0.44649095532826394,0.5535090478861702,0.11015520606450255,53852109919916665,63197982079097,0.06972289720607104,2298.59140689692,0.0361209315398134,2026-06-15 04:03:00
6.428571428571429,18,0.3936796537808883,0.44648438031597876,0.5535156196840213,0.11015867554221573,53856549693222162,63202749775500,0.06972270080888485,2304.2542952430827,0.03596080398987653,2026-06-15 04:18:00
6.571428571428571,20,0.39368429248550746,0.4464790293335874,0.5535209803082808,0.11016164551332135,53860949118714304,63207454660461,0.06972269175497689,2307.4178123886213,0.03587007981860703,2026-06-15 04:33:00
6.142857142857143,20,0.3936792800009707,0.44647267289666764,0.5535273271033323,0.1101648403415593,53865048054755723,63211849429243,0.06972287910325076,2308.3463092933775,0.036117767887709686,2026-06-15 04:48:00
5.571428571428571,19,0.3936656418260265,0.4464688562503114,0.5535311437496886,0.11016795509931483,53868779534101935,63215936772839,0.06972372682198022,2308.788816367615,0.036907563983564956,2026-06-15 05:03:00
5.285714285714286,18,0.3936745518447473,0.4464625851238523,0.5535374245157704,0.11017102558815223,53871942316043587,63219486310550,0.06972572581103674,2305.643110333908,0.03677483103434647,2026-06-15 05:18:00
5.0,18,0.39366309884470635,0.44645891149649336,0.5535410917164576,0.1101736643644584,53875004041682486,63222922517779,0.06972763434764206,2301.619714223487,0.036549372841502524,2026-06-15 05:33:00
4.857142857142857,15,0.39365998081735903,0.4464532944311081,0.553546705568892,0.11017632063480585,53878016107017440,63226303631722,0.06972933654821545,2298.3719045117996,0.036944329727906386,2026-06-15 05:48:00
5.142857142857143,19,0.39366951380260934,0.4464470447869746,0.553552958425484,0.11017913450093396,53880965347735935,63229634175947,0.06973096724180067,2294.8658719253676,0.03763522875066641,2026-06-15 06:03:00
5.0,21,0.3936524285462023,0.44644054688190676,0.5535594595425081,0.11018178955654488,53883875555680505,63232944986093,0.0697327706988149,2289.756484216338,0.03829747148453139,2026-06-15 06:18:00
5.571428571428571,14,0.3936706479211629,0.44643527900826613,0.5535647242036819,0.11018433337325285,53886860287795171,63236341825604,0.06973453118185463,2284.1520659468038,0.03976366978913182,2026-06-15 06:33:00
5.714285714285714,13,0.39367025497304436,0.4464317414721382,0.5535682681629039,0.11018673353540379,53890072802314036,63239992390764,0.06973615010211613,2278.155090746862,0.0400046217431154,2026-06-15 06:48:00
6.285714285714286,14,0.39370136815781404,0.4464254260175252,0.553574580405309,0.11018862684137662,53893488500422521,63243876370556,0.06973766363124692,2270.5381313458247,0.04161794631861006,2026-06-15 07:03:00
6.857142857142857,15,0.39372453931800855,0.446418968129847,0.5535810350813065,0.11019050294655756,53897152796994364,63248057757295,0.06973908090910907,2264.287097033536,0.04234368452907491,2026-06-15 07:18:00
7.142857142857143,19,0.39378411089172255,0.44641360064749036,0.5535864057742924,0.11019240768858664,53900980491311697,63252439377133,0.06974064042519378,2254.794135690572,0.04378742630550057,2026-06-15 07:33:00
7.285714285714286,16,0.3938173070209906,0.44640854693095966,0.5535914562796656,0.11019387882789303,53905034305688365,63257085021962,0.06974219416851601,2243.3324108568386,0.04531399198279083,2026-06-15 07:48:00
8.0,18,0.3938650134783441,0.44640313312284025,0.5535968765082129,0.11019465698692543,53909240650573185,63261930896473,0.06974359672012455,2233.128499378422,0.047170532677579584,2026-06-15 08:03:00
8.571428571428571,20,0.3939211731122969,0.4463983454378891,0.5536016545621109,0.11019531645367722,53913724917521385,63267125412711,0.06974499013151736,2222.0464032178684,0.04869514373289846,2026-06-15 08:18:00
8.857142857142858,17,0.3939683173024238,0.4463942074881545,0.5536057925118455,0.11019485811389065,53918504096045041,63272643168727,0.06974623682939761,2213.1439191449863,0.05007975642448613,2026-06-15 08:33:00
9.285714285714286,19,0.3940291891190992,0.44639178969844656,0.5536082103015535,0.11019450954206299,53923481111472535,63278428286615,0.0697475469929548,2203.6546697456665,0.05194077969278975,2026-06-15 08:48:00
10.0,22,0.3940796526026829,0.44638631116635713,0.5536136984613143,0.11019462907914267,53928717895362058,63284523727709,0.06974880018775159,2196.0741084032934,0.05460725177803824,2026-06-15 09:03:00
10.571428571428571,23,0.39412890529490946,0.4463796866522419,0.5536203133477581,0.11019364145380421,53934127569982001,63290870265599,0.06975024686264233,2187.276269336018,0.05602083966847071,2026-06-15 09:18:00
10.714285714285714,26,0.39417272699687944,0.44637559248770436,0.5536244075122956,0.1101922315061063,53939768282552736,63297498191822,0.06975163822619183,2178.479064665436,0.05779373171426738,2026-06-15 09:33:00
10.857142857142858,22,0.3942299344924817,0.44636987800530314,0.5536301219946969,0.11019107055675217,53945587601351147,63304365613589,0.0697528390000188,2169.503691375,0.05867765033826202,2026-06-15 09:48:00
11.571428571428571,22,0.3942807973135843,0.4463667635470694,0.5536332396609264,0.1101897359722984,53951590432399517,63311470616469,0.06975409111882515,2162.4659547459783,0.05991812981594765,2026-06-15 10:03:00
12.0,24,0.39433800800388674,0.4463635379549368,0.5536364684604228,0.11018852811987238,53957759239596397,63318805564391,0.06975536014527915,2156.383763560826,0.06114142469927543,2026-06-15 10:18:00
12.142857142857142,24,0.3943508283355923,0.4463599452321947,0.5536400547678053,0.11018661925931929,53964105294915392,63326361930381,0.06975667224227076,2149.7172037374407,0.06182963442632601,2026-06-15 10:33:00
12.714285714285714,30,0.39438884526738816,0.44635546859218955,0.5536445346148815,0.11018473475581703,53970605238775325,63334113981384,0.06975818304527981,2146.402127706293,0.0624318405620306,2026-06-15 10:48:00
12.857142857142858,25,0.3944113902663531,0.4463510540827801,0.5536489459172199,0.11018362475560099,53977263889853283,63342080652224,0.06975956220174866,2143.2517294147397,0.06324946474670551,2026-06-15 11:03:00
13.142857142857142,27,0.39452375106536064,0.4463466411516456,0.5536533620547903,0.11018293599190469,53984092907004341,63350280464683,0.06976110051496541,2139.882407702617,0.06356838076804645,2026-06-15 11:18:00
14.0,26,0.39447793267579634,0.4463447871768893,0.5536552224414287,0.11018173517523175,53991018818989390,63358614420518,0.06976256497835615,2139.103343414064,0.06396854980981016,2026-06-15 11:33:00
13.571428571428571,26,0.3945016948555188,0.4463422832325043,0.5536577231790423,0.11018021388245684,53998111618367958,63367139321508,0.06976416432822165,2135.772825626382,0.06363951554268844,2026-06-15 11:48:00
13.857142857142858,30,0.3945352743488049,0.4463379261646905,0.5536620770407636,0.1101786918585453,54005269060132309,63375744227486,0.06976586606983647,2133.3161586017636,0.06399200465226375,2026-06-15 12:03:00
14.0,32,0.39458793578609247,0.44633820148698183,0.5536618017181293,0.11017768735147972,54012488463388352,63384405706136,0.06976747281721231,2131.4196010344626,0.0638833695637892,2026-06-15 12:18:00
13.857142857142858,28,0.3946184291990329,0.44633529495650437,0.5536647114530304,0.11017725206037882,54019800089195845,63393161988688,0.06976913078563944,2132.1673436555366,0.06301653495937809,2026-06-15 12:33:00
14.142857142857142,32,0.394621585562782,0.4463310941726114,0.5536689090318463,0.11017641521446934,54027148684231827,63401939611800,0.06977127374410323,2133.7603646091234,0.06194965568107962,2026-06-15 12:48:00
14.142857142857142,28,0.3946267705611269,0.4463271982510309,0.553672801748969,0.11017573659887088,54034651991831852,63410886895270,0.06977355869513992,2137.62023730616,0.06140442029865775,2026-06-15 13:03:00
14.571428571428571,31,0.3946444468370619,0.4463237289755378,0.5536762710244623,0.11017524789919508,54042267403489539,63419981183733,0.0697760167404472,2138.7776882268927,0.06113817138891695,2026-06-15 13:18:00
14.571428571428571,34,0.3946597175037832,0.4463190230873548,0.5536809769126452,0.11017534493429942,54050061512042270,63429284586038,0.06977845916544118,2140.0274724753954,0.060030419632678536,2026-06-15 13:33:00
14.571428571428571,31,0.3946630463813405,0.44631349666406167,0.553686509742337,0.1101759231303361,54057967057054242,63438709953684,0.06978085062744765,2144.093552950938,0.059159030899721576,2026-06-15 13:48:00
14.571428571428571,29,0.39465202466581983,0.44630778199184185,0.5536922212110403,0.11017664478413867,54065900221451977,63448163474927,0.06978315254388211,2146.1568780827297,0.059200021153357436,2026-06-15 14:03:00
14.285714285714286,32,0.39467340998863,0.4463013968452906,0.5536986031547094,0.11017743535024671,54073790963654929,63457575544575,0.06978547776820299,2147.2418181485746,0.0582849279542718,2026-06-15 14:18:00
14.571428571428571,30,0.39466785759976775,0.4462981790094366,0.5537018209905634,0.1101785646196955,54081712462806480,63467002322211,0.069788015956568,2151.327819870593,0.057986274740810556,2026-06-15 14:33:00
14.428571428571429,32,0.39468110282659336,0.4462920590329756,0.5537079409670244,0.1101795967937719,54089621430515648,63476414449313,0.0697906696277478,2154.0898278838063,0.0576916272020099,2026-06-15 14:48:00
14.285714285714286,31,0.3946699085972646,0.44628629783489987,0.5537137021651002,0.1101806208322226,54097563692982789,63485859546907,0.06979342994832101,2154.51945234544,0.057074126897271885,2026-06-15 15:03:00
14.285714285714286,29,0.3946787387484817,0.44628096538435263,0.5537190346156474,0.11018216693574848,54105483049939039,63495279744403,0.06979647277307492,2158.0190866393523,0.05714344792546686,2026-06-15 15:18:00
14.428571428571429,29,0.3946716592929473,0.446275117105132,0.5537248860958546,0.11018379838837927,54113412856630166,63504681888222,0.06979929265388693,2158.315461782761,0.05710121084398735,2026-06-15 15:33:00
14.142857142857142,30,0.3946764066173715,0.44627019968233267,0.553729809919703,0.1101838152375936,54121308054702438,63514054547122,0.06980192997332257,2155.397709779152,0.05672157024732428,2026-06-15 15:48:00
14.285714285714286,29,0.3946666468084105,0.44626409143620094,0.5537359117641625,0.1101847204261407,54129178990264446,63523382700462,0.06980431028057878,2153.0884812087825,0.057026126001535955,2026-06-15 16:03:00
13.857142857142858,25,0.3946788857046887,0.44625829209337015,0.5537417111066829,0.1101853040832213,54136877719971356,63532535855507,0.06980673928745085,2149.0551814437968,0.05646129806596902,2026-06-15 16:18:00
13.714285714285714,26,0.3946837640118191,0.44625476469742326,0.5537452385022956,0.11018658464544633,54144336932892230,63541392702328,0.0698091639422232,2148.669628871257,0.05773409284434918,2026-06-15 16:33:00
14.571428571428571,28,0.3946789623774923,0.44624905362777084,0.553750949571635,0.11018730375517292,54151817310057621,63550279777963,0.06981162176134807,2144.0196988910893,0.05882137547693502,2026-06-15 16:48:00
14.0,28,0.3946858980715199,0.4462437178677048,0.5537562853313808,0.11018812910835825,54159333256434974,63559199415790,0.06981373402526907,2137.865046166292,0.05931576500583304,2026-06-15 17:03:00
14.0,26,0.39475668943216385,0.4462376321193898,0.553762377476908,0.11018819917505825,54166863329339574,63568134983643,0.06981588100053554,2133.27892081323,0.05938819672896106,2026-06-15 17:18:00
14.285714285714286,30,0.3946895911448943,0.4462340210420661,0.5537659789579339,0.11018774215059848,54174366273064423,63577039336310,0.06981791870993766,2127.0420416247835,0.060177348604938036,2026-06-15 17:33:00
14.0,33,0.3946821379094423,0.44622995440067736,0.5537700455993226,0.11018757370790913,54181824675504559,63585888572721,0.06981958754198504,2122.6584303091795,0.06018732680101566,2026-06-15 17:48:00
14.285714285714286,29,0.39469043774043433,0.44622628615620485,0.5537737170416057,0.11018730494559967,54189196309661603,63594655047220,0.06982115856496186,2118.986749176464,0.06153431782835728,2026-06-15 18:03:00
13.857142857142858,27,0.39469435444281936,0.446223507230755,0.5537765023617244,0.11018729675603832,54196533517338421,63603375099819,0.06982269020995142,2118.6586674968507,0.06083190288913514,2026-06-15 18:18:00
13.857142857142858,26,0.3947044433058959,0.4462202622613591,0.5537797409358094,0.11018774656983603,54204016847786654,63612230230370,0.06982364264824119,2118.6805496106635,0.06033089215152323,2026-06-15 18:33:00
14.142857142857142,30,0.3946922171884184,0.44621585939644715,0.5537841469972589,0.1101877488232316,54211622911099815,63621222340429,0.06982455488237395,2118.0620643852626,0.06017530018890731,2026-06-15 18:48:00
14.428571428571429,39,0.3946964469714182,0.4462115853656763,0.553788417830848,0.11018846564491061,54219291883452011,63630313677615,0.06982537937934197,2117.4290325669876,0.06204435026899346,2026-06-15 19:03:00
14.285714285714286,28,0.3947123501887694,0.4462096202169271,0.5537903829792576,0.1101884293865373,54226743575475587,63639240115435,0.06982660715117851,2118.8682014216406,0.06139113866503737,2026-06-15 19:18:00
14.571428571428571,38,0.3947065358344948,0.44620881929097805,0.553791180709022,0.11018897508609664,54234203549003831,63648208438625,0.06982800599447656,2121.74457603435,0.06028149733612916,2026-06-15 19:33:00
14.0,27,0.39471024488136996,0.4462092668270693,0.5537907331729307,0.11019115922963696,54241557217694319,63657078304785,0.0698295141691551,2125.6343620261673,0.06021838425866738,2026-06-15 19:48:00
15.0,33,0.3947147142668811,0.4462052017044449,0.5537948046859167,0.11019329213271122,54249024596492966,63666060012460,0.0698309186880719,2125.8914828960537,0.06155762660924889,2026-06-15 20:03:00
16.428571428571427,31,0.394764165030517,0.44620676865902087,0.5537932313409791,0.11019494108780484,54257214488340535,63675854341507,0.06983188034073205,2113.2018740392764,0.06492513786983015,2026-06-15 20:18:00
17.857142857142858,32,0.3948854550164463,0.44621054128114923,0.5537894619133439,0.11019753706061954,54266160170960146,63686529588469,0.06983239588894537,2084.953535372146,0.06494192185850053,2026-06-15 20:33:00
18.428571428571427,35,0.3949867877105329,0.44621312491756066,0.553786878276603,0.11020064438054736,54275853097465724,63698065700959,0.06983237598458238,2059.9092453646467,0.06255124619514552,2026-06-15 20:48:00
18.857142857142858,36,0.3951109880682997,0.44621411123070287,0.5537858919631329,0.11020396972055686,54285922818186028,63710133267760,0.06983265311137568,2036.5555133408766,0.061566123045964455,2026-06-15 21:03:00
19.285714285714285,37,0.3951559726411246,0.44621518088147416,0.5537848223120322,0.11021048293468677,54296153633805879,63722345178760,0.0698327464606285,2034.4979303050623,0.06011119799420635,2026-06-15 21:18:00
19.571428571428573,36,0.39517528460353685,0.4462138553406936,0.5537861478524813,0.11021517577935971,54306697489395687,63734864357397,0.06983239020295255,2037.6393529896366,0.057816496074618466,2026-06-15 21:33:00
19.571428571428573,37,0.39518261324568305,0.4462141825902737,0.5537858206025826,0.11021907881094879,54317222015140486,63747291902010,0.06983225776490809,2047.267313800617,0.05765578543718376,2026-06-15 21:48:00
19.285714285714285,39,0.395195484692591,0.4462163544757495,0.5537836487167533,0.11022554043960271,54327984974139023,63759996713876,0.06983220443052514,2051.7930112323215,0.05906213164131868,2026-06-15 22:03:00
19.0,36,0.39521510334621773,0.4462165003365504,0.5537835060477885,0.1102319423924388,54338560890432475,63772578729339,0.069833367409936,2058.7014784897365,0.05612460883935164,2026-06-15 22:18:00
19.0,38,0.39521243577159176,0.4462157533825186,0.5537842498093248,0.11023662512285377,54349158033334931,63785156633340,0.06983460979574853,2071.9107511279867,0.05525272757664271,2026-06-15 22:33:00
18.0,36,0.3952072795255482,0.44621448187169327,0.5537855181283068,0.11024280668835282,54359620375649167,63797524898766,0.06983604443195535,2086.8490326823603,0.052624900193908974,2026-06-15 22:48:00
17.571428571428573,35,0.395224211436348,0.44621205884770393,0.553787941152296,0.11024908989653479,54369875635768060,63809587501219,0.06983748997487044,2103.6796542888515,0.05145386842479969,2026-06-15 23:03:00
16.428571428571427,33,0.39520616138049536,0.44620926438505687,0.5537907356149431,0.11025379853388995,54379856729374545,63821266127534,0.06983913839855724,2122.9288889978116,0.048600556876849006,2026-06-15 23:18:00
15.714285714285714,32,0.3952194992536254,0.4462056853526601,0.5537943146473399,0.1102590703602767,54389463125028437,63832434872685,0.06984074750101221,2141.68763560796,0.048029084221838936,2026-06-15 23:33:00
14.428571428571429,31,0.39521271371050487,0.4462026156361271,0.5537973843638728,0.11026407803318221,54398582632447212,63842992996110,0.06984232181210061,2163.795875417784,0.04640833839555057,2026-06-15 23:48:00
13.857142857142858,30,0.395210260180789,0.4462004818643879,0.5537995213257445,0.11026803930973883,54407179974132223,63852948505886,0.06984409013524094,2184.3547834572105,0.045291479151718925,2026-06-16 00:03:00
12.285714285714286,27,0.395204375543111,0.44619633799975394,0.5538036683800052,0.11027198594939382,54415646775888423,63862439959882,0.06984150596054428,2201.460446706713,0.04360768866470716,2026-06-16 00:18:00
11.285714285714286,23,0.3952021680053067,0.4461923690684071,0.5538076405005039,0.11027645016700537,54423205374775413,63871023654940,0.06984254608676493,2218.4392877310543,0.042054801570602963,2026-06-16 00:33:00
10.428571428571429,24,0.3951948106108592,0.4461877079686394,0.5538122920313606,0.11028001604306811,54430193860379281,63878964597688,0.06984434213062496,2233.3790294647088,0.04101198077096177,2026-06-16 00:48:00
9.714285714285714,24,0.39519639518213406,0.4461831081307987,0.5538168950583839,0.11028391588124331,54436242459611379,63885826241721,0.0698459163940492,2246.971351908996,0.04027557618663633,2026-06-16 01:02:00
8.714285714285714,19,0.39519394165241817,0.446176492316104,0.553823507683896,0.11028772372412758,54442399552293783,63892887809187,0.06984809309810701,2260.605002684667,0.03934039901787807,2026-06-16 01:18:00
7.714285714285714,18,0.39519901164155763,0.446171435309623,0.5538285710677919,0.11029146028207154,54447516459681033,63898773801425,0.06985024142870898,2275.6988408373027,0.03860144854408123,2026-06-16 01:33:00
7.285714285714286,19,0.3951923443023427,0.44616628939843556,0.5538337106015644,0.11029495902281039,54452169471399796,63904138647859,0.06985239365547029,2287.3933270993953,0.037828326474836756,2026-06-16 01:48:00
6.571428571428571,18,0.3951849006509911,0.446163271949788,0.553836728050212,0.11029812374822756,54456414285820093,63909046545661,0.06985442551071978,2297.6226907890327,0.03727663757372369,2026-06-16 02:03:00
6.0,18,0.3951839997455485,0.44615830287928604,0.553841697120714,0.11030117693848018,54460203288454258,63913444934872,0.06985628028429072,2305.782602132675,0.03685316290875009,2026-06-16 02:18:00
5.428571428571429,13,0.39516740327826455,0.44615375895488324,0.553846247420744,0.11030382040822517,54463609454611372,63917409795400,0.06985796544296678,2313.4632878834127,0.03633413592306491,2026-06-16 02:33:00
5.142857142857143,14,0.3951677163588794,0.4461488644368298,0.5538511355631702,0.11030656625041255,54466753837808483,63921062817943,0.06985943228408761,2320.786367557425,0.03594122790235851,2026-06-16 02:48:00
5.0,17,0.39514779740343847,0.4461466803011024,0.553853322886271,0.1103087036211921,54469611950100309,63924403943519,0.06986072983220624,2325.860516255331,0.036121302408139655,2026-06-16 03:03:00
4.285714285714286,13,0.39514505635070896,0.4461435796485205,0.5538564203514794,0.11031089750002208,54472152713499813,63927409490209,0.06986230609932695,2328.536076247205,0.03596591567127121,2026-06-16 03:18:00
4.428571428571429,9,0.3951457911317437,0.4461417435937784,0.5538582595931444,0.11031320724608452,54474503195715847,63930177684356,0.06986338709216419,2336.854763732768,0.03559752188072461,2026-06-16 03:33:00
4.0,11,0.395157758478509,0.4461369607155033,0.5538630392844966,0.11031594110598501,54476731677840229,63932798658396,0.06986447616710766,2339.7560300194104,0.03505614111657823,2026-06-16 03:48:00
3.857142857142857,12,0.395149206266205,0.44613287163073434,0.5538671315557656,0.1103183558371131,54478904585842095,63935368723807,0.0698655444662308,2344.3083624994833,0.03487040799078967,2026-06-16 04:03:00
3.7142857142857144,14,0.39514255809519094,0.4461285883200733,0.5538714148662124,0.11032089837658818,54481005425497620,63937819055272,0.0698666478731677,2347.0731670448363,0.03513306161591944,2026-06-16 04:18:00
3.7142857142857144,8,0.39513324234955094,0.4461253678367697,0.5538746353493056,0.11032309761181171,54483003673216929,63940145885436,0.06986777778290235,2348.7800868227077,0.035137132218874156,2026-06-16 04:33:00
3.5714285714285716,9,0.39513465121231744,0.44612025609777906,0.5538797534597772,0.11032571939542372,54484897826440182,63942360195464,0.06986896503114888,2352.1329733849157,0.03510331428974128,2026-06-16 04:48:00
3.7142857142857144,11,0.3951217765707093,0.44611484778251076,0.5538851522174892,0.11032839101760711,54486758026755336,63944544187050,0.06987000304064747,2351.7634746931835,0.03540172665599171,2026-06-16 05:03:00
3.857142857142857,12,0.3951244920658376,0.446108840158174,0.5538911662126008,0.11033108524287043,54488645011038152,63946748483640,0.06987114186522074,2349.1018659220276,0.035621222554356076,2026-06-16 05:18:00
3.857142857142857,14,0.3950921361427092,0.4461052108082513,0.5538947923768902,0.11033350186364423,54490584097252451,63949006106292,0.06987236403177442,2347.9052342255263,0.03575395812053116,2026-06-16 05:33:00
3.7142857142857144,14,0.39509497623114337,0.4460997212687878,0.5539002819161185,0.11033597175637883,54492613193367532,63951362119053,0.06987367531636511,2343.1555579547694,0.036115140020082565,2026-06-16 05:48:00
4.428571428571429,11,0.3951049756426157,0.44609463394153787,0.5539053660584621,0.1103386579127913,54494777477573195,63953866700772,0.06987493827038696,2339.264074492323,0.03715441768695163,2026-06-16 06:03:00
4.428571428571429,11,0.39507548536552267,0.44608965480163687,0.5539103451983631,0.11034091296705914,54497065996319080,63956512968341,0.06987628334826843,2330.226619906084,0.03805595653283093,2026-06-16 06:18:00
4.857142857142857,12,0.39509858943701404,0.4460859759859415,0.5539140240140585,0.1103439205423966,54499568374145438,63959392985605,0.06987782056516532,2325.6722330360176,0.03929216243648402,2026-06-16 06:33:00
5.0,13,0.39507866728687296,0.4460839627205933,0.5539160340954838,0.11034734197251324,54502294268151382,63962520883762,0.06987961331897263,2320.482457457084,0.04044469608911586,2026-06-16 06:48:00
5.857142857142857,13,0.39508437302134247,0.446081200533135,0.553918799466865,0.1103496403095076,54505285463261223,63965959992067,0.0698816401524869,2310.8460922637237,0.04120296975309611,2026-06-16 07:03:00
6.142857142857143,13,0.3950784308790618,0.4460770177282767,0.55392298545515,0.11035198862849005,54508602453413784,63969772359528,0.06988360022013036,2301.037659430402,0.0428056158615555,2026-06-16 07:18:00
6.571428571428571,18,0.3950781241878473,0.4460723612320829,0.5539276419510826,0.11035439986323647,54512190531945319,63973898761694,0.06988575745353891,2291.4649192975867,0.043032088482601816,2026-06-16 07:33:00
7.142857142857143,17,0.39508295137977534,0.44606662039019074,0.5539333796098093,0.11035609448689239,54516056551409877,63978336238983,0.06988805536294258,2280.397423950329,0.043721244171429634,2026-06-16 07:48:00
7.714285714285714,17,0.39507529368351363,0.44606090915576835,0.5539390940268697,0.11035853767539483,54520227066047271,63983135181882,0.0698903482513041,2268.50011020295,0.045446563086336454,2026-06-16 08:03:00
8.428571428571429,21,0.3950761818101556,0.4460563175839082,0.5539436887808314,0.11036053635757159,54524724520440625,63988321290776,0.0698926846663141,2257.720728666163,0.04794994711967225,2026-06-16 08:18:00
8.857142857142858,18,0.3950653581660443,0.44605323439327227,0.5539467687888223,0.11036224635507214,54529500761794127,63993836863604,0.06989507410984605,2248.512845667056,0.04946979738685855,2026-06-16 08:33:00
9.285714285714286,18,0.3950675241727466,0.4460516041195129,0.553948395880487,0.11036319993608613,54534563981676222,63999711964292,0.0698975044034245,2237.3663499188633,0.05020282665426453,2026-06-16 08:48:00
10.0,19,0.39507753636301957,0.4460479134740568,0.5539520865259432,0.11036466717981705,54539909183420932,64005919717111,0.06990002816686251,2224.314748824213,0.0520887732400361,2026-06-16 09:03:00
10.428571428571429,22,0.39516154739288795,0.4460455688040474,0.5539544343772093,0.11036540651738079,54545509144233844,64012453153087,0.06990266609085909,2211.563001029749,0.05318634590494266,2026-06-16 09:18:00
11.0,26,0.3950599623174894,0.44604160701874745,0.5539583993432025,0.11036611739571464,54551351431840267,64019301151897,0.06990551163945952,2199.7105366183323,0.054178815471045166,2026-06-16 09:33:00
11.285714285714286,22,0.39506778613815896,0.4460364057620177,0.5539635974186649,0.11036662539091356,54557468808311815,64026481204807,0.06990823544118104,2189.024133523127,0.055248963673196996,2026-06-16 09:48:00
11.857142857142858,25,0.3950715015744345,0.4460308223977848,0.5539691776022152,0.11036705497825268,54563772576072021,64033922628024,0.06991081667468892,2181.0056274657513,0.05671695705405217,2026-06-16 10:03:00
12.285714285714286,26,0.3950731724026134,0.44602856551869396,0.5539714376613951,0.11036738491232614,54570262637043192,64041618488359,0.0699134708501451,2171.067553881756,0.058616610817443834,2026-06-16 10:18:00
12.571428571428571,24,0.39506853689269444,0.44602612552003107,0.5539738744799689,0.11036817098782077,54576924915111060,64049528234720,0.06991579974188668,2167.247336263108,0.05946682176592283,2026-06-16 10:33:00
13.0,31,0.3950837820018146,0.44602577921578335,0.5539742207842167,0.1103690016703609,54583770033870974,64057670824561,0.06991800044471401,2163.114687379516,0.05995889120862491,2026-06-16 10:48:00
13.285714285714286,31,0.3950710000065108,0.44602151249354194,0.5539784938647616,0.11036899253615887,54590859356890566,64066118857779,0.06992034744024594,2155.2607847939253,0.059935025024146105,2026-06-16 11:03:00
13.857142857142858,31,0.3950792391382,0.44601707000695606,0.5539829363507399,0.11036944682977107,54598129808061124,64074810763419,0.06992267181775028,2150.0598577443398,0.060326801203235886,2026-06-16 11:18:00
14.142857142857142,27,0.3950731276768113,0.4460126824606009,0.55398732071794,0.11036961294743676,54605587148715414,64083709180648,0.06992511763999439,2146.3391997143494,0.06071363513818757,2026-06-16 11:33:00
14.142857142857142,28,0.39506985630385677,0.44600956941327036,0.5539904305867296,0.11037035004786079,54613198609080423,64092809058054,0.06992746100021036,2144.068382865175,0.060734596914943324,2026-06-16 11:48:00
14.571428571428571,36,0.3950683707682866,0.44600600650378625,0.5539939934962137,0.11037071516411216,54620916109893346,64102032290268,0.06992977736407206,2142.394341326755,0.061154477926533224,2026-06-16 12:03:00
14.857142857142858,36,0.3950757441362349,0.44600620962919374,0.5539937935484167,0.11037095197945207,54628688639635644,64111307141612,0.06993219618791677,2140.2544189347673,0.060957372131655016,2026-06-16 12:18:00
14.571428571428571,29,0.3950756067641284,0.4460033104307189,0.5539966927465768,0.11037149231434047,54636514200819147,64120644493270,0.06993472006700838,2142.2376641187766,0.06043781056905485,2026-06-16 12:33:00
14.428571428571429,27,0.39506832923718466,0.4460022004879365,0.5539977995120635,0.11037229706835766,54644390321511455,64130003784718,0.06993716358260656,2142.9213456779125,0.059752542328477425,2026-06-16 12:48:00
15.142857142857142,31,0.3950810058073834,0.4459990739322252,0.5540009324210615,0.11037421802241376,54652422573049728,64139551099660,0.06994005729586061,2145.1461411424907,0.05996928984962516,2026-06-16 13:03:00
15.142857142857142,28,0.3950806352221659,0.44599451365195764,0.5540054927006953,0.11037607477821135,54660587200594463,64149271145555,0.06994301125357208,2146.570379246961,0.05829751948084123,2026-06-16 13:18:00
15.285714285714286,31,0.39507929983750284,0.4459897784287678,0.5540102279232496,0.11037744395728348,54668975130345416,64159231227023,0.06994574628699504,2144.8238412189485,0.057777395748499764,2026-06-16 13:33:00
15.428571428571429,32,0.39508166711031467,0.44598433065053383,0.5540156693494661,0.11037990845624485,54677488303557660,64169318454677,0.0699487669395817,2145.7577423515345,0.057115618336499065,2026-06-16 13:48:00
15.571428571428571,31,0.3950895260726859,0.4459793047256682,0.5540206952743317,0.11038215643813397,54686152984635907,64179567144457,0.06995159540133704,2142.894554442185,0.05624643650876764,2026-06-16 14:03:00
15.571428571428571,30,0.3950716900617434,0.44597420229036694,0.5540258040597494,0.11038480339994274,54694842260417994,64189849663255,0.06995428720210059,2139.4079100185522,0.05520680031555045,2026-06-16 14:18:00
15.428571428571429,32,0.3950659683537731,0.4459720581986639,0.5540279418013361,0.11038749663966654,54703545389486164,64200125410823,0.06995695056425631,2140.997504255999,0.05428201540453244,2026-06-16 14:33:00
15.428571428571429,32,0.39507784944363433,0.4459674150132508,0.5540325881611491,0.11039050049602249,54712281327077724,64210424734333,0.06995967878594446,2144.757291835694,0.05444705306636062,2026-06-16 14:48:00
15.285714285714286,32,0.39507884299538126,0.44595958508597566,0.5540404149140243,0.110394099149657,54721027048355430,64220719356067,0.06996222542205982,2150.024068679276,0.054486108537402114,2026-06-16 15:03:00
15.0,34,0.39509720293714856,0.4459520607574991,0.5540479487637893,0.11039755911115798,54729729165039063,64230955653089,0.06996495671072704,2155.5217096657493,0.05358054787745409,2026-06-16 15:18:00
15.428571428571429,32,0.39507318518141404,0.4459449322007868,0.5540550709726614,0.11039978407606854,54738423461852515,64241167359893,0.06996793769669578,2154.5460627546786,0.053446309509884195,2026-06-16 15:33:00
15.0,35,0.39506632935489017,0.44593741891146954,0.554062587434805,0.11040228398244353,54747085762547356,64251338604628,0.06997140711028194,2153.065505710277,0.05368220194844348,2026-06-16 15:48:00
14.857142857142858,36,0.39507299349940495,0.44593116545100997,0.554068837721819,0.11040524570807028,54755648501814217,64261396515302,0.06997448957985608,2150.4505177213005,0.05379558988464977,2026-06-16 16:03:00
14.428571428571429,32,0.3950634509300542,0.44592572836476785,0.5540742811527976,0.11040743035255292,54764046427811556,64271282460837,0.06997734297246243,2149.551921989845,0.053364289443519196,2026-06-16 16:18:00
14.571428571428571,29,0.39506575430886304,0.445921121445122,0.5540788817270862,0.1104090873012258,54772150130470990,64280813222770,0.0699802720989309,2150.0615589614663,0.054113995526444254,2026-06-16 16:33:00
14.714285714285714,28,0.39505620535011193,0.4459170687494536,0.5540829344224281,0.11041082506429997,54780287199314218,64290386273520,0.06998292633603521,2145.431319729724,0.05557624007748939,2026-06-16 16:48:00
14.571428571428571,31,0.39506891067261213,0.4459109733877608,0.5540890266122391,0.11041232348102911,54788434116448803,64299974895598,0.06998549928326762,2140.1076834292517,0.05617337375125581,2026-06-16 17:03:00
14.285714285714286,30,0.39504426356094785,0.4459036964560354,0.5540963067152144,0.11041408944828765,54796472222119042,64309463858373,0.06998782732352063,2137.1593117827915,0.05656649351477103,2026-06-16 17:18:00
14.428571428571429,29,0.3950629685303314,0.4458975022447187,0.5541024977552813,0.11041654144382441,54804444648037697,64318893014975,0.069990249863596,2132.7958545941315,0.05737161094673059,2026-06-16 17:33:00
14.571428571428571,50,0.3950713514235274,0.44589195626088973,0.5541080469097267,0.1104180067118257,54812323677686220,64328217044924,0.06999274035929903,2131.0357460773075,0.05750273664387815,2026-06-16 17:48:00
14.571428571428571,33,0.39506597793787357,0.44588528843539416,0.5541147147349076,0.11041861722472796,54820087296476153,64337435527812,0.06999528646635739,2130.6813667735123,0.05786638288901627,2026-06-16 18:03:00
14.142857142857142,30,0.3950649875808268,0.4458791771533202,0.5541208196766949,0.11042065688642473,54827740492138711,64346524994288,0.06999760763753483,2128.3156009807826,0.05803548240019853,2026-06-16 18:18:00
14.285714285714286,31,0.395067744607057,0.44587373471680386,0.5541262652831961,0.11042128391880213,54835323424871948,64355538698468,0.06999964099550361,2127.970397083926,0.058528051872384246,2026-06-16 18:33:00
14.142857142857142,31,0.39504911311577695,0.4458711541431092,0.5541288490262346,0.11042224105465011,54842892670192371,64364577615024,0.07000167378752897,2128.3026179393596,0.058218723679200654,2026-06-16 18:48:00
14.714285714285714,32,0.395033363244033,0.4458719905329863,0.5541280158050604,0.11042274318336454,54850531338730440,64373712475430,0.0700036512226476,2127.239560688698,0.05810589228645613,2026-06-16 19:03:00
14.714285714285714,36,0.3950400433620485,0.4458705036540224,0.5541294963459776,0.11042333679901434,54858191554630502,64382905582322,0.07000558730304583,2125.1646540695697,0.05811255132066128,2026-06-16 19:18:00
14.571428571428571,34,0.39503790610764755,0.4458670956544566,0.5541329138507423,0.11042369761961225,54865858067063921,64392107594690,0.0700074324973755,2124.553662747795,0.05764546256368641,2026-06-16 19:33:00
14.428571428571429,32,0.395029976861873,0.4458641501173059,0.5541358593869175,0.11042480595291704,54873331793717695,64401106835399,0.07000928409661651,2123.139290664177,0.0566365596594873,2026-06-16 19:48:00
15.0,33,0.39502136714496633,0.44586115704212437,0.5541388429578756,0.11042492709110632,54880845728269621,64410115105336,0.07001114763732848,2125.2786611310394,0.057309773224358235,2026-06-16 20:03:00
16.142857142857142,35,0.395018629286937,0.4458573435653291,0.5541426564346709,0.11042544100529432,54889076760945666,64419911907949,0.07001232885181068,2115.6879063802594,0.058346667888006916,2026-06-16 20:18:00
17.571428571428573,50,0.3950382990557661,0.44585386851453007,0.5541461346525813,0.11042662022348303,54898107331180459,64430607125709,0.07001336579280854,2096.8558137759537,0.058344947611939244,2026-06-16 20:33:00
18.285714285714285,39,0.39502336383256065,0.44585091287359707,0.5541490902932006,0.11042864063889823,54907605704828929,64441862840428,0.07001397561743784,2071.25763244595,0.05799633742712656,2026-06-16 20:48:00
19.142857142857142,36,0.3950521033551182,0.44584893808574216,0.5541510619142579,0.11043041050877608,54917606509326009,64453756126324,0.07001445259578812,2041.0821127825393,0.057697039398203566,2026-06-16 21:03:00
18.857142857142858,37,0.3950536623687918,0.44584632301851385,0.5541536769814862,0.11043223630665179,54927730755232626,64465822990576,0.07001470045372443,2034.769144577363,0.05577625036157523,2026-06-16 21:18:00
19.857142857142858,41,0.39504876808816064,0.4458417557970814,0.5541582473687872,0.11043457726561338,54938239866659132,64478242389390,0.07001466984659706,2029.951037403437,0.053640632679443426,2026-06-16 21:33:00
20.142857142857142,62,0.39507376981154163,0.4458366951298517,0.5541633048701483,0.11043837250810316,54949003115271589,64490925240005,0.07001469446706064,2031.1960377824669,0.05364232131250266,2026-06-16 21:48:00
20.142857142857142,54,0.3950883887594322,0.44583379124714334,0.55416621508328,0.11044266651966865,54959977808355861,64503821010246,0.07001480282311692,2032.562346943807,0.0531946671805849,2026-06-16 22:03:00
19.571428571428573,38,0.3950999535739785,0.4458294367011573,0.5541705632988427,0.11044733381911248,54970809960080751,64516652563961,0.07001599156741288,2034.600211801236,0.05323162469623183,2026-06-16 22:18:00
19.857142857142858,39,0.3951261181682144,0.4458262157487618,0.5541737874158222,0.11045190115704315,54981774231844312,64529660614335,0.0700175427276972,2037.728112487567,0.052166573886185286,2026-06-16 22:33:00
19.285714285714285,47,0.39513033836711375,0.44582105916048603,0.5541789471680723,0.11045723904320755,54992685535084059,64542587962818,0.07001910855177439,2048.2470511045294,0.05040818989088103,2026-06-16 22:48:00
18.857142857142858,34,0.39511675769677224,0.44581530695246807,0.5541846930475319,0.11046308534309698,55003487092493691,64555328390768,0.07002076758446839,2059.082333865489,0.04895092205234292,2026-06-16 23:03:00
17.714285714285715,37,0.39512201297852045,0.4458098474330991,0.5541901557305976,0.11046954281886698,55014106950024951,64567781293380,0.07002226751015134,2077.1898846017166,0.04746649332961897,2026-06-16 23:18:00
17.142857142857142,35,0.39512147946359527,0.4458041453941504,0.5541958577692666,0.11047560509380974,55024416565237595,64579798634767,0.07002391429028827,2093.772274163071,0.04604228167259862,2026-06-16 23:33:00
16.0,33,0.39511600694223675,0.4458003480431207,0.5541996582831418,0.11048105727066115,55034272633531710,64591252971599,0.07002568668535969,2112.3254396708817,0.0444773333638685,2026-06-16 23:48:00
15.0,38,0.39511793015172764,0.4457942465529477,0.5542057597727721,0.1104854385170008,55043544357366801,64601994263009,0.07002802153654886,2133.1321812663305,0.04324173665908014,2026-06-17 00:03:00
13.571428571428571,34,0.3950994040855525,0.44578813957447877,0.5542118730759232,0.11048967486881761,55052711433535397,64612244046193,0.07002566174513773,2150.3982980966166,0.04211723784331776,2026-06-17 00:18:00
12.428571428571429,30,0.39509810703729126,0.44578193659178567,0.5542180665705604,0.11049378787580937,55060907754148093,64621554861472,0.0700274466782293,2169.6273972042445,0.04091097454526217,2026-06-17 00:33:00
11.285714285714286,26,0.3950896826129933,0.4457755062942353,0.5542244937057647,0.11049737603840647,55068453889894608,64630162933798,0.07002974865907594,2186.8057985928617,0.03972060466596127,2026-06-17 00:48:00
10.571428571428571,25,0.39509826038289847,0.4457685532108475,0.5542314467891525,0.11050123417680363,55075342294924795,64638031307831,0.07003218070126431,2202.29379315048,0.038506885598746744,2026-06-17 01:03:00
9.285714285714286,31,0.39508659653264755,0.44576107365590456,0.5542389263440954,0.11050485642822884,55081539287518470,64645171406169,0.07003523629934953,2216.977752442292,0.03750903750903751,2026-06-17 01:18:00
8.571428571428571,22,0.395092238373114,0.4457537714421213,0.5542462285578786,0.11050831536988281,55087099087106663,64651585619521,0.07003823201129322,2228.9902754659547,0.036642655337419984,2026-06-17 01:33:00
8.0,18,0.39509128635246904,0.4457489092133243,0.5542510907866757,0.11051139400221534,55092161848771596,64657422853265,0.07004089746758776,2238.690027857755,0.03584089356914303,2026-06-17 01:48:00
8.0,21,0.3950771817513028,0.44574184566419833,0.5542581638185606,0.11051502162055434,55096957351959909,64662927786497,0.0700430145975356,2255.9244776742507,0.03574532993757012,2026-06-17 02:03:00
7.142857142857143,18,0.3950778973641366,0.4457349652805288,0.5542650410408575,0.11051807556613218,55101612583739770,64668187808866,0.07004445570024131,2261.545106892283,0.03540736278672258,2026-06-17 02:18:00
6.857142857142857,17,0.3950455254675075,0.4457281846308816,0.5542718153691184,0.11052132291430032,55106051949312098,64673151302340,0.07004564152200347,2270.7259363772964,0.03494350061327279,2026-06-17 02:33:00
6.142857142857143,14,0.39503477530149966,0.44572153394434233,0.5542784692159028,0.11052496844525417,55110028576505559,64677611587444,0.07004656056221013,2281.9073355368705,0.03469121808662395,2026-06-17 02:48:00
5.571428571428571,14,0.3950658437604672,0.44571677492119177,0.5542832250788082,0.11052782850602515,55113611283210892,64681686165740,0.07004774646057134,2286.8326356710786,0.03507675210113218,2026-06-17 03:03:00
5.285714285714286,15,0.3950382415511634,0.44571172045282775,0.5542882827069616,0.11053055295597783,55116880028392798,64685428664190,0.07004869311368488,2288.943514607309,0.034943079984673005,2026-06-17 03:18:00
5.0,14,0.3950437715771246,0.445705241691583,0.5542947646275551,0.11053338440256817,55119890768118710,64688858584254,0.07004947126987952,2290.825548106569,0.034343459357892306,2026-06-17 03:33:00
5.0,12,0.3950636969219658,0.44570109719963996,0.55429890280036,0.11053593013565373,55122785296962049,64692149457019,0.07005029516309134,2295.441048018081,0.034211370920102145,2026-06-17 03:48:00
4.571428571428571,11,0.3950590262703452,0.4456947708224274,0.5543052323366892,0.11053888008466028,55125567052193592,64695317892307,0.07005123284850423,2300.319414450928,0.0342994260635231,2026-06-17 04:03:00
4.428571428571429,15,0.3950699904812631,0.4456887237509311,0.554311276249069,0.1105413764696924,55128002695762029,64698129784780,0.07005262597720717,2305.5973645533277,0.034418946620724894,2026-06-17 04:18:00
4.285714285714286,16,0.395074201096062,0.4456844038768285,0.55431560244049,0.11054418575886062,55130280276815046,64700767887547,0.07005412323542738,2312.086660474227,0.0343031920289007,2026-06-17 04:33:00
3.857142857142857,13,0.3950675433409475,0.4456802424316726,0.5543197607267533,0.11054745362942456,55132432122100732,64703270987439,0.070055467805097,2312.733720086794,0.03497655220646547,2026-06-17 04:48:00
4.142857142857143,13,0.3950399187687426,0.4456744775428577,0.554325528773545,0.11054994349178131,55134547788285878,64705746984201,0.07005682909771258,2312.1024145075626,0.03500942891502746,2026-06-17 05:03:00
4.285714285714286,9,0.39504993734841587,0.4456693747937091,0.5543306252062908,0.11055250340403468,55136709312112852,64708264277077,0.07005827636225047,2309.2548743696752,0.03528014846926135,2026-06-17 05:18:00
4.428571428571429,12,0.39501917877536297,0.44566340171498736,0.5543366046004989,0.11055544540129263,55138949458975888,64710861188854,0.07005968527689577,2306.730059746919,0.03542289889088458,2026-06-17 05:33:00
4.571428571428571,13,0.39502118824175786,0.44565753135096486,0.554342471806546,0.11055821419701502,55141270593835830,64713544996834,0.07006114463001237,2303.4525475971527,0.03574202970604686,2026-06-17 05:48:00
5.0,14,0.3950480748382279,0.44565174061193885,0.554348262545332,0.11056070489019779,55143734748114393,64716397969760,0.07006287591660619,2296.315512469435,0.03681847735224001,2026-06-17 06:03:00
5.0,11,0.3950403117168612,0.445645844930871,0.5543541582261564,0.11056334783185927,55146344682848381,64719407258922,0.07006457606139284,2290.926830488579,0.037593183580535636,2026-06-17 06:18:00
5.857142857142857,16,0.39503785499244515,0.44564068384743105,0.554359316152569,0.11056557692321378,55149217658728744,64722699275556,0.07006639567651195,2282.6051891762563,0.03850373527624118,2026-06-17 06:33:00
6.0,13,0.3950206004169301,0.4456368005763952,0.5543632088931564,0.1105677056063368,55152368572851786,64726309071281,0.07006832942701026,2275.3029706844973,0.0395554779026355,2026-06-17 06:48:00
6.571428571428571,14,0.39503132502533667,0.445631064345252,0.5543689388110111,0.11057050358273489,55155798584102967,64730228275192,0.07007047390917835,2265.1841533804977,0.04064033584986827,2026-06-17 07:03:00
7.142857142857143,16,0.3950274402699532,0.44562545796685793,0.5543745420331421,0.11057214473698299,55159527826976446,64734504426541,0.07007256705529369,2256.1164871903875,0.04206907143910743,2026-06-17 07:18:00
7.428571428571429,20,0.3950441485517424,0.44562003563894725,0.5543799675168074,0.1105736403702678,55163476393813323,64739036805879,0.07007477920816131,2246.145150802404,0.04344251622300078,2026-06-17 07:33:00
8.0,16,0.3950308617938148,0.4456145711340647,0.5543854320214285,0.11057463789302771,55167678825969121,64743851020000,0.0700768816649393,2236.35224676657,0.04502066960158419,2026-06-17 07:48:00
8.714285714285714,18,0.39502606335418816,0.4456107424924537,0.5543892606627836,0.1105753555441476,55172110911733667,64748962648156,0.07007929462003862,2229.8052125707277,0.04740328269085639,2026-06-17 08:03:00
9.0,19,0.3950265553380114,0.44560680582952983,0.5543932004804139,0.11057554901204433,55176779271023354,64754373913019,0.07008154727470245,2220.8915072215423,0.049125738533085384,2026-06-17 08:18:00
9.428571428571429,25,0.39504618357573856,0.44560430336228557,0.5543956997924168,0.1105754296541153,55181688102132818,64760074181101,0.07008371088806616,2213.775011724449,0.05071547063527109,2026-06-17 08:33:00
9.857142857142858,21,0.3950310119447219,0.44560250412246005,0.5543974990319568,0.11057495455553186,55186840472618330,64766081819143,0.07008582389077529,2205.514207803612,0.0527431302838254,2026-06-17 08:48:00
10.857142857142858,20,0.3950357241274445,0.44559902625797054,0.5544009800503158,0.11057382048538507,55192151391408454,64772321965838,0.07008799789628271,2195.624041237387,0.05540071542059808,2026-06-17 09:03:00
10.857142857142858,24,0.39504143944601444,0.4455946652459818,0.554405337907881,0.11057212297809955,55197699210964510,64778868636647,0.07009026213047201,2186.0929838721513,0.05678487582588819,2026-06-17 09:18:00
11.571428571428571,27,0.39504466609316685,0.44558996843527715,0.5544100315647229,0.11057063113156408,55203465283187214,64785696360309,0.0700925736642702,2178.059597352918,0.05834610438795822,2026-06-17 09:33:00
11.857142857142858,25,0.3950345644512897,0.44558573545834657,0.5544142708482339,0.11056940924855917,55209441460451051,64792795504367,0.0700950500618683,2171.503149961486,0.05972200494466855,2026-06-17 09:48:00
12.285714285714286,25,0.39502734762364883,0.44558126203409754,0.5544187411189032,0.11056770709160196,55215646053107868,64800187611103,0.07009732999479325,2165.0319756649883,0.06079489566884893,2026-06-17 10:03:00
13.0,31,0.39503392551125954,0.44557767897850814,0.5544223241742017,0.11056711902738232,55222045354369484,64807841743748,0.07009975050950164,2159.053792356029,0.06186475940512528,2026-06-17 10:18:00
12.857142857142858,28,0.3950268268875242,0.4455757890362418,0.5544242109637583,0.11056481307909634,55228647959597044,64815747795192,0.07010240848303616,2154.1670500792484,0.06267469704665844,2026-06-17 10:33:00
13.428571428571429,35,0.3950447811023723,0.4455713700128475,0.5544286299871525,0.11056289487892819,55235407310897255,64823851572664,0.07010557532806962,2150.6036834673973,0.06328580001217564,2026-06-17 10:48:00
13.714285714285714,27,0.39504938466528977,0.44556744572766366,0.554432563727697,0.11056152781414677,55242322502947924,64832154471238,0.07010848790552626,2144.455015329634,0.06436205025810991,2026-06-17 11:03:00
14.285714285714286,30,0.3950386920038847,0.44556371692248115,0.5544362830775188,0.1105595208903307,55249379928113006,64840644660325,0.07011133841574323,2143.269957721155,0.06387934270944638,2026-06-17 11:18:00
14.142857142857142,27,0.39502116907355694,0.4455610767964447,0.5544389232035554,0.11055726779363564,55256585321431274,64849311933826,0.07011416204393556,2142.6846729596587,0.0640963264009702,2026-06-17 11:33:00
14.285714285714286,28,0.3950260090442856,0.4455641045055879,0.5544359017960998,0.11055496767023161,55263969016269088,64858188466199,0.07011674933824302,2139.1835593559595,0.06413010877966063,2026-06-17 11:48:00
14.714285714285714,27,0.3950097671887184,0.4455608069658328,0.5544391961847067,0.11055296193009086,55271436101471764,64867170711589,0.07011935643850098,2140.0151766107388,0.06438656736643918,2026-06-17 12:03:00
14.857142857142858,32,0.39503267638350054,0.4455564624243426,0.5544435375756573,0.11055167975495386,55278863687474938,64876117432609,0.07012193560836293,2138.208072953262,0.06423837242810213,2026-06-17 12:18:00
14.571428571428571,37,0.3950264339394057,0.445554550010784,0.554445453139112,0.1105501807550597,55286387106455446,64885171190795,0.07012460464525208,2139.4716914135606,0.06406103824404054,2026-06-17 12:33:00
14.571428571428571,29,0.39503427373357597,0.4455522838624138,0.5544477224367672,0.11054883657869954,55293928386803171,64894222497284,0.07012726664934564,2142.3438400045966,0.06268455097287047,2026-06-17 12:48:00
15.0,32,0.3950236833025757,0.4455491843922438,0.5544508156077562,0.11054869779998629,55301565570383472,64903386060914,0.07013022883931028,2143.5002213196976,0.06247770252606006,2026-06-17 13:03:00
15.142857142857142,33,0.3950293858423451,0.44554632576784703,0.554453674232153,0.11054846564572728,55309404655245783,64912781276072,0.07013319259064235,2145.947221299082,0.0621247817931218,2026-06-17 13:18:00
15.142857142857142,33,0.39502509855474255,0.4455435970132815,0.5544564061353789,0.11054980283293497,55317376839450714,64922311182523,0.07013654292655214,2149.5539661748667,0.06038949566567323,2026-06-17 13:33:00
15.0,36,0.39502987782616833,0.44553994623662585,0.5544600569117247,0.11055052564396621,55325421629587921,64931928704119,0.0701401302492204,2153.271378343309,0.060182660850599784,2026-06-17 13:48:00
15.142857142857142,33,0.39502704093243435,0.4455360627232862,0.5544639498688787,0.11055099175070728,55333487784625833,64941569976366,0.07014389512818647,2154.8750585841167,0.05967006527297687,2026-06-17 14:03:00
15.0,34,0.39501818841831615,0.445531671988717,0.5544683374544443,0.1105520940598804,55341500078515515,64951162314633,0.07014755439909243,2158.4067055688797,0.059048181175875396,2026-06-17 14:18:00
14.714285714285714,34,0.3950260665488883,0.44553185070286205,0.554468149297138,0.1105529652435938,55349528770205997,64960751057274,0.07015133788375003,2162.2566679176334,0.058363175823216,2026-06-17 14:33:00
15.0,32,0.39502772779296674,0.4455282736387756,0.5544717263612244,0.11055351430687943,55357590796071400,64970363043057,0.07015551416636404,2163.5257047672135,0.057413736564037164,2026-06-17 14:48:00
14.857142857142858,34,0.3950175430888857,0.4455275043078213,0.5544724956921787,0.11055396053000412,55365644291174478,64979956397346,0.07015973232595465,2166.5505733944956,0.058231001594231016,2026-06-17 15:03:00
14.714285714285714,32,0.39501380209500897,0.4455244079417573,0.5544755952046849,0.11055448010937499,55373684656603362,64989526658740,0.07016349956333727,2167.845379451075,0.05775040058840526,2026-06-17 15:18:00
14.428571428571429,34,0.3950057865923303,0.44551992714460664,0.5544800791476605,0.11055537510996598,55381693061652534,64999054846242,0.07016726331391707,2170.0019268775063,0.05717327211954212,2026-06-17 15:33:00
14.714285714285714,35,0.39500057923108434,0.44551526177663425,0.5544847382233657,0.11055696096184701,55389699678042755,65008553889328,0.07017092912847987,2168.2338535565855,0.057282270447632226,2026-06-17 15:48:00
14.571428571428571,31,0.395002646202082,0.4455101997812587,0.5544898002187413,0.11055775573748851,55397608307316409,65017941858219,0.07017455401844953,2167.9392763872947,0.05798990134843267,2026-06-17 16:03:00
14.0,26,0.3950007102137906,0.44550609687238374,0.5544939031276163,0.11055877159063694,55405281167183146,65027083246740,0.07017792973723422,2170.2132844771704,0.05739266357939024,2026-06-17 16:18:00
14.142857142857142,27,0.3950057354771279,0.44550184067651366,0.5544981593234863,0.11055879526337671,55412679229158491,65035884511907,0.07018121663170972,2169.1633659986405,0.05832476238410982,2026-06-17 16:33:00
14.0,28,0.39501938004147247,0.4454981032754268,0.5545018998691851,0.1105586180376997,55420115938265673,65044730731690,0.07018438280776612,2164.106725994712,0.05905005857996347,2026-06-17 16:48:00
14.142857142857142,28,0.3950207058420351,0.44549386680323527,0.5545061394853815,0.11055826861213083,55427549404326599,65053573879936,0.07018755048022417,2160.5812953439086,0.05981275274963999,2026-06-17 17:03:00
14.0,27,0.39501861331343624,0.4454944359193824,0.5545055672245922,0.11055778914079971,55434960395076525,65062400897101,0.07019060223609859,2158.3134994147654,0.060244126335451106,2026-06-17 17:18:00
14.142857142857142,27,0.39500349599232215,0.44548940723563224,0.5545105990516966,0.1105577635943513,55442322075615081,65071199305761,0.07019350812099778,2153.8233082923593,0.06078389364338572,2026-06-17 17:33:00
14.142857142857142,26,0.39501462952234806,0.4454845668801793,0.5545154425498721,0.11055792889250456,55449624869376412,65079938490153,0.07019610378157043,2151.0877772625954,0.06069275540076137,2026-06-17 17:48:00
14.571428571428571,33,0.39500546712231527,0.4454790361236677,0.554520967019367,0.11055747611649663,55457000717394499,65088751178076,0.07019843273181481,2146.8036846665736,0.0606525867393174,2026-06-17 18:03:00
14.285714285714286,39,0.39500975121521764,0.44547434039882133,0.5545256658866212,0.11055723399775386,55464514159301431,65097668897459,0.07020041379511485,2143.8561454157257,0.060007148168858195,2026-06-17 18:18:00
14.571428571428571,30,0.39501353374019627,0.44547028492261814,0.5545297182197962,0.11055717542878185,55472210165641727,65106755246264,0.07020208526858317,2138.6147997867447,0.06016115982185329,2026-06-17 18:33:00
14.571428571428571,34,0.39499629833288213,0.4454694625066193,0.5545305374933807,0.1105576755267086,55480011695656372,65115958878781,0.07020349691736856,2134.17145931757,0.05972472260674351,2026-06-17 18:48:00
14.714285714285714,26,0.3949933080935409,0.44546577731681586,0.5545342321085232,0.11055780233322955,55487833092388141,65125243593924,0.07020493708914995,2125.8222965687737,0.060130010834236185,2026-06-17 19:03:00
15.0,28,0.39500937743529996,0.4454616776487284,0.5545383223512717,0.11055821024804373,55495732196228338,65134632097250,0.07020600767417348,2121.111430819808,0.05871159168069385,2026-06-17 19:18:00
15.285714285714286,30,0.39501493621356254,0.4454578042466408,0.5545421988945288,0.11055820287671003,55503845473870514,65144218373924,0.07020691104835967,2123.11915761574,0.05847833932185838,2026-06-17 19:33:00
14.857142857142858,29,0.3950008635593978,0.4454539563996469,0.5545460467412178,0.11055950098066424,55511895443882124,65153744987877,0.07020790529278295,2123.426427701884,0.057154686864216216,2026-06-17 19:48:00
15.428571428571429,32,0.3950082241485455,0.44544974313596947,0.5545502568640306,0.11055979283248342,55519859262716472,65163169753530,0.07020891852982893,2126.11573665857,0.058929254629656064,2026-06-17 20:03:00
15.714285714285714,30,0.3950092368684933,0.44544607070514414,0.5545539292948559,0.11055959144096512,55527759501168665,65172675758254,0.07021113264082114,2120.630352454587,0.059653297803364425,2026-06-17 20:18:00
16.0,29,0.3950032052746084,0.4454427702792832,0.5545572297207169,0.11056067374278364,55535987692113455,65182613626332,0.07021336133973526,2116.83293291862,0.05979134652426638,2026-06-17 20:33:00
17.142857142857142,43,0.39500059520458514,0.4454429667683486,0.5545570395109047,0.11056136541496751,55544587772079188,65192994647188,0.0702157176867384,2109.322030312071,0.05972646763030554,2026-06-17 20:48:00
17.714285714285715,33,0.39501310884507623,0.4454418883703808,0.5545581116296192,0.11056282890217135,55553612802073580,65203868174666,0.0702179015000969,2094.0765302478894,0.0585029845880594,2026-06-17 21:03:00
17.857142857142858,37,0.39501230697533835,0.44544014446715463,0.5545598586718634,0.11056479144026601,55563054689407654,65215174180575,0.07021931749140387,2084.202983435654,0.05789552432904089,2026-06-17 21:18:00
18.0,35,0.39502206678429935,0.4454382695593554,0.5545617304406446,0.11056682410766455,55572861090736295,65226859710066,0.07022050973630056,2072.4306234282667,0.0557247705143128,2026-06-17 21:33:00
17.714285714285715,36,0.39502586208807866,0.4454365780831611,0.5545634219168389,0.1105705948456218,55582683719595417,65238552563010,0.07022179802453962,2074.0409297089095,0.05418708221901832,2026-06-17 21:48:00
18.857142857142858,36,0.3950086202913642,0.4454345605232322,0.5545654426148496,0.11057382088843619,55592667612116723,65250450800488,0.07022339305926652,2076.6471957995122,0.05495207756889765,2026-06-17 22:03:00
19.571428571428573,38,0.3950146774428503,0.44543195045309447,0.5545680495469055,0.11057697418374828,55603037179549548,65262770186136,0.07022470202149947,2078.179718845518,0.05378281188295659,2026-06-17 22:18:00
20.0,37,0.39502088474524355,0.4454302880678976,0.5545697150695846,0.11058017683625132,55613856506166076,65275520457271,0.07022564633379938,2073.3317368082294,0.05209438296095218,2026-06-17 22:33:00
19.285714285714285,37,0.39502179204008636,0.4454284486834164,0.5545715575909359,0.11058481010883107,55624856897374803,65288416762407,0.07022666406070718,2069.690953778232,0.05029370769309874,2026-06-17 22:48:00
18.714285714285715,36,0.3950303378629901,0.44542451762834157,0.5545754855085429,0.1105890375038433,55635674637059317,65301060664493,0.07022820476048704,2077.326042778596,0.04925751286363154,2026-06-17 23:03:00
17.285714285714285,33,0.39502584291987775,0.44541983798787554,0.5545801620121245,0.11059340604480436,55645877859861537,65313030157753,0.07023098123025148,2091.2145440090094,0.04776110170778202,2026-06-17 23:18:00
16.142857142857142,33,0.39502529662615193,0.44541481770198105,0.554585182298019,0.11059772697653615,55655633932642589,65324438647726,0.07023407949864889,2110.8636441522344,0.04613196620793024,2026-06-17 23:33:00
15.285714285714286,31,0.3950210764272526,0.44540959156977755,0.5545904115662867,0.11060158827515132,55664905010321153,65335231659857,0.07023756900693055,2132.3032186380437,0.04490714526336915,2026-06-17 23:48:00
14.428571428571429,29,0.39501368708580353,0.44540484423195603,0.5545951651754583,0.11060504103236428,55673661901623381,65345395699475,0.07024094061903242,2155.035653618482,0.044018145304330576,2026-06-18 00:03:00
12.714285714285714,28,0.395007748138223,0.44539880278805793,0.5546011972119421,0.11060877497094793,55682317349605127,65355094274688,0.07023929040712741,2175.051219524597,0.04241459410546197,2026-06-18 00:18:00
11.714285714285714,35,0.3950145975753465,0.4453931835110971,0.5546068164889029,0.11061244474187434,55689919471425334,65363801346604,0.07024176630367507,2191.9465861969265,0.04105688901457575,2026-06-18 00:33:00
10.857142857142858,24,0.3950127063128572,0.4453888596624756,0.5546111403375243,0.11061603460800842,55696850849076809,65371800498884,0.070245332728986,2208.9851237389516,0.04039743447150854,2026-06-18 00:48:00
10.285714285714286,23,0.3950157221097997,0.44538381338792093,0.5546161897468755,0.11061967645021353,55703201918165574,65379154160087,0.07024887435937253,2223.808766312838,0.03949995892733125,2026-06-18 01:03:00
9.142857142857142,19,0.3950042627203584,0.4453782120816391,0.5546217879183609,0.1106229860619641,55709177088606335,65386063223116,0.07025228563746973,2238.3246433562254,0.03820784986166486,2026-06-18 01:18:00
8.428571428571429,20,0.3950069941889874,0.4453724727382146,0.5546275335304585,0.11062635291807353,55714604242665740,65392346000194,0.070255328201245,2252.45240494298,0.03755156937119369,2026-06-18 01:33:00
7.571428571428571,20,0.3950021893599604,0.44536643479042215,0.5546335652095779,0.11062998989085847,55719542542148506,65398068296445,0.07025804490321265,2265.4333300816033,0.036696690218621486,2026-06-18 01:48:00
7.571428571428571,27,0.3950062114874504,0.4453606713695017,0.554639331764379,0.11063365895597684,55724050380437718,65403302291698,0.07026069803919219,2273.74428774279,0.03632570524023461,2026-06-18 02:03:00
6.285714285714286,24,0.39499175546926757,0.4453546050140092,0.5546453949859907,0.11063663493056172,55728072158580184,65408002792741,0.07026317774851919,2285.55242102501,0.03586915369275551,2026-06-18 02:18:00
5.857142857142857,19,0.394991934372476,0.4453489926279185,0.5546510136389612,0.11063979709543512,55731687817906192,65412230862087,0.07026547329372579,2295.871809036371,0.0359935595495379,2026-06-18 02:33:00
5.428571428571429,16,0.3949875224915676,0.4453430313176002,0.554656971815617,0.11064295102654453,55734959175359482,65416074636929,0.07026763468919743,2302.2985593492485,0.03535150007642816,2026-06-18 02:48:00
5.142857142857143,22,0.3949747948061664,0.44534082923850404,0.554659170761496,0.11064577825453009,55737993883264386,65419654397027,0.07026963230600485,2308.3937905287426,0.03525969343702709,2026-06-18 03:03:00
4.857142857142857,21,0.3949833406290701,0.4453358128228554,0.5546641934426377,0.1106486762528752,55740766094731967,65422936966544,0.07027143755582238,2314.0721931884073,0.03554056904617141,2026-06-18 03:18:00
4.428571428571429,14,0.3949732581553938,0.4453299638511125,0.5546700392814168,0.1106512699966813,55743301244473950,65425941696651,0.07027309995914578,2318.913277983903,0.034810215098878355,2026-06-18 03:33:00
4.428571428571429,12,0.3949768426089631,0.44532481579938776,0.5546751873329214,0.11065414032998115,55745743057319754,65428826101239,0.0702747861659546,2323.493240551421,0.03474405833016818,2026-06-18 03:48:00
4.285714285714286,16,0.394971462733909,0.4453188384156645,0.5546811647164231,0.11065702730111578,55748072268112764,65431587308910,0.0702764630085909,2330.0120619386767,0.03529050097998827,2026-06-18 04:03:00
4.142857142857143,19,0.3949744625573507,0.44531309737967145,0.5546869057521983,0.11065983268035202,55750274058481897,65434181250649,0.07027800879553894,2331.5883544567605,0.03539639179524664,2026-06-18 04:18:00
3.7142857142857144,15,0.3949752867899896,0.4453085934586584,0.5546914065413416,0.11066237136962148,55752413692822352,65436686442140,0.07027952433434069,2333.9768550049935,0.035278531993138636,2026-06-18 04:33:00
3.857142857142857,12,0.3949655269810286,0.445304330150342,0.554695676112535,0.11066477527237059,55754436810162382,65439075089437,0.07028102732829393,2333.5920314074606,0.03611086372648739,2026-06-18 04:48:00
3.857142857142857,14,0.39496102884321616,0.44530260202773975,0.5546973979722603,0.11066684960044178,55756472418021210,65441480401601,0.07028242508509142,2331.0547415809983,0.03589958785594614,2026-06-18 05:03:00
4.142857142857143,20,0.3949595401129458,0.44529818515865305,0.5547018211033073,0.11066943177371394,55758527350014234,65443908432984,0.07028384225080539,2330.770068432153,0.03620787034003289,2026-06-18 05:18:00
4.428571428571429,19,0.3949565722365056,0.44529405221055607,0.5547059540509578,0.11067184746062023,55760673828760508,65446427442133,0.07028546955551102,2325.8412050646025,0.036276148934116674,2026-06-18 05:33:00
4.428571428571429,17,0.3949528376320292,0.44528962253363047,0.5547103837274143,0.1106744003234678,55762958878397210,65449098811384,0.07028697648258303,2323.3932990066005,0.036745965967491384,2026-06-18 05:48:00
5.0,13,0.39494512243116475,0.4452852662948858,0.5547147399656855,0.11067763037814993,55765416018269956,65451954563808,0.07028857957500759,2319.0606480608267,0.03792087346267777,2026-06-18 06:03:00
5.142857142857143,22,0.39495269706522257,0.4452807108866111,0.554719289113389,0.11068015668588464,55768058586193656,65455011371813,0.0702903485750867,2312.548597542317,0.03876979506377873,2026-06-18 06:18:00
5.857142857142857,17,0.39495310279214174,0.44527626033849915,0.5547237459211263,0.11068230649121792,55770957754085721,65458347211154,0.0702924600086138,2305.636430557199,0.038944125321541796,2026-06-18 06:33:00
6.142857142857143,13,0.39494062109865213,0.4452718684002336,0.5547281378588991,0.11068468050084036,55774115131587153,65461972167455,0.07029469564135345,2295.542588811635,0.040103286341732255,2026-06-18 06:48:00
6.714285714285714,16,0.3949528823578313,0.445269679059709,0.5547303271989039,0.11068678210515684,55777563762869872,65465926182102,0.07029679882671808,2283.9555502451335,0.041547901307322256,2026-06-18 07:03:00
7.142857142857143,14,0.3949573868850441,0.44526513872452766,0.554734864404532,0.11068838209024666,55781320862566539,65470235689854,0.07029905629888017,2274.210385815811,0.042539374509529576,2026-06-18 07:18:00
7.428571428571429,17,0.3949481861486095,0.4452605153520723,0.5547394846479278,0.11069017847445395,55785349332083882,65474845397139,0.0703012823680395,2263.395672402612,0.043826745622320716,2026-06-18 07:33:00
8.0,16,0.39494887939854223,0.4452559341439608,0.5547440689845897,0.11069216683743663,55789628307329787,65479744729775,0.07030351892968992,2254.8005324103287,0.04539123828817422,2026-06-18 07:48:00
8.714285714285714,21,0.39494514159936567,0.44525290548041735,0.5547470976478808,0.11069348707136309,55794141286454341,65484941549444,0.07030604678598953,2242.899670521786,0.04739804823627498,2026-06-18 08:03:00
9.285714285714286,20,0.394954674584616,0.4452492994206998,0.5547507005793002,0.11069465359057867,55798947766498486,65490484284406,0.07030861074660572,2231.5635601440467,0.04963158232370927,2026-06-18 08:18:00
9.428571428571429,23,0.3949381579848358,0.44524838513976744,0.5547516148602326,0.11069431928390594,55804024680504435,65496355868965,0.07031127862274106,2225.9136970753707,0.051149924707310834,2026-06-18 08:33:00
10.285714285714286,20,0.39494049011594595,0.4452437214584721,0.554756278541528,0.11069408478854818,55809337256729634,65502529571412,0.07031377656955604,2216.0678385506994,0.053340068676801286,2026-06-18 08:48:00
10.571428571428571,22,0.3949664790016736,0.44524257631834857,0.5547574236816515,0.11069300971113623,55814866388639264,65508994407858,0.0703162486152658,2205.6111537907877,0.05495958204072008,2026-06-18 09:03:00
11.0,22,0.3949496652947794,0.4452391450975027,0.5547608549024974,0.1106924165797804,55820629367000171,65515764079892,0.0703185540147881,2197.2707391536874,0.056582245580338066,2026-06-18 09:18:00
11.571428571428571,21,0.39495780219606375,0.4452358080039787,0.5547641951226717,0.11069176363373404,55826578184778810,65522778329062,0.07032091981214621,2186.8699677238274,0.05839865097874181,2026-06-18 09:33:00
11.714285714285714,22,0.3949547193104181,0.44523443988010325,0.5547655601198968,0.11068959869657723,55832714393620642,65530034932556,0.07032326716616102,2179.1959517007326,0.05946834230685816,2026-06-18 09:48:00
12.571428571428571,29,0.39493791199292416,0.4452317233936066,0.5547682797324845,0.11068779197138516,55839035500128871,65537541992138,0.07032581599585931,2173.144550937276,0.06105121567875518,2026-06-18 10:03:00
13.0,29,0.3949412089234799,0.44522820538896046,0.5547718039884222,0.11068649742165228,55845589221428102,65545359582971,0.07032834884107679,2168.8847269217413,0.06176715613477155,2026-06-18 10:18:00
13.0,25,0.3949462086292161,0.44522516281360475,0.5547748371863953,0.11068456498847622,55852258625001601,65553344259763,0.07033085790588571,2164.684891101521,0.0625243257868533,2026-06-18 10:33:00
13.571428571428571,24,0.39494579970759675,0.4452227967563964,0.5547772126192463,0.11068243073393756,55859120107325275,65561556943706,0.07033336717499473,2159.789276398402,0.0631106504365501,2026-06-18 10:48:00
13.857142857142858,27,0.3949467325600408,0.44522432010692026,0.5547756798930797,0.1106803778505841,55866173286424508,65570009311079,0.07033609806202584,2155.8348258899205,0.06352622556434302,2026-06-18 11:03:00
14.142857142857142,26,0.3949594251037404,0.44522171571394437,0.5547782842860557,0.11067944257429682,55873337212311094,65578626882381,0.07033885851077953,2154.935165619185,0.06359720187866454,2026-06-18 11:18:00
14.285714285714286,27,0.3949539461929816,0.44521845891350986,0.5547815410864901,0.11067807192725404,55880666676971725,65587438329663,0.07034191186691686,2153.784970400717,0.06428645476378338,2026-06-18 11:33:00
14.857142857142858,29,0.3949573932744444,0.4452155115981049,0.5547844884018951,0.11067645961367567,55888152864315719,65596430732878,0.07034498935333379,2153.4364072213216,0.06397144987749015,2026-06-18 11:48:00
14.857142857142858,31,0.39493378124562906,0.4452134552095501,0.5547865447904499,0.11067528608051164,55895666566505824,65605469291241,0.07034796577599023,2153.1326102823464,0.06428092741251219,2026-06-18 12:03:00
14.714285714285714,33,0.3949549205765276,0.44521199998355837,0.5547879968930285,0.11067391071613092,55903190838138673,65614513911050,0.07035104791857066,2150.681683752674,0.06493028868600817,2026-06-18 12:18:00
14.857142857142858,27,0.39494599777900613,0.44520955380101174,0.5547904461989882,0.11067246752955938,55910792218679052,65623641634737,0.07035413777066447,2149.944062029828,0.06340351663763917,2026-06-18 12:33:00
14.714285714285714,29,0.3949557895349686,0.4452088987921413,0.554791107453463,0.11067199669648031,55918472438293380,65632846643712,0.0703578349415751,2153.180037151774,0.062336955974335986,2026-06-18 12:48:00
15.0,31,0.3949485599285271,0.44521297396334414,0.5547870291591194,0.11067194656769189,55926303212614421,65642220191711,0.0703615052599977,2156.4508000390124,0.061982238931743046,2026-06-18 13:03:00
15.142857142857142,29,0.39495049272211846,0.4452100857536888,0.5547899173684736,0.11067154175772134,55934250013606746,65651749317680,0.07036535009477562,2159.3497410740188,0.06110096906636264,2026-06-18 13:18:00
15.285714285714286,29,0.394946630329636,0.44520709065421576,0.5547929155895107,0.1106719400790501,55942356647033480,65661442095249,0.07036916447490457,2162.5593421551234,0.06051755334215866,2026-06-18 13:33:00
15.285714285714286,32,0.39494633961192227,0.44520421322986703,0.5547957930132629,0.11067259651869854,55950550282951480,65671211175900,0.07037286475107658,2165.0590831317227,0.059695423538979366,2026-06-18 13:48:00
15.142857142857142,29,0.39494128559628355,0.44520189405549093,0.5547981059445091,0.11067343311692063,55958774291265074,65681006805806,0.07037707692270623,2168.3002793265887,0.05913173218993539,2026-06-18 14:03:00
15.285714285714286,44,0.39494439084483024,0.4452000275008541,0.5547999724991459,0.11067390697454597,55966946925292188,65690742763098,0.07038078180911042,2170.253599945748,0.05830689457169206,2026-06-18 14:18:00
15.142857142857142,36,0.39494345160298583,0.4451983931115613,0.5548016068884387,0.11067324425173672,55975087640652810,65700441466532,0.0703843963149871,2175.8661653656804,0.05768917653763178,2026-06-18 14:33:00
14.857142857142858,28,0.3949462661338188,0.44519614044966305,0.5548038657911712,0.11067343160515515,55983232954934791,65710143378802,0.07038797596198952,2176.4525690641703,0.05790329636471185,2026-06-18 14:48:00
14.857142857142858,29,0.3949295610467297,0.44519521114009497,0.554804788859905,0.11067388311303299,55991427135762222,65719872647095,0.07039140082038012,2178.115908500299,0.0574200387065442,2026-06-18 15:03:00
15.0,30,0.3949281394051625,0.44519148382222523,0.5548085224174194,0.11067472448932347,55999619537935715,65729597148535,0.0703948889636718,2179.1002664086823,0.057171826789774505,2026-06-18 15:18:00
14.857142857142858,32,0.39493753821300653,0.44518729853887823,0.5548127077001794,0.1106761876980299,56007777456612731,65739282178025,0.07039840851292418,2178.253120085002,0.05692739241772735,2026-06-18 15:33:00
14.857142857142858,34,0.39492742379232876,0.44518363989802373,0.5548163694596792,0.1106772967384395,56015920091930006,65748933120563,0.07040251147503887,2177.083614171457,0.05711990517058545,2026-06-18 15:48:00
14.857142857142858,29,0.39492658358618904,0.44517986338157783,0.5548201366184222,0.11067819031980548,56024057057004638,65758571146468,0.07040659148929328,2175.4981887697945,0.0571177198209028,2026-06-18 16:03:00
14.285714285714286,37,0.39493390903363507,0.44517622563845044,0.5548237743615496,0.11067782316874447,56032002845296848,65768001247556,0.07041064181308207,2175.532797950977,0.05680828203043327,2026-06-18 16:18:00
14.428571428571429,35,0.39493953809530097,0.4451729139860755,0.5548270891322808,0.11067768152162547,56039667484794557,65777090523844,0.07041470706009764,2174.943103210365,0.05745276955197635,2026-06-18 16:33:00
14.714285714285714,33,0.3949310976975023,0.4451695075390436,0.5548304924609564,0.11067748883657388,56047389494725578,65786259347744,0.07041865025616272,2168.8129816935734,0.058636034297994556,2026-06-18 16:48:00
14.571428571428571,32,0.39493241391396444,0.44516821914437976,0.5548317839733677,0.11067718115407378,56055115598555136,65795434952425,0.070422581496822,2163.681750176774,0.05904663018163202,2026-06-18 17:03:00
14.714285714285714,28,0.3949373049998955,0.44516483281372843,0.554835173421175,0.11067656453685411,56062771058883315,65804559805507,0.07042586110915926,2156.0596787300997,0.05878412470692751,2026-06-18 17:18:00
14.857142857142858,29,0.394937273052894,0.4451622483756372,0.554837757858676,0.11067602276102322,56070463418541721,65813717473120,0.07042868168258574,2150.7321840369254,0.05977673490566849,2026-06-18 17:33:00
14.285714285714286,36,0.39493949336949885,0.4451603269084378,0.5548396730915621,0.1106746754701932,56078103871656987,65822815496292,0.07043151924051562,2147.616360933138,0.059471236279201686,2026-06-18 17:48:00
14.428571428571429,28,0.3949366085552626,0.44515917518638337,0.5548408310467879,0.11067374699431595,56085678589148706,65831837594936,0.07043419468340466,2146.8721092430806,0.06032608462283852,2026-06-18 18:03:00
14.428571428571429,35,0.39493861802165753,0.4451579246789038,0.5548420753210962,0.11067290185887804,56093189913677899,65840783535521,0.07043668776569188,2145.9200777657934,0.06022075409047712,2026-06-18 18:18:00
14.142857142857142,28,0.3949357747385232,0.44515562429824435,0.5548443757017557,0.11067227156968375,56100634206754692,65849651704769,0.07043894389118047,2146.5049902631617,0.061036602482941946,2026-06-18 18:33:00
14.857142857142858,30,0.39493964352040595,0.4451544819294589,0.5548455180705412,0.11067186384708774,56108138391646521,65858607990134,0.07044090156610917,2144.9724318378417,0.05960170249743454,2026-06-18 18:48:00
14.571428571428571,28,0.39493928890868923,0.44515531120945545,0.5548446919059536,0.11067257425741825,56115752072075175,65867711552257,0.0704427445996036,2142.779468105156,0.059629233338428504,2026-06-18 19:03:00
14.285714285714286,27,0.39493851898595284,0.44515304526745486,0.5548469578476636,0.11067211476074579,56123212516413780,65876660544955,0.07044475496761339,2145.221089689738,0.05960385270419189,2026-06-18 19:18:00
14.428571428571429,27,0.39494239735193604,0.44514941234519023,0.5548505907696253,0.1106725741930867,56130649756837198,65885606421408,0.07044691756446932,2145.6562352922747,0.059109790246813065,2026-06-18 19:33:00
13.857142857142858,34,0.3949240437995691,0.4451460580484559,0.5548539481805762,0.11067235137202541,56137989897828708,65894453899185,0.07044911393073122,2150.0629071439016,0.05734528504840444,2026-06-18 19:48:00
14.428571428571429,27,0.3949467740911428,0.4451425588007269,0.5548574443134916,0.1106725232394349,56145200864314439,65903145637021,0.07045145909289975,2153.186756615227,0.05858651684748128,2026-06-18 20:03:00
15.285714285714286,33,0.3950228974063386,0.44513897727840485,0.5548610227215952,0.11067299353145592,56152866372946963,65912379629341,0.0704537569330423,2151.0144951737466,0.05991692017143275,2026-06-18 20:18:00
16.0,31,0.39492845568047746,0.44513598287700407,0.5548640171229959,0.1106727651619202,56160929842468610,65922101283848,0.07045600963862184,2145.625932519106,0.06015494173253548,2026-06-18 20:33:00
16.571428571428573,30,0.3949363274216493,0.4451337309662562,0.5548662721470305,0.11067382226861498,56169349855848537,65932258325637,0.07045810301569279,2139.8077927700924,0.06014405505724443,2026-06-18 20:48:00
17.285714285714285,45,0.39493589613712893,0.44513423124238166,0.5548657718705792,0.11067596503453593,56178144197140244,65942883897463,0.07046028305669473,2126.0180836735703,0.059119875685940154,2026-06-18 21:03:00
17.285714285714285,34,0.39494028246043617,0.44513170348454656,0.5548682965154534,0.110678438125459,56187162214317579,65953792224076,0.07046230169047883,2113.958696557497,0.057658607695051406,2026-06-18 21:18:00
17.285714285714285,32,0.3949328739507862,0.44512847969320934,0.554871529643782,0.11068144156657529,56196330494237486,65964865750084,0.07046431513669958,2111.5523207856068,0.05594211436471953,2026-06-18 21:33:00
17.428571428571427,36,0.39492369877195277,0.44512492640274054,0.5548750735972594,0.11068466415512689,56205462897782440,65975897122122,0.07046652006385738,2119.655038966735,0.055450506215340784,2026-06-18 21:48:00
18.142857142857142,37,0.3949347492397748,0.44512142479095024,0.5548785814324618,0.11068761166815348,56214874572947998,65987251520326,0.07046887121849059,2117.5292645304608,0.05555759354365371,2026-06-18 22:03:00
18.571428571428573,36,0.3949328547825853,0.44511758834074644,0.5548824147706493,0.11069132329389181,56224601886869265,65998975953758,0.07047141026484621,2105.2686080980066,0.0544676243453478,2026-06-18 22:18:00
18.857142857142858,38,0.3949425123611415,0.4451140304903424,0.5548859695096575,0.11069591878830103,56234689772036176,66011088379480,0.0704739782424058,2103.1083321713427,0.05319800311330496,2026-06-18 22:33:00
18.142857142857142,36,0.39495344781975805,0.44510975635370875,0.5548902467570909,0.11070080071441096,56244821618056459,66023212244215,0.070476762968977,2104.6358329845125,0.051073435864627266,2026-06-18 22:48:00
18.142857142857142,36,0.3949432471421762,0.4451081206050917,0.5548918793949082,0.11070524680992506,56254866825009004,66035160244767,0.07047945433962688,2115.3216123667507,0.049642459786420665,2026-06-18 23:03:00
17.428571428571427,53,0.3949340176534402,0.4451045463305843,0.5548954536694156,0.11070893822237496,56264763810969763,66046846243957,0.07048214998226238,2128.562994039603,0.04815716445346601,2026-06-18 23:18:00
16.285714285714285,44,0.39494987614498933,0.4450994469604626,0.5549005592594576,0.1107131317637151,56274335448340669,66058094293367,0.07048509805783978,2144.0564219710886,0.04670719163138973,2026-06-18 23:33:00
15.285714285714286,30,0.39493776184201707,0.4450941696855972,0.5549058334240948,0.1107171510778846,56283531668831561,66068851224606,0.0704882078771118,2163.7376506142878,0.04509652621027353,2026-06-18 23:48:00
14.428571428571429,34,0.3949431608852721,0.44508937879033417,0.5549106212096658,0.11072074198714993,56292212373142222,66079010373521,0.0704916785220886,2184.6475051521315,0.04402079924535773,2026-06-19 00:03:00
12.571428571428571,29,0.3949410140467707,0.44508380561448796,0.5549161974946909,0.11072467170642376,56300787876761241,66088687492484,0.0704902526480013,2206.5620582515753,0.04279490877760968,2026-06-19 00:18:00
12.0,71,0.3949309922723973,0.4450778601010144,0.5549221430079149,0.11072852608883195,56308335077787251,66097384456885,0.07049261470304152,2223.7648809589587,0.04168821412219,2026-06-19 00:33:00
10.857142857142858,27,0.3949216349956553,0.44507193178311893,0.554928068216881,0.11073156278027547,56315262055397313,66105429066680,0.07049595079080918,2239.8298438448332,0.04019865179263855,2026-06-19 00:48:00
10.428571428571429,22,0.3949206063022067,0.44506871601414033,0.5549312870943088,0.1107352318851763,56321723727266383,66112926786370,0.0704992123066605,2254.8133800976016,0.039549455960416015,2026-06-19 01:03:00
9.428571428571429,30,0.3949177055144697,0.445063372870609,0.5549366333458411,0.11073820784597073,56327750213632639,66119961514691,0.0705027863016412,2267.464354082257,0.03857352668146916,2026-06-19 01:18:00
8.714285714285714,34,0.39492502457251544,0.44505803687132395,0.5549419693446868,0.11074129060253039,56333177383920367,66126304740284,0.07050626704673134,2280.732965888345,0.037886999371510285,2026-06-19 01:33:00
8.428571428571429,24,0.3949174754960588,0.4450527818358121,0.5549472212719669,0.11074443694461417,56338105677286341,66132076887728,0.07050976611025346,2291.978070311925,0.03739831940977965,2026-06-19 01:48:00
7.285714285714286,17,0.3949152328165529,0.4450467275227361,0.5549532786923835,0.11074716409934157,56342634161066022,66137407912799,0.07051279506955861,2302.998371883224,0.036576916827864854,2026-06-19 02:03:00
6.285714285714286,15,0.3949149580723399,0.4450409869314161,0.554959013068584,0.11075026435837876,56346724353914013,66142226895171,0.07051555815042447,2314.3496144471032,0.036250821992278276,2026-06-19 02:18:00
6.142857142857143,17,0.3949300178888513,0.4450360625209141,0.5549639374790859,0.11075324764048781,56350460375705120,66146635585929,0.0705180382382934,2322.8594740128706,0.035885715346787445,2026-06-19 02:33:00
5.714285714285714,23,0.3949221493423796,0.4450306997191483,0.5549693064946937,0.11075607489748475,56353849652801002,66150660245635,0.07052028623254476,2330.563577714239,0.03580386624707396,2026-06-19 02:48:00
5.142857142857143,14,0.3949244623052889,0.4450290237988023,0.5549709793078824,0.11075882848142166,56356943397976312,66154350616049,0.07052255456576402,2337.180292484119,0.035880368732044664,2026-06-19 03:03:00
5.0,24,0.39493050348327424,0.445024728315946,0.554975271684054,0.11076144611994085,56359752704319664,66157740142523,0.07052444458369715,2342.0827681476353,0.03573817620649208,2026-06-19 03:18:00
4.571428571428571,10,0.3949155299236669,0.4450195511870438,0.5549804488129563,0.11076445766489651,56362311446857883,66160813404629,0.07052624682612403,2346.870857848563,0.03519990018637076,2026-06-19 03:33:00
4.285714285714286,11,0.3949151050285469,0.44501492912671214,0.5549850708732879,0.11076714143679894,56364754997229658,66163741260042,0.07052795252554976,2350.648170404892,0.03522346565040492,2026-06-19 03:48:00
4.285714285714286,11,0.3949131626508551,0.44501022000635343,0.5549897893111304,0.11077005877511223,56367082436406548,66166551540707,0.07052980532627491,2354.3882150289,0.03584247889755873,2026-06-19 04:03:00
4.0,10,0.39490958139198595,0.4450056238594861,0.554994376140514,0.11077269317867383,56369272296467582,66169172231758,0.07053151164120292,2357.65574223202,0.03562634500032131,2026-06-19 04:18:00
4.0,9,0.39491280803913836,0.44500133321398627,0.5549986667860137,0.1107760075903559,56371356913807202,66171673421213,0.07053312693529042,2360.6165889302997,0.035593406593406596,2026-06-19 04:33:00
3.7142857142857144,13,0.394909942393103,0.44499678190291947,0.5550032212022729,0.11077873975921651,56373377261062163,66174100288070,0.07053454883239987,2364.7167444793176,0.03643870294989698,2026-06-19 04:48:00
4.0,9,0.39489141952162804,0.44499516746472423,0.5550048325352758,0.1107812775017633,56375428267880649,66176559263817,0.07053599416438992,2361.5625913016033,0.03653382636827389,2026-06-19 05:03:00
4.0,13,0.39488869124769915,0.4449906960627103,0.5550093070420329,0.1107840715131334,56377464835186176,66179009071398,0.07053763343184474,2359.557481643586,0.03698135428118608,2026-06-19 05:18:00
4.571428571428571,11,0.3948888030622044,0.444985693553159,0.5550143095513601,0.1107864299232465,56379618935666880,66181569624441,0.07053922867829582,2357.5918367028676,0.03764839175109309,2026-06-19 05:33:00
4.571428571428571,13,0.3948873814206373,0.44498219377862547,0.555017809325667,0.11078916574883478,56381905381851980,66184274667268,0.07054087311823248,2349.2317221447465,0.03772778199090589,2026-06-19 05:48:00
4.857142857142857,14,0.3949017479872159,0.4449786330888338,0.5550213669111662,0.11079139333675249,56384330990186339,66187143793060,0.07054273934924755,2346.1918326971418,0.03858811734449239,2026-06-19 06:03:00
5.142857142857143,11,0.39489564930462784,0.44497463855646474,0.5550253676512148,0.11079361306089149,56386927479600602,66190190047606,0.07054467494860871,2340.0363758896087,0.04010783211483872,2026-06-19 06:18:00
5.571428571428571,12,0.3948852920867386,0.4449711810171336,0.5550288251900882,0.11079610192033701,56389776476155867,66193505884225,0.07054660872744123,2330.1950575928495,0.039652696538106824,2026-06-19 06:33:00
6.142857142857143,24,0.3948838001617681,0.4449683827243748,0.5550316203790061,0.11079792595844776,56392876724859932,66197129153339,0.07054872745171666,2324.077394183258,0.040652098508498095,2026-06-19 06:48:00
6.571428571428571,17,0.3948820718289865,0.4449674466210477,0.5550325626883538,0.11079988925886,56396256204183825,66201070561109,0.07055092105819805,2315.0212754234076,0.041485624941444615,2026-06-19 07:03:00
7.142857142857143,17,0.39488962090544305,0.4449646369289441,0.5550353723797606,0.11080131385060771,56399952036370676,66205385827286,0.07055324274728242,2308.0872068583267,0.04290255291080193,2026-06-19 07:18:00
7.571428571428571,17,0.39488378738296753,0.4449617431456206,0.5550382568543794,0.11080257906636372,56403889618972091,66209971766450,0.07055552414703094,2297.644298976705,0.044180860494801265,2026-06-19 07:33:00
7.857142857142857,16,0.39488809383877094,0.4449587838983247,0.5550412192040616,0.11080357774234545,56408042995234005,66214828036538,0.07055788893546557,2284.249969237366,0.045556267680004606,2026-06-19 07:48:00
8.714285714285714,23,0.39487820304710375,0.4449541059285887,0.5550458940714114,0.11080521256314614,56412458718940268,66220007036888,0.0705603367040594,2274.41183827409,0.04707350750993385,2026-06-19 08:03:00
9.285714285714286,28,0.3948795384317668,0.4449502275904735,0.555049781715152,0.11080497535918896,56417134841483524,66225506731238,0.0705630386981207,2263.6986908578465,0.04884004334266821,2026-06-19 08:18:00
9.714285714285714,34,0.3948848480234176,0.44494603309788283,0.5550539731053467,0.11080437012795925,56422050231211686,66231312025657,0.07056590804976792,2252.7648628028924,0.05091599458849382,2026-06-19 08:33:00
10.285714285714286,31,0.39488866569009795,0.44494263658010874,0.5550573634198913,0.11080372327480258,56427239344260311,66237461824761,0.07056864168579373,2246.1839802842487,0.05295982630165791,2026-06-19 08:48:00
10.857142857142858,32,0.39487430551291963,0.4449389850938014,0.5550610149061986,0.11080329611790962,56432676866857689,66243918684540,0.07057135901237124,2236.890751961929,0.05508942076697215,2026-06-19 09:03:00
11.142857142857142,27,0.3948750658515555,0.44493596080880105,0.5550640422920138,0.1108019227493044,56438306619246733,66250656112419,0.07057445160191457,2228.9389338830806,0.056633945488349546,2026-06-19 09:18:00
11.714285714285714,23,0.39488687026861313,0.44493401411680583,0.5550659858831942,0.110800827446107,56444142311028728,66257653356097,0.07057720886269044,2219.0470834417474,0.05804792051116782,2026-06-19 09:33:00
11.714285714285714,22,0.3948923268164709,0.4449351776634262,0.5550648285370322,0.11079916901215756,56450174661742181,66264897209617,0.07057988832220256,2210.4062392549044,0.05941705185586721,2026-06-19 09:48:00
12.428571428571429,29,0.3948788164295327,0.44493230646568266,0.5550676935343173,0.11079695401261122,56456428107160589,66272427200789,0.07058263536531993,2201.4552313568797,0.06088106730204893,2026-06-19 10:03:00
12.857142857142858,25,0.39487672390093387,0.44492983031531474,0.5550701758840244,0.11079433454403483,56462862212421685,66280207436091,0.07058529884336943,2197.2956971029835,0.06164000512647241,2026-06-19 10:18:00
13.0,27,0.39488934296652994,0.44492871391814565,0.5550712860818544,0.1107927816285217,56469442816239961,66288160021077,0.07058812552088056,2192.27163167644,0.062130125891696496,2026-06-19 10:33:00
13.714285714285714,34,0.3948741170256107,0.4449267161762303,0.5550732900219535,0.11079098574765762,56476186512404905,66296361376711,0.0705911757212063,2186.708534430914,0.06332129587229085,2026-06-19 10:48:00
14.142857142857142,27,0.39488005597319126,0.44492430369325126,0.5550756963067488,0.11078866297071767,56483103811690962,66304756238961,0.07059394568255103,2182.0561055202174,0.06316579774214641,2026-06-19 11:03:00
13.857142857142858,25,0.39487640762561893,0.4449221667640179,0.5550778363344981,0.11078641435372422,56490104084555875,66313274644647,0.07059686981526413,2178.573238298111,0.06379321054980996,2026-06-19 11:18:00
14.571428571428571,28,0.3948809313210326,0.44492077795240614,0.5550792282440439,0.11078594902478846,56497198956787502,66321928858587,0.07059977124797931,2175.147426342831,0.06399257120939904,2026-06-19 11:33:00
14.285714285714286,28,0.3948850237319259,0.44491849882373946,0.5550814980783271,0.11078411322333556,56504431968499002,66330724615499,0.07060258033052952,2176.536398360089,0.06393664061327453,2026-06-19 11:48:00
14.285714285714286,26,0.39489352482902745,0.44491911120426575,0.5550808949909904,0.11078267085276719,56511692612673543,66339533388805,0.07060555026610164,2176.748918106557,0.06436719252733428,2026-06-19 12:03:00
14.285714285714286,28,0.39487414897261225,0.44491943282296664,0.5550805702743528,0.11078131024266466,56518900430951763,66348264557709,0.07060863186905585,2177.9888552519606,0.06372344495535359,2026-06-19 12:18:00
14.142857142857142,26,0.3949670189059991,0.4449165596574042,0.5550834465366355,0.11078077583518145,56526155517809423,66357052794034,0.07061202480364336,2182.6731623806045,0.06237170377388283,2026-06-19 12:33:00
13.857142857142858,28,0.39488518346693346,0.4449162111769952,0.5550837919197272,0.11078141624641265,56533377245789228,66365766963438,0.0706155271508705,2191.0159750852863,0.06130691228172124,2026-06-19 12:48:00
14.0,27,0.3948818545893762,0.4449124085527934,0.5550875914472067,0.11078199063641116,56540634612461734,66374516917403,0.07061912940252248,2197.7102026285297,0.06074303188961802,2026-06-19 13:03:00
14.142857142857142,29,0.39488124120694723,0.4449089248403818,0.5550910751596182,0.11078228780093127,56548001012466880,66383418838168,0.07062296053960485,2203.5203831212634,0.060304039989424185,2026-06-19 13:18:00
14.571428571428571,27,0.3948620091120388,0.44490852540636905,0.555091474593631,0.11078272206906875,56555526139112622,66392464607518,0.07062661330400483,2202.6619668574444,0.06002418647803742,2026-06-19 13:33:00
14.857142857142858,31,0.39487240147162966,0.44490581154175723,0.5550941915537914,0.11078302921523159,56563236315525911,66401736497546,0.07063034104587501,2193.5482078735054,0.05957283562396282,2026-06-19 13:48:00
15.285714285714286,32,0.3948734653067799,0.4449036041832402,0.5550963958167598,0.1107831771337715,56571185466215702,66411284519034,0.07063392766534358,2191.1177821538904,0.05947313713648611,2026-06-19 14:03:00
15.142857142857142,28,0.3948805990722169,0.44490259690860995,0.55509740309139,0.11078310173885117,56579199041240854,66420923432962,0.07063757666676228,2189.471204702617,0.05896482840401381,2026-06-19 14:18:00
15.285714285714286,30,0.3948857265659591,0.4448990240511035,0.5551009821382237,0.11078363552258247,56587271008789044,66430638673177,0.07064115727935652,2186.557147605688,0.05813196925016483,2026-06-19 14:33:00
15.285714285714286,33,0.39486930580718343,0.4448965610695752,0.5551034389304248,0.11078482117165961,56595421992014808,66440441522047,0.07064490413713599,2185.5172411805147,0.058023087584232316,2026-06-19 14:48:00
15.0,28,0.39486929302838286,0.44489256939658095,0.555107430603419,0.11078564794075192,56603411000970244,66450151792529,0.07064827806493909,2188.588907602076,0.057627187497279686,2026-06-19 15:03:00
15.0,32,0.3948598463000366,0.4448888602692618,0.5551111459183198,0.11078641208733403,56611398382512425,66459846281554,0.0706517601946251,2192.289313367163,0.057189212586187615,2026-06-19 15:18:00
15.0,31,0.3948607280372783,0.4448860309898834,0.5551139721036196,0.11078684885397687,56619394533221717,66469492127622,0.07065528389308032,2193.932819067842,0.05686224093273657,2026-06-19 15:33:00
15.0,30,0.3948712673530761,0.4448828192496059,0.5551171869368179,0.11078687428991402,56627416953528859,66479124083379,0.07065891823294077,2188.711989853524,0.057017391304347825,2026-06-19 15:48:00
14.714285714285714,33,0.39488171082786944,0.4448799206561565,0.5551200793438436,0.1107876802865209,56635330519044649,66488677955153,0.07066227710459203,2189.640132272631,0.05726110402412154,2026-06-19 16:03:00
14.285714285714286,36,0.3948776727268787,0.44487858311898737,0.5551214230662542,0.11078761117966236,56643211553684621,66498112916359,0.07066610042308394,2189.1208201034724,0.05660984239305243,2026-06-19 16:18:00
14.285714285714286,37,0.39487615843900714,0.44487432677060174,0.5551256763217308,0.11078839501877792,56650793094739979,66507161144194,0.070670575284513,2187.9083846509357,0.05749658749263579,2026-06-19 16:33:00
14.0,26,0.3948746856822376,0.44487124538968914,0.5551287546103109,0.11078866216868416,56658434982239411,66516304720401,0.07067458241628939,2181.1511114273476,0.05838222689112008,2026-06-19 16:48:00
14.285714285714286,36,0.3948742735659181,0.4448671750382667,0.5551328280534713,0.1107884158493937,56666036456503007,66525408467214,0.07067844470508232,2176.2768136986006,0.058698250413996685,2026-06-19 17:03:00
14.571428571428571,28,0.394871011777064,0.44486355807673145,0.5551364419232686,0.11078801392929402,56673631719911373,66534501487979,0.07068181559610341,2172.980608880855,0.05977120587875781,2026-06-19 17:18:00
14.428571428571429,28,0.3948685933890498,0.44485902945358896,0.5551409705464111,0.11078790356277293,56681210711453951,66543574770896,0.07068540774285587,2172.463901035591,0.05958656858249005,2026-06-19 17:33:00
14.0,26,0.3948772733893598,0.4448547182769316,0.5551452817230684,0.11078767644763282,56688671791737924,66552522204718,0.0706887190497416,2172.4202171014826,0.059796922077791456,2026-06-19 17:48:00
14.285714285714286,31,0.3948765130507239,0.44485080008705696,0.5551492060940352,0.11078792693842873,56696049260051858,66561373186349,0.07069187359459427,2169.1364093624074,0.06001888324814827,2026-06-19 18:03:00
14.142857142857142,30,0.3948790368638431,0.4448494928522605,0.5551505071477395,0.11078801778290523,56703355422125603,66570133711506,0.07069484794118094,2167.0374010072,0.06014959991054969,2026-06-19 18:18:00
14.142857142857142,33,0.39487558339297996,0.44484614145122664,0.5551538585487733,0.1107875378899289,56710696459257255,66578924044057,0.07069783162227533,2165.172145122084,0.05958550707199193,2026-06-19 18:33:00
14.0,26,0.39487436940692267,0.4448430003641912,0.5551570119943661,0.11078699228557556,56718047569060963,66587735964544,0.07070064076129216,2165.4870145798955,0.059459947258124354,2026-06-19 18:48:00
14.285714285714286,26,0.39487450677902913,0.44483910596175114,0.5551609002169403,0.11078682753222804,56725394233948816,66596549937994,0.07070329760783448,2165.816358243697,0.059398159348485524,2026-06-19 19:03:00
14.142857142857142,26,0.3948758900841945,0.44483541994742676,0.5551645862306777,0.11078695296029545,56732778273810793,66605411115207,0.07070598602256467,2164.6894151102747,0.05908572361009921,2026-06-19 19:18:00
14.428571428571429,30,0.3948799473533861,0.44483250474407127,0.5551675014334567,0.11078666686472519,56740145014674478,66614257563747,0.0707086253417977,2163.549776414628,0.05885425312093963,2026-06-19 19:33:00
13.857142857142858,32,0.3948713887516818,0.4448286242510508,0.5551713788374154,0.1107867224225628,56747375522251484,66622969589267,0.07071145259275483,2165.544140574597,0.05761060451098525,2026-06-19 19:48:00
14.571428571428571,32,0.39488358292215786,0.4448248342900036,0.5551751657099965,0.110787689486204,56754559201996488,66631631877630,0.07071429207240951,2165.4078036604114,0.05865367133042332,2026-06-19 20:03:00
15.428571428571429,40,0.39487207561221427,0.44482494892125757,0.5551750510787424,0.11078750097565787,56762156400893593,66640817088251,0.07071716893598617,2164.3864109775627,0.05951035673927361,2026-06-19 20:18:00
16.0,31,0.39488024446050013,0.4448221611422957,0.5551778481203266,0.11078870030845497,56770237475211179,66650551527962,0.07071997348513355,2155.3313729384645,0.06014935834606004,2026-06-19 20:33:00
16.714285714285715,31,0.39494499464315874,0.4448198142016024,0.5551801888856359,0.11078963772433285,56778713302518339,66660783033852,0.07072308704678555,2145.2067280234774,0.0600132710614297,2026-06-19 20:48:00
17.142857142857142,34,0.3948717816998004,0.4448178010491213,0.555182202037817,0.11079063936180644,56787526405275062,66671435859110,0.07072598997789076,2134.965905035421,0.05929843430002216,2026-06-19 21:03:00
17.428571428571427,34,0.3948678618027152,0.444815195685076,0.555184804314924,0.1107923813795017,56796533667072487,66682303458160,0.07072886061508502,2128.8247107335555,0.057991127609164854,2026-06-19 21:18:00
17.714285714285715,34,0.3948762702535124,0.4448126825296433,0.5551873205566938,0.11079509784372449,56805650446893973,66693306161043,0.07073142641033868,2126.400782140883,0.05587886838009956,2026-06-19 21:33:00
17.714285714285715,36,0.39487910714724644,0.44481055435424605,0.5551894518178332,0.11079798754289107,56814776933641075,66704294298274,0.07073372638951803,2134.0368762689445,0.05557334251046179,2026-06-19 21:48:00
18.285714285714285,36,0.39487395729060315,0.44480829023627727,0.5551917128494658,0.11080083706307117,56824243683347984,66715688208792,0.07073659231916735,2126.871557482796,0.05520860408427057,2026-06-19 22:03:00
18.428571428571427,40,0.3948678618027152,0.444808220627773,0.5551917793722271,0.11080392293656635,56834042872564525,66727460538590,0.07073904448886048,2118.6038615059133,0.05406117146078905,2026-06-19 22:18:00
18.714285714285715,37,0.3948756440922829,0.4448051930222222,0.5551948100629213,0.11080785946348386,56844086081762106,66739487773123,0.0707414696912061,2113.657299844215,0.052508070974348675,2026-06-19 22:33:00
18.857142857142858,36,0.3948849981743247,0.44480148938014036,0.5551985106198597,0.11081207147657572,56854405834314931,66751798403646,0.07074406368939218,2106.122578938182,0.05117708835335772,2026-06-19 22:48:00
19.0,38,0.39488171082786944,0.44479666094472253,0.5552033390552775,0.11081693440459942,56864823487655233,66764151077094,0.07074653254227507,2111.416175387267,0.04963067555538193,2026-06-19 23:03:00
18.428571428571427,35,0.39488464356260794,0.44479038759637707,0.555209612403623,0.11082194771780862,56875467207718341,66776578197349,0.07074818811200412,2121.6687855698783,0.04759545407972063,2026-06-19 23:18:00
17.285714285714285,35,0.3948694080375883,0.4447845498944866,0.5552154531895185,0.11082647380201545,56885954623221317,66788740829639,0.07075012998512822,2136.644596400176,0.04620341662107119,2026-06-19 23:33:00
16.428571428571427,33,0.39487900172214146,0.4447789058391896,0.5552210941608104,0.11083199537588385,56895904898369151,66800244715802,0.070752291603626,2155.0161573825126,0.044901042668890265,2026-06-19 23:48:00
15.857142857142858,38,0.39487087440495755,0.44477435037122565,0.5552256496287743,0.11083548918559681,56905357219291145,66811169968931,0.070754722996548,2173.789024398087,0.0443781709472958,2026-06-20 00:03:00
14.142857142857142,31,0.3948653539630968,0.44477013404737936,0.5552298659526207,0.11083929475523284,56914799788026737,66821708366528,0.0707523581653028,2193.8141716657547,0.042730578262976604,2026-06-20 00:18:00
13.571428571428571,34,0.3948675008015982,0.44476347132145994,0.5552365317615211,0.1108430255723754,56923391447762833,66831451871945,0.07075377509070692,2212.096755712148,0.04163309473499499,2026-06-20 00:33:00
12.571428571428571,26,0.39486598012432633,0.44475742231382387,0.5552425869343846,0.11084683313181927,56931452712302005,66840607536064,0.07075634798692162,2228.2822790715045,0.04037175170025458,2026-06-20 00:48:00
11.571428571428571,24,0.3948704111734357,0.4447509112966757,0.5552490948683155,0.11085113492449207,56938962203702646,66849126796021,0.07075868406127855,2244.765833187027,0.039785980093655963,2026-06-20 01:03:00
10.428571428571429,22,0.3948601849382526,0.4447440352965994,0.5552559677856639,0.1108548239499629,56945598180236391,66856784391836,0.07076198048559902,2260.3818617205384,0.03822719230797943,2026-06-20 01:18:00
9.428571428571429,21,0.39487656097122614,0.4447368957732454,0.5552631042267546,0.11085805009995442,56951670087755221,66863791593251,0.07076521241039813,2273.293602438589,0.037735480839527005,2026-06-20 01:33:00
8.571428571428571,19,0.39486747204929684,0.4447296995159145,0.5552703004840854,0.11086202783030547,56957261896511603,66870243207621,0.07076826654660164,2287.0972984589353,0.03687445525171336,2026-06-20 01:48:00
8.0,23,0.39487427676061826,0.44472313969293525,0.5552768603070647,0.11086565644846146,56962444154640741,66876230668986,0.0707711360506132,2299.2942595206964,0.03662247271534682,2026-06-20 02:03:00
7.428571428571429,17,0.3948681908568308,0.4447184834625295,0.5552815196188341,0.11086892281758888,56967111897383575,66881653099395,0.07077379780750094,2313.4995531432724,0.03616650887212534,2026-06-20 02:18:00
6.571428571428571,16,0.39487550352547623,0.4447120326971837,0.5552879703839658,0.11087219423589005,56971366948314766,66886608563529,0.07077629024641985,2325.669384353427,0.03570315007917821,2026-06-20 02:33:00
6.142857142857143,17,0.3948688585491623,0.44470658859672074,0.5552934206460742,0.11087496909314688,56975191580150243,66891077375546,0.07077863418672968,2333.526487627407,0.03531891244475166,2026-06-20 02:48:00
5.571428571428571,16,0.39487407868920893,0.44470169396514253,0.5552983121962767,0.11087794571724406,56978693374124938,66895185830754,0.07078074116336798,2340.697095135857,0.03536670665783464,2026-06-20 03:03:00
5.142857142857143,14,0.39487688683064154,0.4446963949173592,0.5553036112436192,0.1108813189227971,56981775257357063,66898851385229,0.0707827772293641,2346.8434626399135,0.035173429061035696,2026-06-20 03:18:00
5.0,11,0.39488218683819193,0.44469030433775025,0.5553097049030828,0.11088436528862945,56984543219076643,66902143629362,0.07078465395644842,2353.520167880848,0.03480598784001192,2026-06-20 03:33:00
4.428571428571429,13,0.39486275986657426,0.4446842998489337,0.5553157032311286,0.11088764602184303,56987134476254046,66905220385149,0.07078655745649784,2356.387250734017,0.03453917215363725,2026-06-20 03:48:00
4.714285714285714,13,0.3948575173636266,0.4446791200445021,0.555320879955498,0.11089052899147392,56989645662186852,66908211538798,0.07078841789843017,2361.009847928757,0.034721130697177145,2026-06-20 04:03:00
4.428571428571429,12,0.39487619677540897,0.4446760216860291,0.5553239813936011,0.1108931690698471,56992024130059207,66911030089336,0.07079016092110509,2364.3962001864356,0.03448184418979756,2026-06-20 04:18:00
4.428571428571429,11,0.39487029616423025,0.4446709498427548,0.5553290532366656,0.11089577860208479,56994290320302707,66913705019104,0.07079180301451837,2369.684904197155,0.034691284910439574,2026-06-20 04:33:00
3.857142857142857,10,0.3948566068740836,0.44466750995352367,0.5553324900464763,0.11089831148036212,56996473824433589,66916285700369,0.07079342657727455,2372.480174084627,0.03465339572965414,2026-06-20 04:48:00
4.285714285714286,11,0.39485573152624226,0.44466316908202297,0.5553368339969723,0.11090071814360863,56998632282144654,66918845397398,0.0707949308766497,2367.7529460949136,0.03522924506087263,2026-06-20 05:03:00
4.285714285714286,12,0.3948498149415628,0.4446583137088468,0.5553416862911532,0.11090311075783439,57000821581048182,66921430824473,0.0707964987294533,2365.429857232015,0.03538000719625047,2026-06-20 05:18:00
4.428571428571429,12,0.394856552564181,0.44465344147392893,0.5553465585260711,0.11090544583109847,57003082548488993,66924091621434,0.07079813089623636,2361.6659495785816,0.03549674764762321,2026-06-20 05:33:00
4.285714285714286,11,0.3948521183203716,0.4446493243033208,0.5553506787750282,0.11090835147362244,57005490554816105,66926914874321,0.07079985644343617,2355.085137522235,0.036027553858300206,2026-06-20 05:48:00
5.0,14,0.39484937407294196,0.44464469504827436,0.5553553080298522,0.11091082768398242,57008020318246312,66929870510761,0.07080178466623661,2351.8962328864895,0.03693335769339151,2026-06-20 06:03:00
5.142857142857143,13,0.3948564056079741,0.44464240733080207,0.5553575926691979,0.11091302821198352,57010677659008174,66932972207901,0.07080385836833612,2347.429518195225,0.03772619485606695,2026-06-20 06:18:00
5.714285714285714,22,0.39485348245733604,0.4446379796131144,0.5553620203868855,0.11091484957664391,57013527771019304,66936286122110,0.07080605084437869,2343.1249261173098,0.03836770971081872,2026-06-20 06:33:00
5.857142857142857,13,0.3948640601095357,0.444634314431062,0.5553656886463748,0.11091703119734515,57016617792056529,66939876666072,0.07080842600118485,2341.20192009387,0.03958776478996243,2026-06-20 06:48:00
6.428571428571429,15,0.3948340970168203,0.4446305051498198,0.5553694948501803,0.11091887927808979,57019936175652375,66943726922440,0.07081099996258203,2332.229277482778,0.04088823034965979,2026-06-20 07:03:00
7.142857142857143,17,0.39484748600515274,0.44462769046159145,0.5553723126153695,0.1109201006790223,57023588029705348,66947965226690,0.0708136598376254,2322.8499241279283,0.04183936021721549,2026-06-20 07:18:00
7.714285714285714,15,0.394842304201508,0.44462311000763194,0.5553768899923681,0.11092156857068353,57027501401248890,66952503039799,0.07081651364555518,2317.5363763761025,0.0430742251534444,2026-06-20 07:33:00
7.714285714285714,16,0.39485165828354984,0.4446188065772789,0.5553811934227211,0.11092303810810353,57031673281150814,66957333798451,0.0708195314538002,2306.139637510804,0.04414429178844245,2026-06-20 07:48:00
8.571428571428571,19,0.3948494731086466,0.44461511235004725,0.5553848907261834,0.11092470803519189,57036128053077405,66962501910783,0.07082256710983674,2298.568650517623,0.04619083259622145,2026-06-20 08:03:00
8.857142857142858,18,0.3948529361636102,0.44461124038875954,0.5553887688391941,0.11092549087214981,57040890742134159,66968041544816,0.07082566996327459,2289.3265605873316,0.04742691908010663,2026-06-20 08:18:00
9.571428571428571,19,0.39487135360998016,0.44460676160536106,0.5553932414703681,0.11092653189525657,57045925249889145,66973899583723,0.07082872994020613,2278.773892023405,0.04921762248955056,2026-06-20 08:33:00
9.857142857142858,19,0.3948666797636594,0.44460437324158364,0.555395632909353,0.11092636677816219,57051212280344118,66980073744157,0.0708319113988266,2268.0695668529465,0.05113221983096121,2026-06-20 08:48:00
10.571428571428571,26,0.39485806365735243,0.44460231758439156,0.5553976824156084,0.11092570712416004,57056758597524394,66986581341156,0.0708350862280191,2255.1040745687396,0.053012752682842126,2026-06-20 09:03:00
11.0,27,0.3948461953462918,0.444601028367115,0.5553989747078274,0.11092539578952479,57062540091704207,66993392836386,0.0708385711375028,2246.5400375784848,0.05442585941205238,2026-06-20 09:18:00
11.571428571428571,33,0.3948662548685393,0.4445977615854562,0.5554022414892156,0.11092450815317269,57068498468327182,67000448299361,0.07084219623989095,2236.141332838946,0.05587336703818494,2026-06-20 09:33:00
12.0,34,0.3948645393145583,0.44459488883543463,0.5554051142389652,0.11092361382713423,57074709154905741,67007825091395,0.07084600442554327,2226.8385758400073,0.05720732989506547,2026-06-20 09:48:00
12.285714285714286,29,0.3948511662997266,0.4445917076183523,0.5554082985298955,0.11092312988895589,57081081300702787,67015419800276,0.07084963855690785,2218.1658045849617,0.05871873139642111,2026-06-20 10:03:00
12.714285714285714,32,0.394855578180635,0.4445910492469788,0.5554089538268552,0.11092246690871709,57087647472716029,67023278923252,0.070853406244476,2215.053732274779,0.05943200642208919,2026-06-20 10:18:00
13.428571428571429,28,0.3948550957809122,0.444588331719012,0.5554116713545392,0.11092163373722479,57094376365609317,67031356997433,0.07085709153997719,2208.620047232267,0.06069598410374399,2026-06-20 10:33:00
13.428571428571429,30,0.3948413394020624,0.44459015723572826,0.5554098427642717,0.11092055539890078,57101315518757480,67039707023262,0.07086082238161684,2204.7115971952903,0.06125610669820194,2026-06-20 10:48:00
13.714285714285714,31,0.39484630077139676,0.4445874908077676,0.5554125091922324,0.11091960647367803,57108440667039231,67048297154469,0.07086449911484899,2200.6432934344957,0.061876969463727144,2026-06-20 11:03:00
14.0,35,0.3948537827591502,0.44458349149964027,0.5554165085003597,0.1109190619352746,57115739831754338,67057095562855,0.07086822388080584,2196.275182813581,0.06250857483684343,2026-06-20 11:18:00
14.428571428571429,34,0.3948492654531368,0.4445786617275897,0.5554213444171713,0.11091850857559851,57123148314110768,67066040595155,0.070872130511211,2194.6987797234865,0.06219493538619628,2026-06-20 11:33:00
14.571428571428571,31,0.3949309667147961,0.44457386783595176,0.5554261321640482,0.11091813062442753,57130702231564079,67075168048803,0.07087621648856739,2194.002990925204,0.06202572217281327,2026-06-20 11:48:00
14.714285714285714,33,0.3948428632740344,0.4445692524612239,0.5554307475387761,0.11091744610725483,57138335690703699,67084387260496,0.07088017642336059,2193.8795704517097,0.06226709351461387,2026-06-20 12:03:00
14.857142857142858,29,0.3948456618313666,0.4445644711289583,0.5554355380854348,0.11091762885040242,57146040975557695,67093681306899,0.07088435230698795,2195.1103591916644,0.062014194472356,2026-06-20 12:18:00
15.0,39,0.39485538649862595,0.4445617509329559,0.5554382552093168,0.11091813161966929,57153872630363590,67103107665509,0.07088883393023579,2195.6565919334084,0.061680918669787387,2026-06-20 12:33:00
15.142857142857142,37,0.3948495913125522,0.44456462381636574,0.5554353823252272,0.11091822323264544,57161747703401863,67112559662917,0.07089318243671358,2197.233391043157,0.061379500592881664,2026-06-20 12:48:00
15.571428571428571,43,0.3948474764210523,0.44456066656222704,0.5554393395787518,0.11091853357455995,57169781039247127,67122200440939,0.07089753085115676,2196.1093619933376,0.06128046402666767,2026-06-20 13:03:00
16.0,35,0.39485416292846814,0.44455798553500164,0.5554420144649983,0.1109193388084275,57178026362840298,67132099927442,0.07090195793482558,2193.6154872301504,0.06068639640445289,2026-06-20 13:18:00
16.0,34,0.39485388179485487,0.4445579020107293,0.5554420979892707,0.1109202023623714,57186458449791054,67142207091504,0.07090657082126843,2186.55836699644,0.05995962556664296,2026-06-20 13:33:00
16.428571428571427,34,0.39485976643253284,0.44455515458825173,0.5554448454117482,0.11092171689338023,57195092096029534,67152524034422,0.07091123567014537,2177.8044513811683,0.058387034900531626,2026-06-20 13:48:00
16.714285714285715,33,0.3948455148751597,0.4445515978203149,0.5554484083182667,0.11092321760071405,57203861105005670,67162985614528,0.07091563220582525,2174.419711695815,0.05785919961130919,2026-06-20 14:03:00
16.428571428571427,33,0.39485458143418795,0.44454786868986745,0.5554521343791315,0.11092506566661534,57212693219076532,67173506888310,0.07092006455306944,2171.9839861280384,0.056878633156199516,2026-06-20 14:18:00
16.571428571428573,33,0.39485261030419483,0.44454447428997257,0.5554555257100274,0.11092674191543671,57221611378110656,67184121113611,0.07092448686305203,2173.2427397353777,0.05627291248182002,2026-06-20 14:33:00
16.142857142857142,38,0.3948647597488687,0.44454025730492186,0.555459745763479,0.11092898504673188,57230565586377451,67194756440434,0.07092884085441915,2175.558564406079,0.05544406316111692,2026-06-20 14:48:00
16.142857142857142,31,0.3948614468448122,0.4445360467867976,0.5554639593494108,0.11093090914205699,57239480185709579,67205331344846,0.07093319643145528,2179.455199332706,0.055195051744913265,2026-06-20 15:03:00
16.0,33,0.39484875749581283,0.44453294957001493,0.5554670504299851,0.11093364284705585,57248392912080699,67215894109199,0.07093750213392529,2180.678851307158,0.0548718610251118,2026-06-20 15:18:00
15.857142857142858,32,0.39484683428632195,0.4445315717992637,0.5554684282007363,0.11093619468036525,57257262890832342,67226380561547,0.07094171199020227,2185.7535859223817,0.05471904773525616,2026-06-20 15:33:00
15.714285714285714,33,0.39484753073095485,0.4445279550890093,0.5554720510454401,0.11093864525226804,57266050451969440,67236775229562,0.07094600669646177,2185.4862413975234,0.054819051500119814,2026-06-20 15:48:00
15.714285714285714,32,0.39485224291367743,0.444524208266979,0.5554757947999559,0.11094089499871408,57274790121110504,67247106648173,0.0709503976205291,2183.2649837474237,0.05433351056130631,2026-06-20 16:03:00
15.571428571428571,30,0.39484895237252204,0.4445197771680341,0.5554802289652484,0.11094383625569179,57283358952600746,67257255743740,0.07095479584532673,2184.922687954186,0.0540561878882099,2026-06-20 16:18:00
15.142857142857142,31,0.3948543769733783,0.44451501034098706,0.5554849896590129,0.11094521185714412,57291596598763815,67266998494320,0.07095918092395706,2186.073860635321,0.05443170298127263,2026-06-20 16:33:00
15.142857142857142,32,0.3948515688319456,0.44451110755060813,0.5554889016475454,0.11094712508542987,57299890461851270,67276820181206,0.07096362476647923,2185.14273835445,0.05588379154886748,2026-06-20 16:48:00
15.571428571428571,31,0.3948448120411264,0.4445065123118208,0.555493490753932,0.11094836888565912,57308225170473882,67286688958304,0.07096793785166156,2184.0824978242135,0.05643840175351521,2026-06-20 17:03:00
16.428571428571427,30,0.394851217414929,0.4445031485432413,0.5554968545222113,0.11094913034138,57316591664481825,67296628901235,0.07097201774343781,2178.723188960032,0.06390853876384422,2026-06-20 17:18:00
17.0,31,0.3948589358104936,0.44450734274577675,0.5554926603193431,0.1109441620582926,57324694813184174,67306502916597,0.07097550521186,2168.587262335586,0.06861613641829403,2026-06-20 17:33:00
16.571428571428573,32,0.39485746305372404,0.4445084894228555,0.5554915105771445,0.11093885584579766,57332539311699663,67316131552910,0.07097883375406844,2165.1212986351384,0.0693419611153028,2026-06-20 17:48:00
16.0,30,0.394866587117355,0.4445089986761306,0.5554910043883465,0.11093537420689895,57340187210595547,67325477395397,0.07098207620844484,2161.4786453367237,0.06757235994711666,2026-06-20 18:03:00
15.142857142857142,33,0.3948640505254352,0.4445084577108635,0.555491545353308,0.11093278181668279,57347744692821901,67334638507121,0.07098547784214379,2157.053044099696,0.06587029702549996,2026-06-20 18:18:00
15.142857142857142,29,0.39486792569671825,0.44450825176062725,0.5554917482393728,0.1109308859501974,57355305309518083,67343753034203,0.07098842619486892,2154.1380606258517,0.06391569295820826,2026-06-20 18:33:00
15.285714285714286,30,0.39485355913013964,0.44450669410429533,0.555493315086459,0.11092859720272923,57362847179985469,67352817186714,0.07099098875352146,2154.18810943341,0.06311813837253186,2026-06-20 18:48:00
15.142857142857142,28,0.39486479169587024,0.4445053397214835,0.5554946633418133,0.11092678436580691,57370351962533435,67361866708329,0.07099341131549575,2157.9025417665557,0.0619752687898017,2026-06-20 19:03:00
15.0,31,0.3949454387064797,0.4445050578001042,0.555494957514979,0.11092451085596881,57377824087993839,67370892532455,0.07099554189327148,2159.7207589282566,0.06186951023810469,2026-06-20 19:18:00
15.142857142857142,32,0.39486805667942443,0.44450544221211286,0.5554945669760405,0.11092226373270715,57385351311603433,67379948995139,0.07099760172466321,2163.0936444264216,0.06120151076276481,2026-06-20 19:33:00
14.428571428571429,31,0.39486046926656604,0.44450247699858575,0.555497529126258,0.11092141768397137,57392745009888787,67388868652416,0.07099984331064244,2168.7248579591733,0.059750047673667345,2026-06-20 19:48:00
14.714285714285714,31,0.3948543546104772,0.44449967435336124,0.5555003317708955,0.11092059887092563,57399941244664448,67397560246174,0.07100208800906341,2173.6209615082953,0.06122539160331785,2026-06-20 20:03:00
15.142857142857142,35,0.3948579742057482,0.4444969868014262,0.555503019322233,0.11091946714399951,57407239768552047,67406435313120,0.07100504915812413,2171.7323371068255,0.06246546154766449,2026-06-20 20:18:00
15.857142857142858,39,0.3948688585491623,0.4444952291310735,0.5555047739304582,0.1109182681678752,57414819940955921,67415660555306,0.07100815607529089,2171.7660790764953,0.06247632717341467,2026-06-20 20:33:00
16.0,32,0.39486418470284157,0.4444934675788986,0.5555065324211014,0.110917657164977,57422683043777836,67425229367477,0.07101107333137963,2171.561703222769,0.06228532434099648,2026-06-20 20:48:00
16.714285714285715,31,0.394863622435615,0.4444911180295721,0.5555088850313478,0.11091819841066332,57430829036705994,67435124687288,0.07101378601454157,2173.088809467902,0.06168715069472838,2026-06-20 21:03:00
16.714285714285715,32,0.3948577729396387,0.44448937324872007,0.5555106328725095,0.11091873602771228,57439304518442771,67445368009659,0.0710162699698229,2171.295764915006,0.060676691515473856,2026-06-20 21:18:00
17.285714285714285,35,0.3948675519168006,0.444489116333017,0.5555108867272837,0.11091991430455227,57447959026124068,67455811234633,0.07101860493204494,2160.993955317311,0.059357203398238516,2026-06-20 21:33:00
17.285714285714285,32,0.3948493517100409,0.44448605601701097,0.5555139470429885,0.11092173261485867,57456665529332440,67466280507992,0.07102124301916123,2166.3836627398077,0.05812284118207275,2026-06-20 21:48:00
17.714285714285715,34,0.3948614755971136,0.44448411305389285,0.5555158869461071,0.11092330530236981,57465605936549042,67477024930039,0.07102397822360883,2166.8779413303764,0.05781781400674511,2026-06-20 22:03:00
18.142857142857142,33,0.39486223274104937,0.4444821059398575,0.555517900178933,0.1109256791422846,57474918009705018,67488211867761,0.07102672766092104,2158.9531606537375,0.05704637245030715,2026-06-20 22:18:00
18.571428571428573,35,0.3948602552216559,0.44447994558432485,0.5555200544156752,0.11092924879536822,57484679379052298,67499863109058,0.07102866570309566,2150.5354117607435,0.05615603195284147,2026-06-20 22:33:00
19.142857142857142,36,0.3948725644013374,0.44447877675222786,0.555521235482971,0.11093235558177954,57494686533667087,67511746477099,0.07103077120344792,2151.303616473815,0.05443807180922343,2026-06-20 22:48:00
18.0,33,0.39486343714300626,0.4444755457362213,0.5555244634393037,0.11093599112920922,57504657697672748,67523550666066,0.07103297515914596,2155.510627645309,0.0532708297980655,2026-06-20 23:03:00
17.0,42,0.39486439555305153,0.4444733698567464,0.5555266332014829,0.1109395027516051,57514183109799541,67534868927985,0.07103586378131048,2169.1144294518463,0.05173032555754935,2026-06-20 23:18:00
16.571428571428573,36,0.3948812316228468,0.4444726146154197,0.5555273853845804,0.11094337373571321,57523488898372557,67545891935321,0.07103913420217679,2187.2251765713063,0.05073137553701647,2026-06-20 23:33:00
16.0,35,0.39487619677540897,0.44446906964912314,0.555530933408558,0.11094839058717781,57532497126472030,67556554377253,0.07104246537427023,2205.1572974877913,0.04925714285714286,2026-06-20 23:48:00
15.428571428571429,30,0.3948810303567373,0.44446511393268107,0.5555348921821501,0.11095243742998132,57541165656751591,67566781400640,0.0710460191544736,2221.4138804630443,0.04850920238247876,2026-06-21 00:03:00
13.714285714285714,37,0.39487485180664544,0.4444606480386992,0.5555393519613008,0.1109560823339486,57549899083578546,67576723031607,0.07104479117870938,2237.597791562171,0.0471346164292856,2026-06-21 00:18:00
12.714285714285714,27,0.3948758613318931,0.44445631642379324,0.5555436835762068,0.11095956085994572,57557640430741500,67585718372651,0.07104806183843262,2255.9413241962106,0.047039451297634934,2026-06-21 00:33:00
12.0,26,0.3948613765614089,0.4444519671986899,0.5555480328013102,0.11096311680118422,57564819533141199,67594123955977,0.07105174234150753,2274.5748372522817,0.04416182177768895,2026-06-21 00:48:00
11.0,25,0.39486161296922007,0.44444670448602935,0.5555532955139707,0.11096604696536091,57571532537175891,67601972892645,0.07105528301101714,2292.43813620886,0.04298400193497115,2026-06-21 01:03:00
10.285714285714286,21,0.3948753885162708,0.44444117264597277,0.555558830410196,0.11096917967090704,57577828628633335,67609360711340,0.07105871697776894,2307.418871631624,0.04164770175515531,2026-06-21 01:18:00
9.428571428571429,20,0.39487980678657947,0.4444372521561107,0.555562750899814,0.1109723301861414,57583713689633369,67616249735385,0.07106201470217699,2321.1095393848327,0.04046962838577791,2026-06-21 01:33:00
8.428571428571429,17,0.3948701172610218,0.4444307121432081,0.5555692878567918,0.11097585805298972,57589115552917994,67622582355346,0.07106509287778014,2334.616582175801,0.039452072392266495,2026-06-21 01:48:00
8.142857142857142,18,0.3948594980777202,0.44442485139209426,0.5555751547188522,0.11097923722759767,57594089238646355,67628416958467,0.07106807343810324,2348.023811856033,0.0387171493301055,2026-06-21 02:03:00
7.285714285714286,16,0.39486264805206894,0.4444191302971633,0.5555808697028367,0.11098230529273186,57598602099959321,67633717092490,0.07107076430296837,2361.434518880615,0.038392673373661965,2026-06-21 02:18:00
6.428571428571429,14,0.39486299307968525,0.4444132514483121,0.5555867516067298,0.11098517738994022,57602694129710262,67638529185338,0.07107320526764316,2370.744987368958,0.03766909663063617,2026-06-21 02:33:00
6.142857142857143,13,0.39485611489026035,0.4444084263310905,0.5555915767237369,0.11098784867769108,57606453536931806,67642959180231,0.07107549826392119,2379.178352427156,0.03719064878127763,2026-06-21 02:48:00
5.571428571428571,13,0.3948590763773002,0.44440423701927084,0.5555957660353341,0.11099037620339275,57609899323249573,67647043014538,0.07107773956745858,2387.8970885479152,0.037283738376181916,2026-06-21 03:03:00
5.428571428571429,14,0.3948630282213869,0.4443995029148629,0.5556005031939054,0.11099331228353693,57612976671506283,67650739021508,0.07107990295889027,2392.3115133055667,0.03691512057989798,2026-06-21 03:18:00
5.0,20,0.3948799952738884,0.4443960315834316,0.5556039775790509,0.11099572225085967,57615792626899391,67654122068661,0.07108185299996132,2399.0150126094977,0.036582782745403226,2026-06-21 03:33:00
5.0,34,0.39483266898585284,0.4443908397776867,0.5556091602223133,0.11099829582238807,57618477866069947,67657339178509,0.07108381842300801,2401.8585026040955,0.03619944342393277,2026-06-21 03:48:00
5.0,14,0.3948706156342453,0.4443855279401547,0.5556144720598453,0.11100076004100147,57621072695917913,67660446187613,0.07108583917384127,2402.789823014044,0.03616481665388628,2026-06-21 04:03:00
4.571428571428571,12,0.39486082068358264,0.444380375620933,0.5556196274325969,0.11100352104457933,57623601437139137,67663457071457,0.07108775091413498,2403.977044593148,0.03635359863349602,2026-06-21 04:18:00
4.857142857142857,13,0.39485368052874537,0.44437594832646343,0.5556240516735366,0.11100588431922981,57626094062749721,67666414970593,0.07108950712371165,2403.4438867356266,0.03656322931973377,2026-06-21 04:33:00
5.285714285714286,15,0.39484027237221203,0.4443723778866689,0.5556276221133312,0.11100789869137884,57628727582119529,67669507391264,0.07109106058791927,2402.487364092807,0.03676976376765618,2026-06-21 04:48:00
6.142857142857143,14,0.39485483381549985,0.44436872641566993,0.5556312735843301,0.11100992624772692,57631861894011330,67673089081691,0.0710920046335911,2397.8824963695133,0.03733140692847595,2026-06-21 05:03:00
6.285714285714286,20,0.394844907882131,0.4443641779203339,0.5556358251323346,0.11101258373868078,57635679130431897,67677313252535,0.07109235733931533,2395.2372009273677,0.03712238465539173,2026-06-21 05:18:00
6.857142857142857,25,0.39482606234594075,0.4443624359564223,0.5556375732008909,0.11101540966381006,57639933593144091,67681978292507,0.0710929043157815,2394.413151929559,0.03769442618846431,2026-06-21 05:33:00
6.714285714285714,20,0.39485145701744034,0.44435821182649543,0.5556417912257225,0.11101770755675135,57644196990224316,67686655212878,0.07109347862605653,2391.640818512763,0.038038264803942096,2026-06-21 05:48:00
7.571428571428571,17,0.3948397516360874,0.44435418353851197,0.555645816461488,0.11102053000979464,57648646824904042,67691607269950,0.07109454796291106,2388.7487083393266,0.03906126776949589,2026-06-21 06:03:00
7.142857142857143,19,0.39482878423046935,0.44434912127632825,0.5556508848271974,0.11102318193858292,57652932230981120,67696364001715,0.07109537843150736,2388.548603488325,0.03932901241417682,2026-06-21 06:18:00
8.142857142857142,17,0.39483261467595027,0.4443448443681776,0.5556551556318223,0.11102546125440621,57657492894961344,67701394914614,0.07109602202196284,2385.547358802426,0.03992927517973553,2026-06-21 06:33:00
8.0,17,0.39483994970749675,0.44434061124421126,0.5556593887557888,0.11102793522997041,57662170231208782,67706578970254,0.07109705641247734,2384.5529097634617,0.04072151456988309,2026-06-21 06:48:00
7.857142857142857,17,0.39481947167952947,0.44433726584390487,0.5556627372071633,0.11102992260472772,57666768434276321,67711733271818,0.07109861415936758,2375.6554807111065,0.0422377387949324,2026-06-21 07:03:00
7.714285714285714,17,0.39484216363470137,0.4443321692175959,0.5556678368840607,0.11103195212614408,57671050083294317,67716641955571,0.07110160015589628,2371.1969917897586,0.04262279338988905,2026-06-21 07:18:00
7.714285714285714,16,0.39483599466870994,0.4443303059210063,0.5556696940789937,0.11103392435966011,57675422709612474,67721666855206,0.07110484109278578,2368.3269492442187,0.04349191565860579,2026-06-21 07:33:00
8.0,24,0.3948308991219692,0.4443262428146061,0.5556737602357411,0.11103585210300788,57679869149332128,67726799456964,0.0711083754448816,2363.1374857973983,0.044054787248817194,2026-06-21 07:48:00
8.428571428571429,23,0.3948374802042801,0.4443221317857858,0.5556778682142143,0.11103735016139431,57684443224293277,67732117438953,0.07111218180905367,2357.2256181250223,0.045300219524614604,2026-06-21 08:03:00
8.571428571428571,29,0.39483467206284745,0.4443175862152742,0.5556824137847258,0.11103947262693034,57689148468253008,67737608008646,0.07111645368608421,2350.3680934179342,0.046165538206439136,2026-06-21 08:18:00
9.0,26,0.39481645268788684,0.44431244519644125,0.555687557853167,0.11104204676415806,57693972372265262,67743253591023,0.07112076938814836,2345.1293510178243,0.04714162843159161,2026-06-21 08:33:00
9.142857142857142,23,0.39483531100287766,0.44430819649295966,0.5556918065563966,0.11104367149640472,57699005131615607,67749160621393,0.07112516307237346,2339.3687923460934,0.048553755288951186,2026-06-21 08:48:00
9.714285714285714,21,0.3948274712087073,0.44430415970840614,0.5556958433406876,0.11104536043187603,57704249967057620,67755334439071,0.07112947552752245,2330.288305791637,0.05004383134671813,2026-06-21 09:03:00
10.0,23,0.39483238465753945,0.4442998958884537,0.555700113258045,0.11104651598017824,57709678188495467,67761775660474,0.07113407838190175,2323.2803963175343,0.05135983263598326,2026-06-21 09:18:00
10.428571428571429,22,0.3948404608595209,0.4442981318722702,0.5557018711762824,0.11104851473465549,57715327523304837,67768471584899,0.07113863919752714,2315.7868577955232,0.05282002530065307,2026-06-21 09:33:00
11.0,31,0.39483094384777134,0.44429491058935183,0.5557050894106481,0.11105052732345999,57721157479009446,67775411781364,0.07114304624823868,2307.8945529437365,0.05365115011906088,2026-06-21 09:48:00
11.285714285714286,26,0.3948335762806957,0.44429118677017304,0.5557088254218675,0.11105202956224593,57727207715064843,67782632380169,0.07114751482988918,2300.5042947308593,0.05540016904850911,2026-06-21 10:03:00
11.857142857142858,29,0.3948379370464017,0.4442862923875888,0.5557137137078684,0.11105311975906633,57733454105138289,67790111433239,0.07115185209496475,2294.3337315650056,0.05634743241766385,2026-06-21 10:18:00
12.571428571428571,24,0.3948231711423042,0.44428214577516234,0.5557178542248377,0.11105413159839932,57739907801719067,67797849570159,0.07115630617166913,2284.6492485834133,0.05714788008450461,2026-06-21 10:33:00
12.428571428571429,27,0.3948478214486686,0.4442784349759408,0.5557215650240592,0.11105459825184713,57746515377184332,67805793076809,0.07116071628850675,2275.652219862205,0.058056352962666494,2026-06-21 10:48:00
13.142857142857142,29,0.39484837732649486,0.4442749861308802,0.5557250169160057,0.11105517649747043,57753372252947378,67814042917440,0.07116541322154198,2268.215486423655,0.05853278951658597,2026-06-21 11:03:00
13.285714285714286,27,0.3948491153022297,0.44427162786859237,0.5557283751780115,0.11105633947710325,57760376439488642,67822481103339,0.07116975273693378,2261.911435545289,0.058744634797350634,2026-06-21 11:18:00
13.571428571428571,29,0.39485626504116744,0.44426995834010985,0.5557300416598902,0.11105770042379338,57767539670647150,67831108206945,0.07117403330709104,2258.1092786243216,0.05899827532626674,2026-06-21 11:33:00
13.857142857142858,32,0.39484565863666643,0.44426705458387283,0.555732948462138,0.11105884390526861,57774860400496036,67839930264651,0.07117849613367142,2255.7873986721943,0.059145323800300825,2026-06-21 11:48:00
14.142857142857142,28,0.39485478908969773,0.44426554713672417,0.5557344559089815,0.11106037096826137,57782231822137667,67848818876346,0.07118266221454822,2257.525084575969,0.0587723277405976,2026-06-21 12:03:00
14.142857142857142,30,0.39486065775387497,0.4442625012365525,0.555737501808862,0.11106263752805237,57789622113320256,67857719805084,0.0711868139750267,2259.6616054703786,0.05899190396838271,2026-06-21 12:18:00
13.857142857142858,29,0.3948465659315093,0.4442614279144852,0.5557385720855148,0.11106463429336526,57797080940676620,67866701891864,0.07119110238411645,2260.5450937058317,0.05815688807486647,2026-06-21 12:33:00
13.857142857142858,31,0.394847300712544,0.44425796936247797,0.555742030637522,0.11106552416810449,57804527498072419,67875670315916,0.07119562198953121,2263.0569252389064,0.05822614804483703,2026-06-21 12:48:00
14.285714285714286,29,0.3948418920851885,0.4442552513887982,0.555744751655757,0.11106754707344642,57811609885823217,67884172226012,0.07119982450339064,2262.9189119077696,0.0575678264964343,2026-06-21 13:02:00
14.428571428571429,32,0.39484807382998055,0.4442517773961401,0.5557482226038599,0.11107020672041772,57819896541435971,67894122946662,0.071204961308329,2265.4025311390124,0.05680552066555347,2026-06-21 13:18:00
14.714285714285714,34,0.3948495178344487,0.4442517342004282,0.5557482657995718,0.11107293992775305,57827829339564777,67903625525064,0.07120976533715712,2267.9584902770384,0.056471709393108915,2026-06-21 13:33:00
14.857142857142858,31,0.39483979636188954,0.44424846395766054,0.5557515390859873,0.111076330867697,57835860835467485,67913233730654,0.07121420368996506,2269.2111795705255,0.05616545238387819,2026-06-21 13:48:00
14.857142857142858,37,0.39484544778645647,0.4442436640545664,0.5557563389887955,0.11107934333891868,57843997869509902,67922954085504,0.07121885601974118,2271.205382337045,0.05513013672273907,2026-06-21 14:03:00
14.857142857142858,31,0.39484598130138165,0.44423865021041375,0.5557613528326593,0.11108316114653731,57852161779411974,67932678382647,0.07122337823779872,2271.952646103968,0.054415175428846656,2026-06-21 14:18:00
14.857142857142858,35,0.3948434862405638,0.44423544357881856,0.5557645564211815,0.11108652604766664,57860352358191501,67942424392202,0.07122801671662803,2270.659414094572,0.053293215545297534,2026-06-21 14:33:00
14.714285714285714,30,0.39486198994383787,0.4442320218200877,0.5557679781799123,0.11108956179949253,57868589502123999,67952191440262,0.07123281144476858,2269.935106000507,0.05265579620623791,2026-06-21 14:48:00
14.714285714285714,32,0.39484743488995033,0.4442263968962809,0.5557735970193316,0.11109268181950813,57876798626214399,67961901688401,0.07123746954425325,2269.0764306022857,0.05259576381759386,2026-06-21 15:03:00
14.285714285714286,30,0.39485438655747873,0.4442212702982913,0.5557787357855294,0.11109606911967097,57884970312542066,67971567849655,0.07124240521035118,2269.013884552855,0.05233154950493585,2026-06-21 15:18:00
14.571428571428571,34,0.3948620793954421,0.44421622305280745,0.5557837830304467,0.11109981030500306,57893128298343107,67981199164046,0.07124716229268313,2270.3216765134885,0.05238101580339213,2026-06-21 15:33:00
14.285714285714286,31,0.3948517988503565,0.4442115712887262,0.5557884408766399,0.1111031101165884,57901273575276984,67990815845877,0.0712518446066973,2270.7679410538226,0.05257357237853327,2026-06-21 15:48:00
14.571428571428571,31,0.39484713458813614,0.4442064911453407,0.5557935088546593,0.111105956480856,57909347421143719,68000366970156,0.07125680481123857,2266.725950645628,0.05278006729709689,2026-06-21 16:03:00
13.857142857142858,32,0.39493905889027836,0.44420119750763165,0.5557988085738965,0.11110877652818708,57917262184157830,68009753216040,0.07126170530712883,2268.123156522328,0.052470847475173214,2026-06-21 16:18:00
13.714285714285714,30,0.3948440548971907,0.44419603296256505,0.5558039731184001,0.11111127135171188,57924862649244155,68018757044312,0.07126648748635674,2268.6337067902937,0.053172377724657764,2026-06-21 16:33:00
14.285714285714286,31,0.39485578903084495,0.4441939309486295,0.5558060720915582,0.11111347532477643,57932515932472843,68027817283015,0.07127122378431128,2262.1224760666555,0.05438547169450287,2026-06-21 16:48:00
14.285714285714286,32,0.3948545750447876,0.4441887757856868,0.5558112242143132,0.11111517501410285,57940250361677308,68036980915834,0.07127595430069145,2252.4717434737986,0.05511963406052076,2026-06-21 17:03:00
14.714285714285714,31,0.3948533674481306,0.4441835703251701,0.5558164296748299,0.11111652622984304,57948126759636758,68046294064108,0.07128007103294086,2244.0469363101824,0.055175253637367194,2026-06-21 17:18:00
14.571428571428571,28,0.39485385623725366,0.4441789791799642,0.5558210208200358,0.11111832795945834,57956056016359500,68055650092333,0.07128377165051183,2232.9144214004787,0.0561223970784208,2026-06-21 17:33:00
14.428571428571429,30,0.39485788794884413,0.4441743980726992,0.5558256080053348,0.11111971233886514,57963910099774061,68064902927135,0.0712873694984235,2226.350680784284,0.056374846941363146,2026-06-21 17:48:00
14.571428571428571,30,0.39486617180633543,0.4441694050015752,0.5558305980371504,0.11112049639024332,57971553976102824,68073963921456,0.07129074835193173,2220.4849562950026,0.05678136290885748,2026-06-21 18:03:00
14.428571428571429,37,0.39485500313460786,0.4441649851160468,0.5558350148839531,0.11112131619821018,57979042500458676,68082864508015,0.07129381901360188,2216.495095214349,0.05681578681448761,2026-06-21 18:18:00
14.428571428571429,27,0.394845607521464,0.4441601590102628,0.55583984706603,0.11112312761071463,57986495097508392,68091718077201,0.07129646231619302,2213.2528137770328,0.05709330098737759,2026-06-21 18:33:00
14.142857142857142,28,0.3948583288174649,0.4441573655315502,0.5558426375062933,0.11112375031609192,57993957754789359,68100584637479,0.07129922104608154,2209.2695140080373,0.05710571013954987,2026-06-21 18:48:00
14.285714285714286,26,0.3948422371128048,0.44415315090864543,0.5558468521289107,0.11112444415134817,58001345867932106,68109389237737,0.07130177417915069,2208.1424932799355,0.05722634952150945,2026-06-21 19:03:00
14.0,25,0.3948490833552282,0.44415039502528725,0.5558496049747127,0.11112479912625646,58008537496233609,68118022018152,0.07130469842923033,2206.64076368806,0.057497191229164094,2026-06-21 19:18:00
13.714285714285714,27,0.39483414174262244,0.44414782236416733,0.555852183709846,0.11112491296794158,58015619682815473,68126545128040,0.0713076524397908,2207.099559860792,0.05776142171353713,2026-06-21 19:33:00
13.285714285714286,27,0.39483754729298326,0.4441444322277817,0.5558555768823825,0.11112423125089066,58022544514149419,68134903893608,0.07131046426740197,2206.6956001950575,0.05625524286682831,2026-06-21 19:48:00
13.857142857142858,28,0.39485826492346193,0.4441418269153179,0.5558581761211306,0.11112338216477155,58029319780190347,68143092985527,0.07131354334349221,2206.625630935801,0.057174989335436084,2026-06-21 20:03:00
14.714285714285714,31,0.3948413266232618,0.4441379240031507,0.5558620759968492,0.1111231339016673,58036513991235339,68151782703334,0.07131645365787667,2201.6971154669177,0.058578257181503474,2026-06-21 20:18:00
15.571428571428571,31,0.39484450215521183,0.44413469703917435,0.5558653181402062,0.1111229190448744,58044082551893249,68160926215309,0.0713194357424998,2203.885430647971,0.05893267868512071,2026-06-21 20:33:00
16.142857142857142,37,0.39483974205198696,0.44413512238567837,0.5558648776143217,0.111122729175583,58051984394260337,68170456198678,0.07132254222500405,2203.084731139518,0.05846149438049326,2026-06-21 20:48:00
16.0,30,0.39485223332957703,0.4441321413064776,0.5558678647641049,0.11112284124077208,58060120207914861,68180287694580,0.07132545179689208,2199.392668441415,0.05799472333245151,2026-06-21 21:03:00
16.142857142857142,32,0.39484050239062285,0.4441301680671815,0.5558698410378509,0.11112433223781579,58068394871511794,68190317224132,0.07132824063665899,2193.9392854199173,0.05714978048919551,2026-06-21 21:18:00
16.714285714285715,32,0.3949335416431177,0.44412728372010424,0.5558727193146233,0.11112604086296421,58076900166336742,68200590364681,0.07133093587392665,2184.351300553808,0.05581930023744126,2026-06-21 21:33:00
16.285714285714285,35,0.3948429335574377,0.44412517313659483,0.5558748298978549,0.11112802347503799,58085465202120541,68210915815396,0.07133395280578747,2182.5624605107487,0.053894487356557025,2026-06-21 21:48:00
17.571428571428573,37,0.3948391126960572,0.4441236992173118,0.5558763038168526,0.11112994186605216,58094337113177912,68221580691106,0.07133716490785551,2181.1187829891933,0.05453539979864725,2026-06-21 22:03:00
17.571428571428573,41,0.3948533706428307,0.4441216191160036,0.5558783839178789,0.11113172557276654,58103360591798401,68232465527975,0.07134073796984872,2181.4065403135473,0.05421967958841115,2026-06-21 22:18:00
17.571428571428573,42,0.394832228117232,0.44411880605690496,0.5558812000103069,0.11113487312650468,58112681527312706,68243667696307,0.07134450776366281,2180.581413686484,0.05290678045445131,2026-06-21 22:33:00
17.428571428571427,39,0.3948388794829462,0.4441161302766607,0.5558838788232829,0.11113828987488415,58122097020947114,68254929177160,0.07134855640013764,2183.6786789737384,0.05175535381849629,2026-06-21 22:48:00
17.0,39,0.394832502861445,0.4441107568565033,0.5558892431434966,0.11114189107056538,58131510747981268,68266142720121,0.07135276259822003,2189.31961668306,0.049770595454098426,2026-06-21 23:03:00
16.428571428571427,37,0.3948421732188018,0.44410576963762655,0.5558942394606741,0.11114588917247654,58140744654831268,68277079762616,0.07135649348388785,2200.809848550682,0.0487943937015093,2026-06-21 23:18:00
15.857142857142858,30,0.3948403522397158,0.4441003822744864,0.5558996177255137,0.11115006841807479,58149723526952096,68287677008066,0.07136025329850375,2216.2508800543956,0.04745146926843908,2026-06-21 23:33:00
14.571428571428571,29,0.39482580357522856,0.4440950381104581,0.5559049618895419,0.11115424528502202,58158340836986809,68297807882577,0.07136417564988023,2234.4533848547776,0.045922286033480544,2026-06-21 23:48:00
14.142857142857142,31,0.3948135359266491,0.44408994811059094,0.555910051889409,0.11115767566913615,58166537079127710,68307397502490,0.07136831991479829,2255.982043123076,0.044802912101219,2026-06-22 00:03:00
12.428571428571429,25,0.3948381606754123,0.44408376473159444,0.5559162352684055,0.11116151817826636,58174751495732668,68316623612035,0.07136734027962258,2274.305114329571,0.04334217797108055,2026-06-22 00:18:00
11.285714285714286,24,0.39482698561428436,0.444077758715136,0.5559222534109265,0.11116498096809405,58181956704374449,68324903928301,0.07137022040404438,2290.648176419061,0.04228824960555897,2026-06-22 00:33:00
10.714285714285714,24,0.39484069407263195,0.44407405723253024,0.5559259427674698,0.11116827615307637,58188603476471768,68332576789216,0.07137419094737986,2306.4996075247795,0.04075831515505881,2026-06-22 00:48:00
10.0,22,0.39482865963716346,0.4440680726308929,0.5559319273691071,0.11117141560325683,58194776167654122,68339701975896,0.07137793910645812,2318.1371239564814,0.04016121177213835,2026-06-22 01:03:00
8.714285714285714,21,0.3948231935052053,0.4440611550215223,0.5559388480093042,0.11117474882881317,58200391551223756,68346213066819,0.07138163518248408,2333.794749642951,0.03833644215839982,2026-06-22 01:18:00
8.0,18,0.39483076174986276,0.44405491525877394,0.5559450908024487,0.11117814823710814,58205406897786049,68352046769407,0.07138539911334292,2349.346018187289,0.037326783757132435,2026-06-22 01:33:00
7.428571428571429,19,0.39482020646056415,0.44404856578625335,0.5559514342137467,0.11118115254957713,58209920212489273,68357298336011,0.07138887839033005,2362.887747335796,0.03711668315341276,2026-06-22 01:48:00
6.857142857142857,19,0.39483216741792915,0.4440422206878871,0.555957782342293,0.11118407749752296,58214065235387699,68362137759056,0.07139206442960414,2376.0214980234573,0.036526627081869496,2026-06-22 02:03:00
6.142857142857143,14,0.39482002436265556,0.4440352013325077,0.5559648016974614,0.11118733470501188,58217857151041152,68366551334423,0.0713948444602379,2387.731513228853,0.03660706943287204,2026-06-22 02:18:00
5.714285714285714,13,0.39481839826027876,0.4440283033408207,0.5559716996889408,0.11119048621409648,58221289761269394,68370550800924,0.07139727001583596,2397.978893725103,0.035771805599254844,2026-06-22 02:33:00
5.285714285714286,13,0.39482478127118026,0.4440239251951974,0.5559760748048026,0.11119344587205951,58224427239629827,68374211764192,0.07139937500918539,2406.453511015125,0.0357468276878498,2026-06-22 02:48:00
4.714285714285714,13,0.3948303943593454,0.44401936901976025,0.5559806309802398,0.11119638766194719,58227243851744566,68377523787608,0.07140138217644562,2414.030518862808,0.036064854703532545,2026-06-22 03:03:00
4.285714285714286,11,0.39480774074057534,0.4440140446699236,0.5559859553300763,0.111199306627667,58229768070877313,68380519750009,0.07140315163944563,2416.5388322099525,0.03520632973541919,2026-06-22 03:18:00
4.285714285714286,12,0.39480208612130824,0.4440076603285002,0.5559923457293079,0.11120243910571355,58232076369915193,68383261732048,0.0714046946490653,2420.780175482797,0.03520243640272304,2026-06-22 03:33:00
4.142857142857143,11,0.3948145166995954,0.44400190651572746,0.5559980965129686,0.11120499581708328,58234314967448219,68385908091458,0.07140614848980782,2424.0067145798275,0.03500567829695134,2026-06-22 03:48:00
3.857142857142857,10,0.3948075778108676,0.44399589636176867,0.5560041036382313,0.11120752027170383,58236456810759289,68388446537652,0.07140760516100275,2426.7308611961776,0.034857931694509466,2026-06-22 04:03:00
3.7142857142857144,10,0.3948158105531565,0.44399008345380614,0.5560099195744798,0.11121013569543599,58238458893201595,68390824436559,0.07140913173554833,2430.185870207949,0.035406684986449354,2026-06-22 04:18:00
3.857142857142857,10,0.3947960034122209,0.443984171785496,0.556015828214504,0.11121270198803007,58240347061484418,68393070917389,0.07141058244630219,2433.089835781013,0.03480026718419128,2026-06-22 04:33:00
3.7142857142857144,10,0.3948116798058614,0.4439804756901205,0.556019530365604,0.11121525330855296,58242146530604443,68395213217297,0.07141204197807495,2435.978552152222,0.035150718187335624,2026-06-22 04:48:00
3.857142857142857,9,0.39478464305848426,0.4439756213554652,0.5560243846998334,0.111217574172037,58243915850892845,68397327256301,0.07141349546891869,2432.7467033005896,0.035546489210312913,2026-06-22 05:03:00
3.857142857142857,8,0.39479829081752893,0.4439705913985225,0.5560294116289164,0.11122038392793816,58245732257595852,68399485902028,0.07141502427228287,2433.0696061209815,0.036383764186782186,2026-06-22 05:18:00
3.857142857142857,12,0.39479076090927323,0.4439651269771799,0.5560348760500459,0.11122290192916683,58247607790634223,68401715802964,0.07141660506056079,2428.243662243584,0.036476875325447605,2026-06-22 05:33:00
4.0,13,0.3948025749104313,0.4439606517816726,0.5560393542723446,0.111225375432901,58249590024342547,68404056646930,0.0714182865671645,2421.437985026594,0.03724286649224931,2026-06-22 05:48:00
4.428571428571429,11,0.39479652734304566,0.44395641142839914,0.5560435915983916,0.11122771844264959,58251677427837377,68406530291622,0.07142010159305445,2418.0292619007273,0.03795163923382308,2026-06-22 06:03:00
4.571428571428571,15,0.39481415569847833,0.44395131723433356,0.5560486888188034,0.11122995035120106,58253957868523006,68409212150335,0.07142208049174374,2411.4002831332477,0.0390814545874935,2026-06-22 06:18:00
5.142857142857143,11,0.3948187368984947,0.44394713121756124,0.5560528718087858,0.11123191931966932,58256443681946336,68412117628250,0.07142414444530025,2402.8038384609536,0.03924761396238693,2026-06-22 06:33:00
5.571428571428571,14,0.39481696703461117,0.4439449513946694,0.5560550486053306,0.11123386143826525,58259236841689748,68415368382163,0.07142643052295591,2396.249243540794,0.04011854087300479,2026-06-22 06:48:00
6.428571428571429,14,0.39480257171573113,0.4439405373039473,0.5560594626960527,0.1112357385751884,58262283480715540,68418916640890,0.07142893915077385,2385.4751097245316,0.04110136659844479,2026-06-22 07:03:00
6.571428571428571,15,0.39480799951128753,0.4439361338882756,0.5560638721630166,0.11123700219278077,58265630184569977,68422823040811,0.0714314626760549,2372.5673257498934,0.04258163657318478,2026-06-22 07:18:00
7.285714285714286,15,0.394796514564245,0.44393205463833296,0.556067948387081,0.1112382476115311,58269157633537782,68426931043600,0.07143389908732692,2363.0922734962937,0.04417695268558835,2026-06-22 07:33:00
7.571428571428571,15,0.39480626159440546,0.44392831752881184,0.5560716824711881,0.11123891236195742,58272969744826442,68431374081385,0.07143644127638217,2348.8418740371903,0.04553517549366381,2026-06-22 07:48:00
8.0,17,0.394816391988584,0.443924625265531,0.556075374734469,0.11123922767936385,58277057013943760,68436146478862,0.07143907168174758,2337.9679807620482,0.04771551776348462,2026-06-22 08:03:00
8.571428571428571,17,0.3948121845684852,0.44392190710372054,0.5560780959209731,0.11123909861092879,58281425527960766,68441276915690,0.07144194945958228,2328.3697268476462,0.04922761873740847,2026-06-22 08:18:00
9.285714285714286,19,0.3948040189148995,0.4439206877928289,0.556079309182718,0.11123885677047839,58286040007139950,68446703691590,0.07144480595464893,2317.0128747663553,0.05095799408595617,2026-06-22 08:33:00
9.571428571428571,20,0.39478482515639285,0.4439206804255231,0.55607932259867,0.11123743834267594,58290895316371725,68452448608391,0.07144770615185098,2306.479080819725,0.053532781477711344,2026-06-22 08:48:00
10.428571428571429,23,0.3947951120908788,0.4439173483800999,0.5560826606917225,0.11123638754472884,58295998132714377,68458507261849,0.07145080720898102,2294.6408461027067,0.05520334830482411,2026-06-22 09:03:00
10.857142857142858,23,0.3948219891032484,0.44391497590285767,0.5560850271208243,0.11123505928283373,58301294376121433,68464837231248,0.0714540094589052,2284.786296688863,0.057500924761411554,2026-06-22 09:18:00
11.0,29,0.39480658745382086,0.44391197765263657,0.5560880253707846,0.11123337906850023,58306785462960664,68471414978829,0.07145731275523988,2277.562499908163,0.05836173598585349,2026-06-22 09:33:00
11.571428571428571,22,0.39481372121925784,0.4439094193447901,0.5560905836783662,0.1112319247015281,58312423925329389,68478199572331,0.07146066761482504,2269.3192049247527,0.060187096594089724,2026-06-22 09:48:00
12.285714285714286,22,0.3948183695079774,0.44390924905091855,0.5560907539719588,0.1112296925931189,58318279997659010,68485256737769,0.071463884729498,2264.93341578318,0.06162525767603342,2026-06-22 10:03:00
12.285714285714286,25,0.3948070474906426,0.4439094625246369,0.5560905374753631,0.11122692201594428,58324338539022588,68492589738592,0.07146700974051423,2260.173686447133,0.062474945941754616,2026-06-22 10:18:00
12.714285714285714,25,0.39479008363284124,0.44390678159302044,0.5560932184069796,0.11122413066169715,58330559304746884,68500134503714,0.07147015917146206,2251.5713300320926,0.06312176239374244,2026-06-22 10:33:00
13.0,31,0.3947979234270116,0.4439040318174118,0.5560959712046302,0.11122153612233547,58336994917175254,68507938681679,0.07147354978681422,2246.4989666630204,0.06440824299929361,2026-06-22 10:48:00
13.285714285714286,27,0.39478306807130986,0.4439004924078616,0.5560995136356545,0.11121968561244702,58343589785945503,68515957984428,0.07147713002763592,2237.923047949456,0.06461755126169254,2026-06-22 11:03:00
13.571428571428571,27,0.39478533950311717,0.44389716952087765,0.5561028335005929,0.11121752783508632,58350314186588457,68524160533770,0.07148052057694458,2233.7786948762673,0.06490868689674328,2026-06-22 11:18:00
14.142857142857142,29,0.3948690118947696,0.44389913725082303,0.5561008657703364,0.11121595836349132,58357233909998201,68532584016289,0.07148392967588378,2233.080035706444,0.06504039178659371,2026-06-22 11:33:00
14.142857142857142,28,0.3947969394593651,0.4438979732895023,0.5561020267104977,0.11121431813904438,58364280447906474,68541177068507,0.07148750960540998,2232.455343392794,0.06469177631721591,2026-06-22 11:48:00
14.428571428571429,29,0.39479072257287146,0.4438979958161755,0.5561020041838245,0.11121289535745149,58371422836043279,68549876237519,0.0714910699827453,2232.3668271489723,0.06513213907306785,2026-06-22 12:03:00
15.142857142857142,30,0.394808983478934,0.4438964484488874,0.5561035666523761,0.11121157136858503,58378648658579512,68558651427533,0.07149477897655283,2231.2343965286627,0.06515385515554548,2026-06-22 12:18:00
14.285714285714286,31,0.3947989712886611,0.4438943815700949,0.5561056214498686,0.11121089269373981,58385935205735794,68567526664007,0.07149857404378927,2232.403472017382,0.06393848962741909,2026-06-22 12:33:00
14.428571428571429,30,0.39479500666577383,0.443892397993796,0.5561076080455672,0.11121035780405507,58393280030797936,68576427179583,0.07150240066433301,2233.6460453248205,0.06290587817079903,2026-06-22 12:48:00
14.571428571428571,32,0.3948092390549461,0.44389142394625114,0.5561085760537489,0.11120985624216244,58400771832407423,68585481203149,0.0715063738330209,2233.6399201967442,0.06238328968439796,2026-06-22 13:03:00
14.714285714285714,31,0.3948049996878458,0.4438891199051129,0.5561108861330798,0.11120960363467276,58408316742297520,68594617465811,0.07151030526467861,2232.395515941489,0.061850829248135834,2026-06-22 13:18:00
14.857142857142858,28,0.3948057823893828,0.4438859834893146,0.5561140225483114,0.11121002244994047,58416008279514958,68603903728210,0.07151409790175814,2234.84862976515,0.0603798429982274,2026-06-22 13:33:00
15.0,28,0.3947927128710655,0.4438830481030405,0.5561169579340203,0.11121007846365304,58423828519040234,68613329586327,0.07151813245579423,2238.774717844679,0.059753070678121065,2026-06-22 13:48:00
15.0,31,0.3947975272841929,0.44387958048367787,0.5561204195163222,0.1112107821171641,58431696843146267,68622805492687,0.0715221351261869,2236.3377756038667,0.05954427612372994,2026-06-22 14:03:00
15.0,32,0.394796661520452,0.4438768244610075,0.5561231755389925,0.11121035075767319,58439585760122593,68632296546945,0.07152630412942976,2229.7869382513713,0.05865962899260063,2026-06-22 14:18:00
14.857142857142858,29,0.39479248604735473,0.44387304652826703,0.5561269534717329,0.11121130872929169,58447511821001831,68641830946815,0.071530468973509,2231.429375826921,0.0575188734931152,2026-06-22 14:33:00
15.0,30,0.394793613776508,0.44386899759763776,0.5561310024023622,0.11121181083997939,58455487743181980,68651414380141,0.07153482894184347,2230.729253846071,0.05744049594648026,2026-06-22 14:48:00
14.857142857142858,39,0.3948018592975975,0.44387248944026114,0.5561275135768265,0.11121201591151424,58463481653332456,68660994636961,0.07153898643903198,2232.2519852009355,0.05690515374245592,2026-06-22 15:03:00
14.857142857142858,29,0.39480233530791997,0.44386888206883807,0.5561311299983938,0.11121284668510345,58471424361000394,68670522769845,0.07154326002973706,2234.5714008189448,0.05653219342773177,2026-06-22 15:18:00
14.857142857142858,28,0.3947909078654802,0.44386488919434874,0.5561351138221746,0.11121342487336631,58479389410796633,68680051403032,0.07154749075570825,2231.659094975222,0.05645947786344121,2026-06-22 15:33:00
14.857142857142858,28,0.39479152124790917,0.44386053055480695,0.5561394754776868,0.11121435614852633,58487320470592018,68689534167814,0.071551831804327,2230.78866116353,0.05620418999249726,2026-06-22 15:48:00
15.0,27,0.39479207073633515,0.44385696189848917,0.5561430381015108,0.11121473626118211,58495248792435618,68699007600480,0.07155635503945261,2231.4745355937075,0.056591744687357115,2026-06-22 16:03:00
14.571428571428571,27,0.39478241635247907,0.443855396664595,0.5561446033354049,0.11121560054699879,58502971522730193,68708286597650,0.07156075988780614,2231.7503268584237,0.05587267864694361,2026-06-22 16:18:00
14.0,27,0.39478455360688003,0.44385387676839766,0.5561461262469917,0.11121627823026417,58510422321171057,68717221794335,0.07156487825010432,2232.9558401927266,0.05676734910621006,2026-06-22 16:33:00
14.428571428571429,30,0.39477947083893994,0.44385457794495375,0.5561454220550462,0.11121604016125651,58517916806071397,68726207561413,0.071569130730511,2227.495763939071,0.05809000244650078,2026-06-22 16:48:00
14.571428571428571,31,0.39477537842804666,0.44385188233585143,0.5561481176641485,0.11121558273698615,58525438358167177,68735229720589,0.07157301686387443,2224.6822859057434,0.05876798910091142,2026-06-22 17:03:00
14.571428571428571,31,0.3947817806071491,0.44384946278872855,0.5561505402258075,0.11121493034297825,58532874749679685,68744180442334,0.07157690344491857,2221.2788696655957,0.059115937266359664,2026-06-22 17:18:00
14.428571428571429,29,0.39479923964347374,0.44384773927731114,0.5561522637369399,0.11121405458576937,58540220716727055,68753043596190,0.07158066320752267,2218.419444384962,0.05882926158184966,2026-06-22 17:33:00
14.142857142857142,27,0.39480809535229205,0.4438455492435439,0.5561544537704156,0.11121351139574544,58547526084284132,68761865045608,0.07158435030532084,2217.1596350326954,0.059367580664342626,2026-06-22 17:48:00
14.285714285714286,29,0.3947943677257436,0.4438436561763389,0.5561563438236611,0.11121287043521225,58554769729553634,68770610354046,0.071587653106315,2216.944334531989,0.05973787169690269,2026-06-22 18:03:00
14.428571428571429,27,0.3948010734013604,0.4438419717620465,0.5561580342647193,0.11121200801371554,58562071719863386,68779383267024,0.07159081423704447,2215.9613033650517,0.0593623193386082,2026-06-22 18:18:00
14.285714285714286,26,0.39478146113713397,0.4438406446171282,0.5561593644221422,0.11121151409683362,58569449264193981,68788211465639,0.07159397063985361,2214.2119804968656,0.05911910811986356,2026-06-22 18:33:00
14.571428571428571,27,0.3947856174420303,0.4438399989240727,0.5561600010759273,0.11121093733132707,58576872869252018,68797095030022,0.07159679708811137,2215.804534110232,0.05884600086418305,2026-06-22 18:48:00
14.571428571428571,30,0.394786182903957,0.44383754130694,0.5561624647180753,0.111210771436911,58584208508019122,68805922126534,0.07159948143049709,2215.157374010388,0.058897592731695106,2026-06-22 19:03:00
14.428571428571429,33,0.39478772274942975,0.4438343347739729,0.5561656652260272,0.11121100914186753,58591511464468448,68814723963015,0.07160197595376826,2216.8436528248085,0.05882807823504309,2026-06-22 19:18:00
14.428571428571429,28,0.39479480539966433,0.44383302001029173,0.556166983001643,0.11121089820246331,58598909555180573,68823594884193,0.07160425559138947,2218.6649038173427,0.05841824454428755,2026-06-22 19:33:00
13.714285714285714,33,0.39478871949587685,0.44382844513309744,0.5561715578785514,0.11121105122480512,58606264457521516,68832423091537,0.07160674397064787,2219.1761380866315,0.05711564965358597,2026-06-22 19:48:00
14.857142857142858,35,0.39479178321332153,0.4438270393460031,0.5561729606539969,0.11121047812992466,58613396867079259,68840994203768,0.07160939549705364,2222.78810144855,0.05783983433713313,2026-06-22 20:03:00
14.714285714285714,28,0.394800345009726,0.44382357643681614,0.5561764325964147,0.11121003716417431,58620788001479449,68849945450847,0.07161260253007716,2223.8377837559988,0.05923994092225018,2026-06-22 20:18:00
15.285714285714286,33,0.3947811352777186,0.4438217783542169,0.5561782246565727,0.11120967632166369,58628395082727883,68859195330069,0.07161584292482406,2220.110689024943,0.06010713553634423,2026-06-22 20:33:00
15.857142857142858,38,0.3947853586713181,0.44381958923178955,0.5561804137787162,0.11121001806142417,58636320984811012,68868827942904,0.07161919756745636,2216.8513710138277,0.05963408438812527,2026-06-22 20:48:00
16.285714285714285,33,0.39479150846910854,0.44381744104503895,0.5561825649753978,0.11121077172024255,58644527498569049,68878830529203,0.07162268389752063,2207.5259518566027,0.058572473898349485,2026-06-22 21:03:00
16.428571428571427,32,0.3947755477471546,0.4438149633697086,0.5561850396402264,0.11121217481532032,58652963422390168,68889106443947,0.07162586902245342,2197.59098623181,0.05699246691242697,2026-06-22 21:18:00
16.714285714285715,31,0.3947897897204274,0.44381164284260777,0.5561883661863367,0.11121337113967854,58661513737380214,68899521145962,0.07162903286584363,2195.7137172169028,0.05563464357926558,2026-06-22 21:33:00
16.285714285714285,34,0.3947787041109037,0.44380902106163106,0.5561909789383689,0.11121541366618433,58670030306278870,68909891987930,0.07163243573470705,2199.5110746901983,0.05431267688880301,2026-06-22 21:48:00
17.571428571428573,35,0.39479187905432606,0.443809069003197,0.5561909340058806,0.1112172777025459,58678922008254023,68920663497780,0.07163562503152673,2193.1658936687454,0.055199986418579386,2026-06-22 22:03:00
18.142857142857142,34,0.39477321242134433,0.4438051627496262,0.5561948402591672,0.11121959521733034,58688328400454038,68932004152771,0.07163845224447155,2183.9592837201535,0.05384568782237601,2026-06-22 22:18:00
18.571428571428573,36,0.3947815378099376,0.4438036467363082,0.5561963562721977,0.11122251451255988,58698209226409766,68943837715358,0.07164109271165124,2170.731341274883,0.05191465147764955,2026-06-22 22:33:00
18.285714285714285,36,0.39478688893269037,0.44380094762028105,0.556199052379719,0.11122550739243639,58708239386749075,68955789240750,0.07164376525213516,2170.7930416786658,0.05042757437888569,2026-06-22 22:48:00
17.714285714285715,36,0.3947829754250055,0.4437972582352455,0.5562027447727232,0.11122880197910479,58718105700025207,68967530634368,0.07164695490538033,2176.729841024146,0.049113528795369676,2026-06-22 23:03:00
17.285714285714285,44,0.39480615936400065,0.44379322969510465,0.5562067733125996,0.11123331978709353,58727775767432705,68979009482892,0.07165046835891137,2190.494221474952,0.0480336923619042,2026-06-22 23:18:00
16.142857142857142,32,0.39479870612854856,0.44378844623494784,0.5562115597799477,0.11123688084754742,58737091429096840,68990015786215,0.07165414109410528,2209.5182854965547,0.046338455565610344,2026-06-22 23:33:00
15.0,34,0.3947992108911724,0.44378274984118843,0.5562172531660086,0.11124033165270426,58745971350698379,69000483213648,0.0716582449369863,2227.9465121087314,0.04515533204057794,2026-06-22 23:48:00
14.857142857142858,28,0.39480826147669995,0.4437777754637577,0.5562222245362423,0.11124468641921333,58754406062607373,69010390903030,0.07166213381460304,2247.9443847773964,0.04384716587138165,2026-06-23 00:03:00
12.714285714285714,28,0.3948926335076854,0.4437723116226236,0.5562276943908249,0.1112479700528781,58762779428660693,69019865411879,0.07166101360927514,2266.4027561808143,0.04241406914274759,2026-06-23 00:18:00
11.714285714285714,25,0.39477108794574395,0.44376863498585434,0.556231368020625,0.11125173406115858,58770113725844577,69028344007283,0.07166425158830508,2283.970901065382,0.0411731146003942,2026-06-23 00:33:00
10.714285714285714,22,0.394786055115951,0.4437621338881455,0.5562378691181106,0.11125497248550364,58776806089754556,69036121436320,0.07166859895434387,2299.419277311197,0.04005503132986444,2026-06-23 00:48:00
9.857142857142858,26,0.39479567435810536,0.44375638067629564,0.556243628341797,0.11125819912533237,58782933044130353,69043253775380,0.07167293714864852,2315.234193776126,0.03894827411076522,2026-06-23 01:03:00
9.285714285714286,26,0.39479225283424374,0.4437499694534284,0.5562500335523843,0.1112611642010381,58788634375553941,69049885125726,0.0716769865873106,2331.1296720825762,0.038051031520176165,2026-06-23 01:18:00
8.428571428571429,22,0.39478562063673045,0.4437434836799592,0.5562565163200408,0.11126429423427728,58793892833868880,69055993249625,0.07168069464224064,2346.137514108384,0.0374399205801523,2026-06-23 01:33:00
7.714285714285714,19,0.39477778403726027,0.44373648858387876,0.5562635114161212,0.11126765770676644,58798712190839249,69061595619084,0.07168398194661728,2360.156124202565,0.036410201004031036,2026-06-23 01:48:00
7.0,21,0.394791220946095,0.443730224240047,0.5562697757599531,0.11127070476571417,58803048405190072,69066668507403,0.07168758450191204,2371.220295677448,0.03624627227274047,2026-06-23 02:03:00
6.285714285714286,19,0.39479152444260934,0.44372343661561936,0.5562765693943151,0.11127339121334387,58806933696829040,69071224769264,0.07169064625527653,2383.5399936677013,0.03547829560381315,2026-06-23 02:18:00
5.714285714285714,17,0.3947974985318915,0.44371933519892587,0.5562806648010741,0.11127636723368038,58810497159443488,69075395371504,0.07169332743634173,2394.7658389144694,0.03530164900427291,2026-06-23 02:33:00
5.571428571428571,15,0.3947879080420385,0.4437132567431337,0.5562867432568663,0.11127932504431613,58813743833013547,69079209123887,0.07169589636068083,2402.63093908514,0.03506088119805279,2026-06-23 02:48:00
5.0,15,0.39477792140936674,0.4437090302757914,0.5562909757328707,0.11128231448543753,58816685885683950,69082676225574,0.07169829075251413,2410.232581729565,0.03496805280446081,2026-06-23 03:03:00
4.857142857142857,15,0.3947796369633478,0.4437042612550733,0.5562957387449268,0.11128505943405903,58819287154713241,69085789649733,0.07170047504523448,2415.345257906072,0.03504498071810476,2026-06-23 03:18:00
4.285714285714286,15,0.3947717748062764,0.4436983104956635,0.5563016925082522,0.11128783854699972,58821652726513131,69088615888529,0.07170259205756502,2419.392486676744,0.03461298668911126,2026-06-23 03:33:00
4.428571428571429,19,0.39477077805982935,0.44369236827857156,0.5563076317214285,0.11129046379593344,58823892014390203,69091286647200,0.07170474641177887,2423.915167872465,0.034530759639258356,2026-06-23 03:48:00
4.428571428571429,18,0.39476110131307224,0.4436863746784785,0.556313628325027,0.11129322342472973,58826085201229737,69093906283018,0.07170709992950174,2428.3645504326537,0.03436457817046419,2026-06-23 04:03:00
4.285714285714286,19,0.3947687877616353,0.4436808451285961,0.5563191548714038,0.1112958768943272,58828251392266221,69096468353492,0.0717092639972907,2430.5930238992437,0.03422704025357767,2026-06-23 04:18:00
3.857142857142857,18,0.3947661393552102,0.4436781696940856,0.5563218303059144,0.1112986096170075,58830354497027539,69098943027655,0.07171140568471245,2433.89498446301,0.03464281014831477,2026-06-23 04:33:00
3.7142857142857144,17,0.39476422892451996,0.443672817987792,0.5563271880179841,0.1113013883119532,58832387165027779,69101347515013,0.07171349234460826,2435.058140397252,0.035393224094407004,2026-06-23 04:48:00
4.0,17,0.39477606848327923,0.4436685265365621,0.5563314734634379,0.11130399035822253,58834400139509007,69103737795404,0.07171550793892953,2431.8481919633286,0.03587667773420997,2026-06-23 05:03:00
4.285714285714286,17,0.3947698484020854,0.443663549735974,0.5563364622739158,0.11130662898469172,58836472429761897,69106187028467,0.0717176529746955,2430.737648001147,0.03627260492169463,2026-06-23 05:18:00
4.428571428571429,19,0.3947796369633478,0.4436608082675046,0.5563391917324955,0.11130912040884729,58838686827416090,69108779479154,0.07171986994548316,2426.3048054026563,0.036205345519233795,2026-06-23 05:33:00
4.714285714285714,19,0.394763510116986,0.4436564439074777,0.556343559094565,0.11131182461812186,58841062045389568,69111547083072,0.07172188020848268,2416.8897878467947,0.037030415898470656,2026-06-23 05:48:00
5.0,11,0.39477033080180823,0.4436523793618265,0.5563476266418301,0.1113145498143161,58843579508779317,69114481514245,0.07172396603499502,2409.714060995358,0.038223556604884336,2026-06-23 06:03:00
5.142857142857143,12,0.3947700145264933,0.4436480934888431,0.5563519065111568,0.11131715233343573,58846134901578366,69117466522185,0.07172613272662064,2402.47455928238,0.03813298106560986,2026-06-23 06:18:00
5.714285714285714,14,0.39476643646232423,0.4436443122661709,0.556355687733829,0.11131945265100746,58848883701040767,69120673213688,0.07172847977280956,2396.12301095577,0.039121375666920435,2026-06-23 06:33:00
6.0,17,0.39476064447095066,0.4436394936479769,0.5563605123543606,0.11132162971534512,58851908895138382,69124200549468,0.07173084854750136,2390.5489796309134,0.03976277271302199,2026-06-23 06:48:00
6.571428571428571,14,0.39476264435324515,0.44363696712989514,0.5563630328701049,0.11132342490213562,58855171100877630,69127999180405,0.07173338399246793,2382.7966090309305,0.04115774045184224,2026-06-23 07:03:00
7.142857142857143,15,0.39477505256863127,0.44363310727330363,0.5563668927266964,0.11132495481998902,58858671019906662,69132093004736,0.07173613017196308,2374.2427631714045,0.042195799499358935,2026-06-23 07:18:00
7.285714285714286,16,0.39477476504561765,0.443629687038643,0.5563703129613571,0.11132583520203099,58862405803277751,69136460029394,0.07173900901864665,2364.335284936306,0.0436654357201341,2026-06-23 07:33:00
7.857142857142857,20,0.3947754934372521,0.4436261524612763,0.5563738505389717,0.1113266976355368,58866365815455843,69141093002801,0.07174214298168602,2351.9262719882367,0.04489868677270578,2026-06-23 07:48:00
8.714285714285714,20,0.39477252875551205,0.4436230077064258,0.5563769952935854,0.11132745043351645,58870567042499939,69146015723448,0.07174503651717597,2339.48304369163,0.04712371496485592,2026-06-23 08:03:00
8.714285714285714,18,0.3947831958593159,0.4436202062233728,0.5563797967763987,0.11132781706428167,58875011443726667,69151253930817,0.07174801597773979,2330.491145218418,0.048793562472111335,2026-06-23 08:18:00
9.285714285714286,18,0.39478331086852136,0.4436175525687277,0.5563824504307954,0.11132743942735977,58879695902028144,69156783489224,0.07175102061440132,2320.9767552993044,0.050985966330528786,2026-06-23 08:33:00
9.571428571428571,20,0.3947819818732586,0.443616195407035,0.5563838075922517,0.11132685005061842,58884593812697701,69162583822977,0.07175409111095567,2313.548625427135,0.05234047231367143,2026-06-23 08:48:00
10.285714285714286,29,0.3947781482330775,0.4436204803856222,0.5563795256124031,0.11132538000699832,58889743027495847,69168702908926,0.07175723777762927,2305.023194116974,0.05467819979034274,2026-06-23 09:03:00
10.714285714285714,27,0.3947803046556793,0.443620191838488,0.556379808161512,0.11132360124232292,58895093062482448,69175104041831,0.07176038966598722,2294.9842475777373,0.056655499366957074,2026-06-23 09:18:00
11.142857142857142,21,0.3947769725834219,0.443622145556982,0.556377854443018,0.11132235145133655,58900606958387887,69181723019844,0.0717634903339416,2285.3278450954804,0.05827020776407815,2026-06-23 09:33:00
11.714285714285714,23,0.3947661393552102,0.44362469897387913,0.5563753070225302,0.11132003932966467,58906360064809643,69188643591283,0.07176668517508833,2279.5568587593048,0.059293092894318326,2026-06-23 09:48:00
12.142857142857142,23,0.39475842415434576,0.44362412855731304,0.5563758744406204,0.11131734994030903,58912306855334521,69195824987353,0.07176986656005147,2271.6723330529344,0.060866824363073356,2026-06-23 10:03:00
12.428571428571429,23,0.3947619606874128,0.44362418334100023,0.5563758196566588,0.11131432345541753,58918449436230049,69203276400229,0.07177316170245032,2266.7025152551814,0.06198304986020503,2026-06-23 10:18:00
13.142857142857142,27,0.39477888620881235,0.4436266357475711,0.5563733672497975,0.11131192548446506,58924785963959915,69210969984932,0.07177663939655131,2260.844785487788,0.062053310624049944,2026-06-23 10:33:00
13.571428571428571,35,0.39476888999204013,0.44362943548325706,0.556370573507961,0.11130982522220415,58931313872667753,69218895350708,0.07178006192201072,2255.708891950784,0.06317782900561172,2026-06-23 10:48:00
13.428571428571429,52,0.3947628839557564,0.44362908696700637,0.5563709130329937,0.11130783837339771,58937984360494390,69227025679899,0.07178388042785619,2253.0052859555626,0.06372433325466131,2026-06-23 11:03:00
13.857142857142858,25,0.3947644940846325,0.44362895429252336,0.5563710546970317,0.11130634861218597,58944827342629100,69235374003620,0.07178805851835403,2251.2771893863387,0.06402330539732867,2026-06-23 11:18:00
14.142857142857142,30,0.39478667488778024,0.4436280295923179,0.5563719734039211,0.1113038808837837,58951854010272902,69243942713409,0.07179195603961964,2248.6833737727015,0.06422496645923624,2026-06-23 11:33:00
14.571428571428571,32,0.39476807853820184,0.44362845561322745,0.5563715443867725,0.11130146070545545,58959018418089344,69252678192935,0.07179618573849235,2248.868062399381,0.06359093600612353,2026-06-23 11:48:00
14.571428571428571,29,0.3948541469549674,0.44362887072356294,0.5563711292764371,0.11129941223956775,58966239558561934,69261473706209,0.07180031164052739,2247.6862053669956,0.06405127797948593,2026-06-23 12:03:00
14.571428571428571,40,0.3947590087844734,0.4436317324849579,0.5563682735058301,0.11129781911927586,58973462710505828,69270253432293,0.07180440939832364,2247.3878842591826,0.06408926652289006,2026-06-23 12:18:00
14.571428571428571,36,0.39477350952845836,0.44363127535126595,0.5563687276438418,0.11129675130737551,58980834780547715,69279226042602,0.07180850677484206,2247.0853339369637,0.06337781228219289,2026-06-23 12:33:00
14.571428571428571,28,0.39477233707350295,0.44362866608957446,0.5563713369052579,0.11129595810409533,58988191895197351,69288184253877,0.07181268912154502,2249.0214600454083,0.061881037905693805,2026-06-23 12:48:00
15.0,32,0.39476269866314767,0.4436267264153217,0.5563732765792341,0.1112952900299384,58995708498400535,69297309195112,0.0718170671547524,2249.1210056826926,0.06116182776364836,2026-06-23 13:03:00
15.142857142857142,32,0.3947701678721005,0.4436244978154979,0.556375502184502,0.11129558000700829,59003360634505224,69306597993380,0.07182150241521677,2249.6816684432592,0.06059034524203346,2026-06-23 13:18:00
15.142857142857142,41,0.3947695129585696,0.4436224470777893,0.5563775589102155,0.11129553837978215,59011119349245834,69316005490173,0.07182604847920492,2253.974034490014,0.06037255679696118,2026-06-23 13:33:00
15.0,42,0.3947678676879919,0.4436192961228051,0.5563807068709207,0.11129606986478278,59019007590870737,69325545820617,0.07183073123622008,2256.5923284398414,0.05894255325933506,2026-06-23 13:48:00
15.0,46,0.3947779725245692,0.4436163963074256,0.5563836066860268,0.11129639904773862,59026880417706253,69335065952956,0.07183554928822641,2261.957103803604,0.0588868846811832,2026-06-23 14:03:00
14.857142857142858,31,0.3947689187443415,0.4436148036830842,0.5563851993100793,0.11129665156929058,59034743947541491,69344585636433,0.0718402485727688,2265.4415082262544,0.05798543526899365,2026-06-23 14:18:00
15.0,38,0.3947633599660789,0.44361122770738276,0.5563887782783935,0.11129695184023511,59042605765523945,69354093500769,0.07184515350918329,2268.3614714534892,0.057120010719924494,2026-06-23 14:33:00
14.714285714285714,48,0.39475699931807845,0.4436070033979798,0.5563929995946327,0.11129823380716523,59050488059495335,69363591159223,0.07184973459480883,2270.8653216612347,0.056892865107371016,2026-06-23 14:48:00
14.714285714285714,31,0.39476215556412203,0.4436021135509451,0.5563978894413883,0.11129909787178699,59058326111949264,69373037073643,0.07185433122902536,2273.5368044653123,0.056722403926565176,2026-06-23 15:03:00
14.571428571428571,29,0.3947675705808778,0.44359804345862974,0.5564019625254861,0.11130031144426894,59066146884773593,69382456331865,0.07185917326947111,2275.5648240716437,0.05606970346531473,2026-06-23 15:18:00
14.428571428571429,30,0.3947575136648028,0.44359478223478993,0.5564052207569972,0.11130160590963491,59073928575673314,69391803693491,0.07186404396599887,2276.77706370232,0.056722922252793795,2026-06-23 15:33:00
14.428571428571429,34,0.39475642746675144,0.4435907385752441,0.5564092644162707,0.11130279254709355,59081694238316316,69401118387882,0.07186900767169638,2276.771917829641,0.05603233640137792,2026-06-23 15:48:00
14.571428571428571,29,0.39476597642550254,0.4435876961603218,0.5564123038396782,0.11130335279442378,59089439130217234,69410396132968,0.07187387602495561,2274.3488447617233,0.05682216100755197,2026-06-23 16:03:00
14.285714285714286,30,0.39477290573012985,0.44358749915726225,0.5564125008427377,0.11130404545858455,59097026645550683,69419524745473,0.07187877005267737,2273.4238441999046,0.0563244179036503,2026-06-23 16:18:00
14.142857142857142,27,0.39485955877702306,0.443586908090786,0.55641310088122,0.11130417289945616,59104324549016189,69428297043588,0.0718830284209011,2273.7325177085045,0.056881105888632384,2026-06-23 16:33:00
13.857142857142858,26,0.3947675066868748,0.44358401688326754,0.5564159861071316,0.11130563020225369,59111590398965665,69437050572540,0.07188721039388477,2267.563706792982,0.058481878117696305,2026-06-23 16:48:00
14.285714285714286,29,0.39477081000683084,0.44358631783398794,0.5564136881462223,0.11130510171249589,59118846984318658,69445812158108,0.07189150866441561,2262.0386003133563,0.05868702236932373,2026-06-23 17:03:00
13.857142857142858,34,0.3947687877616353,0.4435839195356513,0.5564160804643488,0.11130494812046068,59126095786161322,69454573050138,0.07189586830850267,2257.3396306654363,0.05919757803093452,2026-06-23 17:18:00
14.285714285714286,33,0.39477446474380345,0.4435813831753787,0.5564186228037267,0.11130459532053615,59133258895720512,69463246975642,0.07189995954579173,2253.7595583706084,0.05973033675407492,2026-06-23 17:33:00
13.857142857142858,28,0.39475633801514726,0.4435781062807517,0.5564218996977943,0.11130364373015326,59140352221313095,69471844282207,0.07190400113385774,2250.4134306235806,0.05949921219851443,2026-06-23 17:48:00
14.142857142857142,30,0.3947642193404195,0.4435748805078445,0.5564251194921555,0.111304026697702,59147372683195774,69480361668955,0.07190754339563793,2248.1869282162174,0.06028835063437139,2026-06-23 18:03:00
14.142857142857142,27,0.394845818371674,0.44357347121546864,0.5564265317732437,0.11130383130095664,59154463672162774,69488913758891,0.07191059938584293,2243.7071630697214,0.05956244939751586,2026-06-23 18:18:00
14.285714285714286,29,0.3947520539222449,0.44357276687427066,0.5564272391025826,0.11130448909145071,59161690789169415,69497593901179,0.07191335918619787,2238.486236067448,0.05952755091936852,2026-06-23 18:33:00
14.285714285714286,27,0.3947586861197582,0.44357029922385727,0.5564297007761427,0.11130436764537738,59169022609303180,69506397367617,0.07191597837139312,2236.4500115633014,0.059177100019772985,2026-06-23 18:48:00
14.571428571428571,32,0.3947558013055219,0.4435676587162923,0.556432344271608,0.11130449267880523,59176336185071076,69515223880137,0.07191869143484872,2233.984500666956,0.0591534982251231,2026-06-23 19:03:00
14.428571428571429,28,0.3947610406137694,0.4435662800064889,0.5564337229811481,0.11130429644780662,59183672682606317,69524101348721,0.07192145321666912,2233.195494310343,0.059180778628161325,2026-06-23 19:18:00
14.714285714285714,29,0.3947648135546476,0.443564811415022,0.556435188584978,0.11130497029623378,59191092253205606,69533077460858,0.0719238978439757,2234.8835346577794,0.05888358599635432,2026-06-23 19:33:00
14.0,29,0.39476950337446914,0.443562402770587,0.5564376002165147,0.11130463564192031,59198448669224951,69542018573665,0.07192664737142371,2238.019606681038,0.057377837284759564,2026-06-23 19:48:00
14.857142857142858,33,0.39475404102573874,0.4435604015460983,0.5564395984539017,0.11130464229190785,59205634572091264,69550749218162,0.07192960002625845,2242.6071067515213,0.058486381921319684,2026-06-23 20:03:00
15.142857142857142,29,0.39476289992925717,0.4435581266047851,0.5564418733952149,0.11130417180757869,59213010939825687,69559781453541,0.07193308073053592,2239.528358569369,0.06027219980831808,2026-06-23 20:18:00
15.714285714285714,32,0.3947567629102673,0.4435575414051409,0.556442461581135,0.11130455559581509,59220739551167223,69569260125667,0.07193704387383001,2233.8616703957587,0.06028660068802482,2026-06-23 20:33:00
16.857142857142858,31,0.39475782674541754,0.4435546235903531,0.556445379395643,0.11130586122291486,59228843788346719,69579199062923,0.07194067289560602,2224.1572809087284,0.059725401434308746,2026-06-23 20:48:00
17.142857142857142,34,0.3947674619610727,0.44355212419722184,0.5564478817742027,0.11130709486723878,59237335263642586,69589603437125,0.07194387302685912,2212.5345347697507,0.058914086510052505,2026-06-23 21:03:00
17.0,34,0.39476860566372673,0.44355107725955434,0.5564489257258772,0.1113087394375504,59246181758589739,69600361875645,0.07194659802039419,2193.541765154817,0.056774331304407684,2026-06-23 21:18:00
17.571428571428573,34,0.3947554307203044,0.4435491424366901,0.5564508575633099,0.1113105184855021,59255265073838448,69611380055335,0.07194920210585813,2184.727553672706,0.05526804392206941,2026-06-23 21:33:00
17.571428571428573,33,0.39476004706202245,0.4435460411741193,0.5564539707653984,0.11131236616691288,59264350089053561,69622363229311,0.07195206657324457,2184.697687086961,0.05339690908657947,2026-06-23 21:48:00
18.285714285714285,35,0.394778244074082,0.44354356679744045,0.5564564391717618,0.11131477971196742,59273642186907860,69633649179456,0.07195541760692692,2181.087265184188,0.054275843415655646,2026-06-23 22:03:00
18.428571428571427,35,0.39477866577450194,0.4435419034929804,0.5564580994913396,0.11131824624842482,59283235138890850,69645352920867,0.07195836097240085,2175.1776619262787,0.05378470806186035,2026-06-23 22:18:00
18.571428571428573,38,0.3948854198747446,0.44354140120013996,0.5564586017838873,0.11132255864573912,59292882216203055,69657128730784,0.07196023541804095,2174.3208631168773,0.052182116911911235,2026-06-23 22:33:00
18.142857142857142,36,0.39513692903352504,0.44353997979581644,0.5564600231879363,0.11132679258263638,59302217618293093,69668620293124,0.07196120706144951,2183.6204791226874,0.05054564652075949,2026-06-23 22:48:00
18.0,35,0.3951241438435211,0.4435389170037735,0.5564610829962265,0.11133154319743443,59311264695810776,69679844223091,0.0719617837629627,2198.4925540777926,0.049389044340580494,2026-06-23 23:03:00
16.857142857142858,40,0.3951280956876078,0.44353535861648463,0.5564646473499723,0.11133464699194809,59320704098969720,69691118098085,0.07196496405678722,2210.7640400832215,0.047305410443793904,2026-06-23 23:18:00
15.857142857142858,35,0.39513574699446924,0.44353050053749976,0.5564695054284555,0.11133779718126392,59329728377475623,69701849091690,0.07196886342121533,2228.8975087825465,0.04569045240208627,2026-06-23 23:33:00
14.571428571428571,32,0.39513662234231056,0.4435251850576654,0.5564748149423345,0.11134145120594241,59338307310302817,69712028674246,0.07197300374639065,2246.4770156493155,0.04425521259081018,2026-06-23 23:48:00
14.0,27,0.3951256421578919,0.4435196312177864,0.5564803747472005,0.11134537245874816,59346440286379900,69721651697789,0.07197715920007589,2267.4505847870832,0.043255273712626816,2026-06-24 00:03:00
12.428571428571429,25,0.3951394624307447,0.4435139309539328,0.5564860750105957,0.1113495513996568,59354564181978933,69730886873432,0.07197629229572106,2289.2109338932605,0.04166593339551473,2026-06-24 00:18:00
11.285714285714286,28,0.39512726187086844,0.443509667347875,0.5564903356341523,0.11135309072471135,59361662022625729,69739123025697,0.0719792318271245,2305.6185893292595,0.04063715130866779,2026-06-24 00:33:00
10.571428571428571,22,0.39513037031411524,0.44350284296858594,0.5564971629950228,0.11135626935988584,59368158233343823,69746700233112,0.07198321901401569,2320.921244736095,0.0393869734079568,2026-06-24 00:48:00
10.142857142857142,21,0.39513515278024114,0.4434960778995693,0.5565039310451784,0.11135965027318398,59374165538709776,69753708900418,0.07198729001830767,2337.868343824256,0.03845163993296624,2026-06-24 01:03:00
8.714285714285714,19,0.3951312392725563,0.44348957362058256,0.5565104293607894,0.11136286479546897,59379720915599942,69760214368763,0.071991221578195,2353.0574941263317,0.0376692978874396,2026-06-24 01:18:00
7.857142857142857,17,0.3951332104025494,0.44348327083213923,0.5565167291678608,0.11136606758946646,59384784585856158,69766150010691,0.07199487284630587,2369.7427589688864,0.03670749995072106,2026-06-24 01:33:00
7.428571428571429,19,0.3951274248005761,0.44347697408057013,0.5565230289003882,0.11136927440878461,59389410770590487,69771573903891,0.07199824085329763,2381.614196189605,0.03646319922089917,2026-06-24 01:48:00
6.857142857142857,17,0.39513188779668695,0.4434708252753015,0.5565291777054472,0.11137258052033124,59393639635843668,69776551162211,0.07200128615627045,2397.842695059287,0.0356234992894595,2026-06-24 02:03:00
6.285714285714286,14,0.3951408361518096,0.4434635991601913,0.5565364068008962,0.11137568678621455,59397424735959753,69781023496893,0.07200415016417346,2404.331190643511,0.03526204348247277,2026-06-24 02:18:00
5.857142857142857,19,0.39513857110940265,0.4434582106564678,0.5565417923238628,0.11137900038147527,59400849702573832,69785084733446,0.07200678972252736,2412.9981247786573,0.03500104978448542,2026-06-24 02:33:00
5.142857142857143,12,0.39512288832636183,0.44345160348457563,0.5565483994955536,0.11138205275657147,59403970257310544,69788809749253,0.07200952712238785,2420.0377541351127,0.034797741511331116,2026-06-24 02:48:00
5.142857142857143,12,0.39512730659667056,0.443447001279516,0.556552998720484,0.1113851875740027,59406803994721727,69792216288577,0.07201212694359721,2425.062810945754,0.03478680082653724,2026-06-24 03:03:00
4.714285714285714,13,0.3951255303433866,0.44344247620698896,0.55655752677273,0.11138787573337605,59409362919441130,69795326092085,0.07201448373699904,2428.4308384747023,0.03483002661317119,2026-06-24 03:18:00
4.428571428571429,14,0.3951238722940083,0.44343773380014745,0.5565622661998525,0.11139043413294637,59411711055663715,69798182913927,0.072016732312311,2433.3154236946857,0.034894748297627565,2026-06-24 03:33:00
4.285714285714286,14,0.39511607403093996,0.4434325601206625,0.5565674398793375,0.11139355850711068,59413925082891843,69800862268824,0.07201883581232289,2435.1541854078,0.034385724624711095,2026-06-24 03:48:00
4.0,13,0.3951132850577082,0.4434283823678132,0.5565716206113178,0.11139597944481365,59416046006962407,69803437543215,0.07202080461771844,2442.8815997723896,0.03433623124152132,2026-06-24 04:03:00
3.7142857142857144,9,0.3951201632471331,0.4434232524969436,0.5565767475030564,0.11139859190243795,59418065996225027,69805869453215,0.07202272743568625,2445.8614713291677,0.03445721563694044,2026-06-24 04:18:00
3.857142857142857,10,0.395097170990147,0.44341974519081284,0.5565802548091872,0.11140112354967244,59420015349039543,69808203890412,0.07202424228749665,2450.1722730706297,0.03431715544702466,2026-06-24 04:33:00
3.857142857142857,11,0.3950921169745083,0.44341621340295245,0.5565837925540776,0.11140367790312884,59421882942593307,69810439739657,0.07202572001350216,2454.861062148022,0.034844445280380935,2026-06-24 04:48:00
3.857142857142857,11,0.39508865711424485,0.4434108256729392,0.5565891802836708,0.11140702587676916,59423786561772306,69812715931273,0.07202733893017746,2453.6261819090064,0.03526526085955451,2026-06-24 05:03:00
3.857142857142857,10,0.395086670010751,0.44340550307312454,0.5565944999049719,0.111409922490157,59425719132916712,69815028658874,0.07202907035144236,2452.2683840793256,0.035593395479040696,2026-06-24 05:18:00
4.142857142857143,10,0.3950716293624405,0.4434004761136112,0.5565995268642764,0.11141262163056587,59427722861767836,69817416196190,0.07203097623023233,2448.0737745317506,0.03554985494159388,2026-06-24 05:33:00
4.428571428571429,17,0.39506736443773904,0.4433957247885621,0.5566042781891168,0.11141501980902704,59429863916963891,69819944532132,0.07203286168931916,2438.4927639971925,0.036268196347813635,2026-06-24 05:48:00
4.428571428571429,15,0.39506267461791755,0.4433921672004526,0.5566078447094159,0.11141738435144646,59432125689178912,69822620501707,0.07203504958602973,2434.3621509182144,0.03710272869454743,2026-06-24 06:03:00
5.142857142857143,13,0.39507246637388005,0.44338851803125057,0.5566114849460004,0.11141962916121638,59434552201376578,69825476335283,0.07203736208672744,2427.176177124118,0.037717182289134614,2026-06-24 06:18:00
5.285714285714286,14,0.39505562391468446,0.44338442118678983,0.5566155788132101,0.11142184142782939,59437226110376381,69828596640857,0.07203978935384577,2422.1963599592436,0.03836973431940687,2026-06-24 06:33:00
5.857142857142857,15,0.3950556111358839,0.44338243525866183,0.5566175647413382,0.11142375596242371,59440145809895236,69832004434167,0.07204231085570172,2419.551422221846,0.03966474671620581,2026-06-24 06:48:00
6.571428571428571,15,0.3950559561635002,0.44337890420348114,0.5566210957965189,0.11142510389186323,59443299774873125,69835691224796,0.07204512025424858,2409.1837352719517,0.04070338946605312,2026-06-24 07:03:00
6.571428571428571,15,0.39505066893475044,0.4433748748559978,0.5566251310967207,0.11142618635482172,59446730832181535,69839705523973,0.07204807898878943,2400.0615666076415,0.042199934523937006,2026-06-24 07:18:00
7.285714285714286,17,0.39505149316738936,0.4433709685977646,0.5566290314022354,0.11142770636058759,59450411361629118,69843997556118,0.07205086232483543,2390.181064465693,0.04347938741419043,2026-06-24 07:33:00
7.857142857142857,16,0.39505174235400115,0.44336739559018035,0.5566326073857194,0.11142869528096178,59454345024081570,69848592683613,0.07205371827899039,2375.0371839533805,0.04501300783197245,2026-06-24 07:48:00
8.571428571428571,18,0.3950448705539765,0.4433654803122491,0.5566345196877509,0.1114287702851749,59458540768603616,69853515588409,0.07205675070577564,2362.632784888728,0.04721768025739754,2026-06-24 08:03:00
8.714285714285714,25,0.3950529531453583,0.44336278314561844,0.5566372198298114,0.11142910154275586,59462976967340918,69858744653621,0.07205992671566094,2350.132817931907,0.04902934659001524,2026-06-24 08:18:00
9.428571428571429,20,0.39504926965608433,0.4433667776107424,0.5566332283395543,0.11142938700281596,59467728073103308,69864336488931,0.07206305771424117,2339.4575607326574,0.05038684575364112,2026-06-24 08:33:00
10.0,20,0.39503631195227223,0.4433639515736083,0.5566360484263917,0.1114288363706322,59472743798514734,69870251905319,0.07206622876624665,2329.3803701686243,0.0524038932764648,2026-06-24 08:48:00
10.571428571428571,21,0.3950350979662149,0.4433610458298633,0.5566389601194586,0.11142799112737203,59477987224940743,69876467780247,0.07206978129709633,2319.269988542292,0.054599587258223795,2026-06-24 09:03:00
11.0,21,0.3950291845762356,0.44335737568543787,0.5566426272889718,0.11142655769550329,59483474174666222,69883007973957,0.07207314452109732,2310.69115710475,0.05661269231675423,2026-06-24 09:18:00
11.571428571428571,27,0.3950437012937213,0.443354844175217,0.5566451617730953,0.11142551472328416,59489184804403049,69889839055339,0.07207638101281597,2301.180221351397,0.058758623927786434,2026-06-24 09:33:00
11.714285714285714,32,0.3950365355812828,0.4433531570070155,0.5566468489407825,0.11142310417852026,59495096185839390,69896933035818,0.07207972871123328,2292.6826130237564,0.06010584051453335,2026-06-24 09:48:00
12.285714285714286,24,0.3951158440125291,0.443354168634835,0.556645831365165,0.11142100276474223,59501231640191528,69904318611329,0.0720833742526083,2281.7760906209282,0.06089895618417951,2026-06-24 10:03:00
12.857142857142858,26,0.39504090593108926,0.4433701207443065,0.5566298792556935,0.11141847966185306,59507573866703661,69911971766219,0.07208653253905442,2275.710466654959,0.061181152878131195,2026-06-24 10:18:00
13.285714285714286,25,0.39504535934309964,0.4433903144456493,0.5566096885272472,0.11141531125378298,59514079610518079,69919830168912,0.0720898033497817,2272.8683423454113,0.0625036213829627,2026-06-24 10:33:00
14.0,25,0.3950267310465197,0.44339140941439786,0.5566085965308547,0.11141314916455476,59520717697533502,69927890908468,0.07209315797993723,2271.0764232918696,0.06290053080738903,2026-06-24 10:48:00
13.857142857142858,28,0.3950307627581101,0.4433904713527091,0.5566095316196574,0.11141126119731823,59527542886159082,69936187593214,0.07209679827349137,2267.730141896056,0.06354413031787244,2026-06-24 11:03:00
14.0,29,0.39502974684346215,0.4433884970701861,0.5566115029298139,0.11140943098153268,59534544265431322,69944690206490,0.07210030627012584,2267.826352310656,0.06416749047561236,2026-06-24 11:18:00
14.142857142857142,27,0.3950319160448646,0.44338594157703787,0.5566140584229621,0.11140806700492989,59541658899016846,69953334162548,0.07210394599376276,2267.1625015293603,0.06422829663303214,2026-06-24 11:33:00
14.285714285714286,28,0.39502482700522973,0.4433854632284482,0.556614542714641,0.11140729351362437,59548903523198923,69962127112734,0.0721077260565564,2262.8387713559646,0.06402871884847576,2026-06-24 11:48:00
14.714285714285714,29,0.39503890924349494,0.4433823209082196,0.5566176790917804,0.1114062008828597,59556243655340635,69971043755877,0.07211155793916824,2262.412826196698,0.06431546936709737,2026-06-24 12:03:00
14.714285714285714,32,0.39503041773049385,0.4433803110118858,0.5566196889881142,0.11140519187884132,59563584206050335,69979975230879,0.07211539101600237,2261.1204339255305,0.06439819333297772,2026-06-24 12:18:00
14.571428571428571,28,0.39503435360107975,0.4433791410948173,0.5566208648466551,0.11140419892516074,59571049150696218,69989045305938,0.07211916558442834,2263.4398064347447,0.06353672836256594,2026-06-24 12:33:00
14.571428571428571,29,0.3950261304428913,0.4433779905936704,0.5566220123767894,0.1114034489220826,59578505555539637,69998086611508,0.07212319180610298,2266.0318895353225,0.06262679058995436,2026-06-24 12:48:00
14.857142857142858,33,0.3950277789081692,0.44337542528337076,0.5566245747166293,0.11140286658900239,59586089551503515,70007273473609,0.0721274877085524,2268.021763910898,0.062417988959218476,2026-06-24 13:03:00
15.285714285714286,30,0.39501628437702624,0.44337216078693015,0.5566278421829798,0.11140325147446559,59593833780981694,70016658450436,0.07213190120801245,2268.6504963942766,0.06140125067248231,2026-06-24 13:18:00
15.285714285714286,33,0.3950175303100851,0.4433788759318437,0.5566211270377384,0.1114033181268972,59601695505758371,70026167106601,0.07213654150333793,2271.46197476418,0.06019150261469153,2026-06-24 13:33:00
15.142857142857142,30,0.3950173769644778,0.44338233143798816,0.5566176715312814,0.1114040132162868,59609615419835450,70035736345102,0.07214096767146143,2274.031077254906,0.05953383229845166,2026-06-24 13:48:00
15.142857142857142,32,0.39501834495862354,0.44337948367533875,0.5566205192936592,0.11140439149566504,59617549225449605,70045319156260,0.07214557345060464,2273.259999581781,0.05942539511874211,2026-06-24 14:03:00
15.285714285714286,32,0.39501060100545776,0.44337724812458323,0.5566227518754168,0.11140493824755232,59625500576012651,70054906371459,0.07215019590740955,2275.4053087573566,0.058018013838733666,2026-06-24 14:18:00
15.142857142857142,30,0.39501760378818856,0.44337565516903366,0.5566243477994123,0.1114057652783014,59633463811176784,70064493625100,0.07215469184661198,2276.601878967463,0.057714415774007564,2026-06-24 14:33:00
15.571428571428571,30,0.3950060134160411,0.44337284270732114,0.5566271572926789,0.11140650211525131,59641474572410335,70074131359232,0.07215929767709957,2277.460995678906,0.05741683678203582,2026-06-24 14:48:00
15.0,29,0.3950044799599686,0.4433696579375754,0.5566303479982507,0.11140775309086326,59649446241135944,70083711787320,0.07216407516893306,2279.52905842912,0.056850173851967514,2026-06-24 15:03:00
14.857142857142858,32,0.395014437840339,0.4433660836807702,0.5566339192868776,0.1114091216470599,59657403655920669,70093269387104,0.07216875203543706,2277.219837570254,0.05632280933816022,2026-06-24 15:18:00
15.142857142857142,30,0.3950147732838548,0.4433668634091253,0.5566331395582431,0.11140995341518889,59665325898779587,70102782223352,0.07217345548735733,2273.8639899071823,0.05666238481356561,2026-06-24 15:33:00
14.857142857142858,31,0.3950161693678208,0.4433637963648351,0.5566362125364833,0.11141092052125393,59673227530589658,70112257705824,0.07217840466245082,2275.5525697858543,0.05644686765392163,2026-06-24 15:48:00
15.428571428571429,38,0.39501610547381777,0.44335963018882296,0.556640369811177,0.11141147026091722,59681093283864293,70121692215951,0.07218378322435288,2274.0066015212765,0.05707704380206689,2026-06-24 16:03:00
14.428571428571429,30,0.39500802607713614,0.4433557071066833,0.5566442958598882,0.11141269346344873,59688844907269657,70131027599369,0.07218913813113087,2272.099415065695,0.05657791727624894,2026-06-24 16:18:00
14.571428571428571,32,0.39500554698981905,0.4433528765151514,0.5566471264511562,0.1114126162763258,59696281145895494,70139972532156,0.07219407266330946,2274.195220998716,0.05724397180373826,2026-06-24 16:33:00
14.857142857142858,27,0.39502344689476454,0.4433486114781705,0.5566513944539032,0.11141333707795754,59703765985800688,70148977916249,0.07219866767957347,2270.239984804531,0.0581369150779896,2026-06-24 16:48:00
14.857142857142858,26,0.3950225332105214,0.4433461576699354,0.556653845295828,0.11141325007495682,59711247951645906,70157987257187,0.07220324885037342,2265.6171507998447,0.05884124507002474,2026-06-24 17:03:00
14.857142857142858,36,0.39501255935665025,0.4433440431253085,0.5566559568746915,0.11141318071493463,59718664922498390,70166942002253,0.07220774807383391,2258.78277465319,0.0594803601771297,2026-06-24 17:18:00
14.571428571428571,26,0.39502789072267447,0.443340810827807,0.5566591921373975,0.11141280602440524,59725977381465526,70175788839975,0.0722120434352043,2254.658730442212,0.060051680179417984,2026-06-24 17:33:00
14.285714285714286,26,0.39502123935696026,0.4433371058821801,0.5566628970827511,0.11141269623789408,59733255676556789,70184609393082,0.07221598101091078,2251.5153603459335,0.05992023428493688,2026-06-24 17:48:00
14.285714285714286,28,0.395022756839532,0.4433332213779909,0.5566667786220091,0.11141219240570129,59740456267154131,70193332282670,0.07221970612701012,2249.4919679773784,0.05987648668139516,2026-06-24 18:03:00
14.142857142857142,27,0.39502145659657056,0.44333026254755925,0.5566697404168249,0.11141287904918568,59747561908123527,70201937632349,0.07222316447117057,2249.1918083839846,0.060253964528542744,2026-06-24 18:18:00
14.142857142857142,31,0.3950205876381295,0.4433273599734283,0.5566726459547883,0.11141269347616935,59754651826857321,70210520345784,0.07222679812985475,2247.5558184053552,0.060053208446447744,2026-06-24 18:33:00
14.0,29,0.39500999720712926,0.4433234402385885,0.5566765627252469,0.11141257195743977,59761809745105566,70219192446847,0.07223017335426138,2248.922492635034,0.05931859257395164,2026-06-24 18:48:00
14.428571428571429,27,0.395018290648721,0.44332044825708644,0.5566795517429135,0.1114122363398262,59768985077683457,70227884607691,0.07223358388013372,2248.3693881648933,0.059291798759082026,2026-06-24 19:03:00
14.0,29,0.39501985605179496,0.44332048559500414,0.5566795144049959,0.11141149063371139,59776155471452880,70236583940395,0.07223691602442797,2250.6884908232914,0.05938902127476868,2026-06-24 19:18:00
14.428571428571429,36,0.39500515084700033,0.44331780687181666,0.5566821960912014,0.1114117314078878,59783319056750722,70245281339107,0.07224002029111255,2251.9981766411834,0.05926029900855661,2026-06-24 19:33:00
13.714285714285714,31,0.3950179264529038,0.44331534104398884,0.5566846648815217,0.11141096367062338,59790356620070125,70253861971742,0.07224305867288042,2254.371284856626,0.05740948725341274,2026-06-24 19:48:00
14.571428571428571,34,0.395012172797932,0.44331202750520743,0.5566879754572805,0.11141093774237115,59797254638461573,70262268900791,0.0722461896307031,2259.4059066906825,0.05870294125252479,2026-06-24 20:03:00
15.142857142857142,39,0.3950047387306808,0.44330872766304336,0.5566912782613965,0.11141065276412296,59804611241000524,70271212111314,0.07224914657415697,2251.4060734654545,0.05991671123797647,2026-06-24 20:18:00
15.714285714285714,33,0.3949914711409541,0.4433057084559612,0.5566942915440388,0.1114108386336583,59812405643078370,70280692927530,0.07225221330166903,2245.236799592899,0.05994213309388407,2026-06-24 20:33:00
16.571428571428573,31,0.39500252160877614,0.4433023455049342,0.5566976574567418,0.11141138036754004,59820616755767508,70290677856595,0.07225529108092783,2229.5309668627788,0.059216329836415615,2026-06-24 20:48:00
17.142857142857142,34,0.3950053840601113,0.44329977426644324,0.5567002257335568,0.11141281857504727,59829220323029356,70301157222045,0.07225832831965197,2211.727219336273,0.05893765447199049,2026-06-24 21:03:00
17.285714285714285,33,0.39500114788771123,0.4432989879378119,0.556701012062188,0.11141420093357254,59838067505013921,70311936698897,0.07226143849692458,2203.6247163413864,0.0570876980129704,2026-06-24 21:18:00
17.571428571428573,36,0.39500594313263776,0.4432987811661244,0.5567012217947083,0.11141540231184106,59847076611659088,70322885775666,0.07226405040221591,2196.8302927712643,0.05595203394109123,2026-06-24 21:33:00
17.714285714285715,35,0.3949939310600703,0.4432962480967176,0.5567037578244179,0.11141729961124307,59856140486425151,70333878925752,0.07226688042700832,2200.3156779321757,0.054830773192413626,2026-06-24 21:48:00
18.285714285714285,37,0.3949977870631525,0.4432929621047742,0.5567070408555257,0.1114197087387238,59865258307011519,70344918429899,0.07227005837715489,2205.3154887083742,0.05479786396899473,2026-06-24 22:03:00
18.285714285714285,42,0.39500082522299595,0.44329023186053645,0.5567097710994924,0.11142238159302506,59874613542745523,70356262363721,0.072273796936277,2207.261616993939,0.05381385407667538,2026-06-24 22:18:00
18.428571428571427,40,0.39499611623497355,0.4432860446381225,0.5567139583216343,0.11142696848152385,59884181551830438,70367824673941,0.07227767983102772,2206.5793170314932,0.052435638124152854,2026-06-24 22:33:00
17.857142857142858,40,0.3950185174724317,0.4432824239207471,0.5567175760792529,0.1114305485407736,59893881041678794,70379490559234,0.07228157501234643,2209.640064610419,0.050751541587737,2026-06-24 22:48:00
17.857142857142858,46,0.3950123197541389,0.4432794041408719,0.556720598818353,0.11143497928410118,59903514965043783,70391050530586,0.07228547436353541,2213.84783663592,0.05011166729759511,2026-06-24 23:03:00
17.142857142857142,33,0.39500016392006476,0.44327622322456284,0.5567237767754372,0.1114389139815285,59913172927890017,70402537444506,0.07228892302362826,2223.336118091954,0.04807897658564872,2026-06-24 23:18:00
16.857142857142858,37,0.39500039713317575,0.44327357513472754,0.556726427823979,0.11144265834302594,59922753983734775,70413841884765,0.07229253629132508,2235.084989652131,0.0462195388994901,2026-06-24 23:33:00
15.571428571428571,33,0.3950049080497888,0.4432675251821904,0.5567324777762758,0.11144658477577986,59932007526502056,70424698123813,0.07229590545968442,2253.416710489375,0.044731911037962126,2026-06-24 23:48:00
14.714285714285714,29,0.39500477067768236,0.443262379897978,0.556737620102022,0.11145046966795887,59940760631816168,70434966426761,0.07229938145646927,2274.7967175358935,0.04399015042176288,2026-06-25 00:03:00
13.571428571428571,34,0.3950101441633362,0.44325675680680293,0.5567432431931971,0.11145462818455495,59949432312943840,70444767783289,0.07229792458731293,2296.3633429145407,0.042539426625367104,2026-06-25 00:18:00
12.428571428571429,27,0.3949857973534861,0.4432513711507833,0.5567486288492167,0.11145830101578048,59957164624715061,70453646776980,0.07230029404522396,2315.645328722256,0.04108828755618172,2026-06-25 00:33:00
11.285714285714286,23,0.39499426650358616,0.4432451337296505,0.5567548692279065,0.1114616181688941,59964320314055777,70461921461170,0.07230371156519699,2332.725702904236,0.040105937415708025,2026-06-25 00:48:00
10.714285714285714,23,0.3949859475043932,0.443239457790074,0.5567605481245966,0.11146488566174881,59970972121127349,70469614345969,0.07230716653809062,2348.5498443269535,0.03905932972095577,2026-06-25 01:03:00
9.428571428571429,22,0.39497194832833193,0.4432355766942134,0.5567644233057866,0.11146818930129895,59976940973655786,70476585710568,0.07231134971995122,2362.047987851857,0.038010985417772855,2026-06-25 01:18:00
8.714285714285714,20,0.3949846792084333,0.4432293369520407,0.556770666004864,0.11147142526928532,59982288957643583,70482851282221,0.07231523944251518,2375.310884633084,0.03721110584713618,2026-06-25 01:33:00
7.857142857142857,20,0.3949699835877391,0.44322249614902054,0.5567775038509795,0.11147418886416095,59987204883266899,70488603458990,0.07231889406960372,2389.4785919732267,0.03656132476040277,2026-06-25 01:48:00
7.428571428571429,23,0.3949671498887053,0.4432159415153361,0.5567840614411536,0.11147758361606624,59991723247118689,70493912087327,0.07232222118669364,2399.791513485968,0.036303243156764003,2026-06-25 02:03:00
6.571428571428571,16,0.39496061033749635,0.4432095157626998,0.5567904842373003,0.11148040403450865,59995815811806649,70498728642853,0.07232524196912463,2412.7649260245526,0.0359061009274096,2026-06-25 02:18:00
6.285714285714286,15,0.3949605496381935,0.44320291182853605,0.5567970911275535,0.11148367817623314,59999518856206108,70503101067137,0.07232807353082399,2426.084567153654,0.03546734777769053,2026-06-25 02:33:00
5.714285714285714,15,0.39497302174758264,0.4431967516498288,0.556803251306063,0.11148654214462864,60002876607091718,70507081242991,0.0723306862764081,2437.8078157984114,0.03533250711338244,2026-06-25 02:48:00
5.857142857142857,12,0.39496028447808096,0.44319299748418417,0.5568070025158158,0.11148926697516369,60005962659584780,70510750222461,0.07233320133757878,2451.2762650494187,0.035406933857880504,2026-06-25 03:03:00
5.0,22,0.3949375765494083,0.4431909331695685,0.5568090668304315,0.11149175019044744,60008762005555269,70514105199952,0.0723355897317048,2460.510804238224,0.03577866628409608,2026-06-25 03:18:00
4.428571428571429,15,0.3949349888422861,0.4431860382935334,0.5568139617064666,0.11149450168499479,60011275423854836,70517115060913,0.0723377234903568,2455.334761032876,0.03485243433576787,2026-06-25 03:33:00
4.428571428571429,12,0.3949311168657032,0.4431812685340632,0.5568187314659369,0.11149744718057586,60013660933363454,70519977523116,0.07233969542983469,2454.4566954769193,0.03457252714934591,2026-06-25 03:48:00
4.428571428571429,10,0.394928762371692,0.4431771906322541,0.556822809367746,0.11150006720565289,60015950795964095,70522732723794,0.07234165099863896,2455.2974683397083,0.0346876200758218,2026-06-25 04:03:00
3.857142857142857,11,0.39491931564334576,0.4431727613012949,0.5568272386987051,0.1115024386163266,60018086994181654,70525288573246,0.0723434574501901,2467.2198283081916,0.034607318371052055,2026-06-25 04:18:00
3.857142857142857,10,0.3950123357276397,0.44316892785939366,0.556831078049671,0.11150478036681705,60020116083871023,70527708381011,0.07234508579735395,2467.845347907599,0.03448486165865742,2026-06-25 04:33:00
3.857142857142857,9,0.3949115748848801,0.44316505244921695,0.556834947550783,0.1115070447767034,60022037111163236,70530003940749,0.07234679382237977,2464.2939812185386,0.03456593398009717,2026-06-25 04:48:00
3.857142857142857,11,0.39490915649686587,0.44316197200419893,0.5568380279958011,0.11150934792805761,60023927582931132,70532275601266,0.07234848328160855,2460.629269709879,0.03473010389254044,2026-06-25 05:03:00
3.7142857142857144,10,0.39490938012587645,0.4431602243846231,0.5568397785693204,0.11151189006689509,60025842682481043,70534577481617,0.07235024743553635,2459.4037549172367,0.03528134076262419,2026-06-25 05:18:00
4.285714285714286,17,0.3948897359146485,0.44315655699247414,0.5568434459612697,0.11151484503629469,60027823275246822,70536957476852,0.0723521548034278,2462.6078114202787,0.036601311263871984,2026-06-25 05:33:00
4.428571428571429,9,0.3949042174904326,0.4431530876328655,0.5568469153206802,0.11151786042656317,60029929341690435,70539464772842,0.07235404917532053,2459.0135112166613,0.03670791682299589,2026-06-25 05:48:00
4.571428571428571,10,0.39489892067758237,0.44314980136215315,0.5568502045445324,0.1115207103185003,60032143400621528,70542109341062,0.07235612076226806,2454.1415527625113,0.039119101765897425,2026-06-25 06:03:00
5.285714285714286,19,0.3948989302616828,0.44314635797108193,0.5568536449820536,0.1115237058129691,60034526641601874,70544928257120,0.0723583408842408,2446.8641678461204,0.03906583910950885,2026-06-25 06:18:00
5.285714285714286,19,0.39490332616909046,0.4431432175950839,0.5568567824049161,0.11152671895434389,60037122688019783,70547978750916,0.07236055824344532,2437.5220583880637,0.03933565354758291,2026-06-25 06:33:00
5.857142857142857,14,0.39490122725109134,0.4431398685716819,0.556860131428318,0.11152950288838101,60039999919226908,70551355946138,0.07236313126479983,2428.405063329934,0.03967824461281118,2026-06-25 06:48:00
6.428571428571429,22,0.39489947336070846,0.4431373457583019,0.5568626571942108,0.1115319077908527,60043130462433639,70555034745730,0.07236599407237912,2417.2626800928565,0.04109754549528262,2026-06-25 07:03:00
7.0,16,0.3948908540597013,0.44313651233731344,0.5568634906149766,0.11153387488483031,60046556694656675,70559054860497,0.07236935482953594,2406.475052286763,0.04240080893975896,2026-06-25 07:18:00
7.285714285714286,23,0.3949021856611366,0.44313558801845926,0.5568644119815408,0.11153639444896356,60050256600708371,70563380688007,0.07237247289495248,2398.867571923665,0.04389798031635941,2026-06-25 07:33:00
8.0,19,0.3948934577403243,0.4431348027988963,0.5568651972011037,0.11153805151224731,60054159215179301,70567958784225,0.07237588553164627,2388.4695506482217,0.045004391594141116,2026-06-25 07:48:00
8.428571428571429,20,0.39490245401594926,0.4431330973619918,0.5568669026380082,0.11153904076273684,60058289158064265,70572816693649,0.07237924849643532,2377.8916672291343,0.04670430537916589,2026-06-25 08:03:00
8.714285714285714,23,0.3948936813693349,0.44312894339843056,0.5568710566015694,0.11153966374847274,60062673342414906,70577992912059,0.07238263933657622,2368.704957391117,0.0486586638204996,2026-06-25 08:18:00
9.428571428571429,26,0.39488353180695546,0.44312762786848436,0.5568723721315156,0.11154030562548571,60067345036557843,70583515365616,0.07238599516798677,2358.6365652642485,0.05064101416319003,2026-06-25 08:33:00
9.714285714285714,28,0.3948891832315224,0.44312521292489676,0.5568747929768249,0.11154151590031752,60072290483639540,70589375977780,0.07238984544456807,2349.017228059962,0.052651753770815254,2026-06-25 08:48:00
10.285714285714286,29,0.3948941861319587,0.44312292442303525,0.5568770785275824,0.1115416057393794,60077447382336539,70595513956581,0.07239395165027444,2339.900857772889,0.05462768783586386,2026-06-25 09:03:00
10.857142857142858,29,0.39488864652189704,0.4431204850266315,0.5568795149733685,0.11154047355068453,60082810791003698,70601933716399,0.07239806080995122,2328.665835129532,0.05668346624198754,2026-06-25 09:18:00
11.571428571428571,28,0.3948935951124308,0.44311795320407293,0.5568820526961741,0.11154024728127652,60088412281452005,70608651634099,0.0724020678100042,2318.965611846116,0.05752575292741937,2026-06-25 09:33:00
11.714285714285714,29,0.3948773117257616,0.44311602191704447,0.5568839839826971,0.11153866031503494,60094236227031787,70615657939830,0.07240598328143694,2311.674742761208,0.059009667027845894,2026-06-25 09:48:00
12.142857142857142,29,0.39487955759996773,0.4431156903765289,0.5568843155227027,0.11153864788748058,60100210386533610,70622883872394,0.07240988940250495,2304.878360295122,0.06053802827996376,2026-06-25 10:03:00
12.714285714285714,29,0.3948992880680997,0.4431150264965275,0.5568849735034725,0.11153836106610063,60106358176360160,70630371203492,0.0724139237269948,2299.444397660954,0.061640905969576,2026-06-25 10:18:00
13.0,33,0.39489273893279037,0.44311602986580906,0.556883970134191,0.1115385305741568,60112705500102571,70638102671216,0.0724179843358035,2297.1730918888943,0.06268931796115093,2026-06-25 10:33:00
13.428571428571429,35,0.394884221862188,0.4431308088837012,0.5568691911162988,0.11153767801025452,60119248100322679,70646071449694,0.07242196008357321,2294.2422952298743,0.06224568748394102,2026-06-25 10:48:00
13.714285714285714,36,0.39489196901005397,0.44313065998593115,0.5568693429625483,0.11153664440477988,60125939732214412,70654231310973,0.0724259526944322,2290.1082117042456,0.06365398657811468,2026-06-25 11:03:00
13.857142857142858,35,0.39488793729846355,0.44312896623202497,0.5568710337679751,0.11153542830274481,60132748022015511,70662554609654,0.0724299607974796,2286.790859095982,0.06366434238303943,2026-06-25 11:18:00
14.0,35,0.3948937388739376,0.44312868835118513,0.5568713116488149,0.11153479494017896,60139690434579405,70671023582776,0.0724342139756924,2284.1981903278825,0.0640057803468208,2026-06-25 11:33:00
14.571428571428571,33,0.39489124061841957,0.4431274667459637,0.5568725362017364,0.11153500826381134,60146777278497411,70679665166843,0.07243901976957667,2281.450506890054,0.06382146783748921,2026-06-25 11:48:00
14.285714285714286,35,0.39489440337156895,0.4431282505909939,0.5568717553038617,0.11153570232866705,60153938125439509,70688394833492,0.07244379797994384,2279.3387896380227,0.06431825162331342,2026-06-25 12:03:00
14.571428571428571,33,0.394888180095675,0.4431411619526512,0.5568588439415216,0.11153598432843168,60161084434454710,70697114353293,0.07244809773719468,2280.1471790308715,0.0640994584119184,2026-06-25 12:18:00
14.428571428571429,31,0.3948954097021165,0.44316584126380276,0.5568341616828684,0.11153587580338443,60168372316970843,70705990167903,0.07245239286558361,2279.9495954597282,0.06313682914415641,2026-06-25 12:33:00
14.571428571428571,31,0.39489963629041613,0.4431868917318766,0.5568131082681234,0.11153502991875615,60175760476860283,70714965753669,0.07245675767772193,2283.528250803771,0.06229805730403972,2026-06-25 12:48:00
15.142857142857142,30,0.39488611631937753,0.44318806441423014,0.5568119355857699,0.11153513948764131,60183286266693856,70724092131197,0.07246127605176321,2287.2787724835107,0.061615365139074764,2026-06-25 13:03:00
14.714285714285714,29,0.3948975916823196,0.44318627146864076,0.5568137314770754,0.11153561533521975,60190919825871198,70733352273895,0.07246548529565043,2289.5699171847427,0.06043064451923425,2026-06-25 13:18:00
15.0,33,0.39489885358887916,0.4431849052976333,0.5568150976478005,0.11153691635852968,60198604579060268,70742672915179,0.07247011519577423,2289.5883229389224,0.06008194110663926,2026-06-25 13:33:00
15.142857142857142,31,0.3948964383955651,0.44320099234828764,0.5567990194320049,0.11153743176600134,60206359944284558,70752065516577,0.07247498154691445,2291.411165989444,0.05881935359558652,2026-06-25 13:48:00
14.857142857142858,32,0.39489061765189015,0.44322260757962106,0.5567773953650655,0.11153776662547128,60214159763337839,70761496617650,0.07248015770898386,2293.5811831415435,0.058296848556392,2026-06-25 14:03:00
15.0,31,0.3948953649763144,0.44324498890418224,0.5567550169843956,0.11153793539322697,60221925077143582,70770883317380,0.0724850197860002,2296.818681684113,0.05765043079841888,2026-06-25 14:18:00
14.714285714285714,30,0.3948868926315142,0.44326890881254516,0.5567310911874549,0.11153811136548725,60229664659059611,70780234285010,0.07248995016044507,2302.1392776590756,0.0568749499494034,2026-06-25 14:33:00
14.571428571428571,32,0.39489214471856227,0.4432903022312005,0.5567096977687995,0.11153899402386452,60237460089819496,70789637242792,0.07249471283906801,2302.4947240056836,0.05634504312165228,2026-06-25 14:48:00
14.714285714285714,32,0.39488833344128227,0.4432901188198614,0.5567098841233552,0.11154074003663429,60245261611955733,70799035569686,0.07249978513444269,2304.1785397854733,0.055944504170636275,2026-06-25 15:03:00
14.714285714285714,34,0.3948799888844881,0.443289270429453,0.5567107354564558,0.1115416385954496,60253068626695860,70808442195453,0.0725049774729641,2306.5747549535454,0.05613938415922121,2026-06-25 15:18:00
14.571428571428571,32,0.3948820718289865,0.443286753453088,0.556713249489594,0.11154266817997276,60260820944642198,70817774548680,0.07251023854771377,2307.0394545834615,0.05593581532339236,2026-06-25 15:33:00
14.571428571428571,35,0.39487312986326406,0.4432845712942432,0.55671543459056,0.1115444464961538,60268599692208720,70827110012368,0.07251549905118433,2305.6369293928633,0.05563313525028795,2026-06-25 15:48:00
14.714285714285714,33,0.3948721427009175,0.44328638891839905,0.5567136140237097,0.11154581565172796,60276310846164444,70836368037025,0.07252064869353442,2304.283083515813,0.056496731112935246,2026-06-25 16:03:00
13.857142857142858,26,0.39488048086831135,0.44328926981113637,0.5567107360724789,0.11154692650586961,60283873321270070,70845467178717,0.07252564862774401,2302.1899358207993,0.05537887208375281,2026-06-25 16:18:00
14.0,30,0.3948793755020591,0.44329350594092853,0.5567064999421123,0.11154771128077288,60291136886015979,70854210490560,0.0725303680174333,2301.624385872331,0.05616589467931883,2026-06-25 16:33:00
14.0,29,0.3948876529701501,0.4432922370141585,0.5567077659270878,0.11154768134496576,60298437482291260,70863012778891,0.07253525754482382,2296.8863472195735,0.05717555126263945,2026-06-25 16:48:00
14.428571428571429,30,0.3948769666981453,0.4432911129899515,0.5567088899510161,0.11154773237186288,60305742670860787,70871822355020,0.07254035054882213,2293.923811035209,0.05797162323441827,2026-06-25 17:03:00
14.142857142857142,31,0.3948710916445678,0.4432884874732407,0.5567115125267593,0.11154808710098531,60313028918192377,70880625158288,0.07254549921024142,2288.375938919082,0.05918583180907964,2026-06-25 17:18:00
14.0,30,0.3948676956783074,0.4432866610931044,0.5567133418473343,0.11154849658933945,60320214996346840,70889314595171,0.07255031939642065,2284.107315699932,0.059010262152397006,2026-06-25 17:33:00
14.0,30,0.3949633418061254,0.4432838716617942,0.5567161312783819,0.11154881560318344,60327325127273678,70897925458762,0.07255490105588518,2284.5834208390493,0.05883311627155654,2026-06-25 17:48:00
14.0,27,0.39488052559411346,0.4432820768028839,0.5567179261370263,0.11154834445716512,60334310511324203,70906412784391,0.07255971083535881,2282.4790479313415,0.05959440355880399,2026-06-25 18:03:00
13.571428571428571,31,0.3948581499142565,0.44327978783735844,0.5567202151022898,0.11154885011389391,60341196341765018,70914744722451,0.07256398371609545,2281.1291200379746,0.05914351718496157,2026-06-25 18:18:00
13.857142857142858,31,0.394870883989058,0.44327757949530583,0.5567224263834657,0.11154906340357555,60348056263464900,70923038672566,0.07256808445807375,2279.734079737457,0.059148540942177676,2026-06-25 18:33:00
13.285714285714286,29,0.39488250311350687,0.44327455062459675,0.5567254552536497,0.11154866031403776,60354923067209618,70931364958484,0.07257203885737855,2280.4203669686635,0.05885055352413486,2026-06-25 18:48:00
13.714285714285714,28,0.3948667053212606,0.44327253574688785,0.5567274730696337,0.11154825580783563,60361787719610593,70939706741375,0.07257592328826433,2281.0800301654367,0.059414406633269995,2026-06-25 19:03:00
13.571428571428571,28,0.39487532781696794,0.44326895069805167,0.5567310522405187,0.11154891642574151,60368582252632207,70947997619339,0.07257975058990784,2279.5033480224174,0.058821751265637844,2026-06-25 19:18:00
14.0,33,0.3948610986224958,0.4432671231602974,0.5567328768397026,0.1115486737778984,60375327991404234,70956251169142,0.07258345488368727,2280.448204651976,0.058330694608365236,2026-06-25 19:33:00
13.0,29,0.39487114914917054,0.44326398690241203,0.556736013097588,0.11154869978765833,60381988567434975,70964398657837,0.07258732160900419,2281.778861588116,0.05677015001893779,2026-06-25 19:48:00
13.428571428571429,26,0.3948688329915611,0.4432609989810585,0.5567390010189416,0.1115488230313708,60388407422539405,70972265296798,0.07259117232692355,2283.809046744046,0.05684331325527013,2026-06-25 20:03:00
14.285714285714286,33,0.394871053308166,0.44325898135980485,0.5567410186401952,0.11154885125967572,60395270185135247,70980681909205,0.0725950413968024,2283.66288529332,0.05888961707705271,2026-06-25 20:18:00
15.142857142857142,34,0.39485536094102475,0.443256583589982,0.5567434193472803,0.11154929643007933,60402540498338473,70989609089007,0.07259924231384567,2280.6862595075318,0.059714955281038214,2026-06-25 20:33:00
15.571428571428571,33,0.39486646891344945,0.44325324973185665,0.5567467532051394,0.1115491379803953,60410186138943404,70998988028583,0.07260355372993166,2275.4676925056106,0.059201139179090555,2026-06-25 20:48:00
16.285714285714285,32,0.3948654561935016,0.4432532660880734,0.5567467397853538,0.11155002240149377,60418214776807819,71008824360615,0.07260750361775664,2266.4823538623614,0.05814280393250971,2026-06-25 21:03:00
17.0,35,0.39486726758848717,0.44325142832283704,0.5567485775500651,0.1115511081597899,60426613031376325,71019078764831,0.0726110481109994,2247.1448682682144,0.05738190370937119,2026-06-25 21:18:00
16.857142857142858,36,0.39486268958317094,0.4432490543012621,0.5567509456987378,0.11155270956495508,60435313082613936,71029666751346,0.0726144692683816,2239.061379042198,0.05585755060594377,2026-06-25 21:33:00
16.571428571428573,34,0.3948620314749398,0.4432468511621492,0.5567531517737762,0.11155443773977967,60443978678926402,71040211982171,0.07261854379728928,2240.1525463547487,0.054317499508595685,2026-06-25 21:48:00
17.714285714285715,38,0.3948624883170614,0.44324560747001135,0.5567543925299887,0.11155637406689732,60452754549496394,71050896982028,0.07262249449322465,2236.948526881343,0.05515001537823402,2026-06-25 22:03:00
18.142857142857142,43,0.39487919020945034,0.44324331561287184,0.5567566931933425,0.11155859174620725,60461963834362941,71062096690849,0.07262671372438702,2225.930658405875,0.054128524028984895,2026-06-25 22:18:00
18.0,34,0.3948784682072162,0.44323949397931167,0.5567605089558247,0.1115619566654428,60471567262388947,71073678522506,0.07263053699721447,2217.8271566260364,0.052615081936015606,2026-06-25 22:33:00
18.0,36,0.39488423783568877,0.44323636321918386,0.5567636426505753,0.11156511244678119,60481268596927392,71085344209045,0.07263403851875877,2219.7652662368155,0.05106203542079354,2026-06-25 22:48:00
17.428571428571427,33,0.3948765897235275,0.4432348086256512,0.5567651943089564,0.11156848191629766,60490889937329942,71096849046864,0.07263754986621015,2229.489567056825,0.049563462009510645,2026-06-25 23:03:00
16.571428571428573,34,0.394885407095944,0.4432302322440671,0.5567697706902963,0.11157203323096729,60500129178949390,71107904070566,0.07264168660467009,2245.0929485689003,0.04803759648986015,2026-06-25 23:18:00
15.714285714285714,36,0.3948799984685885,0.443225647672161,0.5567743581960798,0.11157553464447427,60509022090579020,71118511509130,0.072646117629019,2262.1635366167916,0.04688227580867712,2026-06-25 23:33:00
15.142857142857142,33,0.39495690129062117,0.443220808056685,0.5567791919433149,0.11157964062471823,60517695869330547,71128784393634,0.07265033863183092,2278.7038904857923,0.04568901777674207,2026-06-25 23:48:00
15.857142857142858,32,0.394869337754185,0.4432163753973455,0.5567836334036008,0.11158331598496317,60526286675479800,71138861754451,0.07265350696415408,2297.7897594139995,0.04423978100496451,2026-06-26 00:03:00
14.428571428571429,30,0.3948724877285337,0.4432118379582448,0.5567881649751807,0.11158715866571856,60535543560367656,71149233407585,0.07265080711274316,2313.785648589417,0.042589378079357566,2026-06-26 00:18:00
13.428571428571429,45,0.394877573691174,0.44320746313732656,0.556792542729086,0.11159069716324924,60544062533193174,71158869447024,0.0726518493244866,2331.705674910575,0.041149163141438294,2026-06-26 00:33:00
12.285714285714286,25,0.3948738326972973,0.4432025244317738,0.5567974755682262,0.11159465716252805,60551880148003994,71167757858066,0.0726541323204827,2348.239964259091,0.03996455760722361,2026-06-26 00:48:00
11.714285714285714,33,0.39485330994352785,0.44320004137315405,0.5567999644923832,0.11159800724802112,60559189905649937,71176124570028,0.07265735907800024,2363.1390095871748,0.03966364608006964,2026-06-26 01:03:00
11.142857142857142,31,0.39494349313408783,0.44319465245816186,0.5568053475418381,0.11160183300938963,60566025862774238,71183959102346,0.0726608748623612,2376.8014864567685,0.038649927907025546,2026-06-26 01:18:00
10.285714285714286,24,0.3948459142126785,0.4431887714259289,0.556811231506425,0.11160531155992165,60572689413786197,71191526506900,0.07266376737611631,2391.214299909334,0.03741125397567115,2026-06-26 01:33:00
9.285714285714286,28,0.39484547973345796,0.44318311069489913,0.5568168893051009,0.11160863261584275,60578732925628676,71198351338883,0.07266627719552991,2402.76853610699,0.03674506097671798,2026-06-26 01:48:00
8.142857142857142,19,0.3948430613454437,0.4431774696344601,0.5568225332974893,0.11161157220469815,60584093939036462,71204487162279,0.07266878417303087,2415.1648703012015,0.037362707612878084,2026-06-26 02:03:00
7.428571428571429,32,0.3948546549122914,0.4431712716180357,0.5568287283819643,0.11161449797230938,60588565976112091,71209686138091,0.07267210244456965,2426.8127897173363,0.03643561811898712,2026-06-26 02:18:00
6.857142857142857,16,0.3948223213520641,0.44316495477336526,0.5568350481581849,0.11161732282047117,60592638272686428,71214430458625,0.07267509984762052,2438.754919801388,0.03582719622464122,2026-06-26 02:33:00
6.0,15,0.39482824432614383,0.44315938948420136,0.5568406105157987,0.11162021326539624,60596278735122282,71218711611712,0.07267782768239235,2448.3893464391417,0.03504654522913329,2026-06-26 02:48:00
5.571428571428571,19,0.3948379370464017,0.44315791621128986,0.5568420837887101,0.11162288264885303,60599569020989856,71222601367770,0.07268033027916736,2443.3912670170544,0.03521581903516196,2026-06-26 03:03:00
5.0,13,0.3948163855991837,0.4431536664131121,0.5568463335868878,0.11162580686530398,60602486709808014,71226095555791,0.07268250635604433,2449.668835287216,0.035233408410724754,2026-06-26 03:18:00
4.857142857142857,17,0.39482277180478537,0.44314899358765264,0.5568510064123474,0.11162841812874202,60605096968105324,71229225890807,0.07268461492343958,2457.7368162798725,0.034728381246024044,2026-06-26 03:33:00
4.285714285714286,11,0.39483017073033483,0.44314375599450084,0.5568562498666049,0.11163103971412247,60607547041383255,71232162870765,0.07268670834612542,2462.8488243661814,0.03433253409679551,2026-06-26 03:48:00
4.285714285714286,12,0.39484845719399864,0.4431392687834904,0.5568607282861492,0.11163379251660942,60609867086711400,71234957152107,0.07268867847518379,2474.88202273769,0.03452531009521376,2026-06-26 04:03:00
4.0,9,0.39483279038445857,0.44313475504282707,0.5568652449571729,0.11163683334031746,60612044830205988,71237569038363,0.07269060066499981,2483.4630788972577,0.03474527010556712,2026-06-26 04:18:00
3.7142857142857144,11,0.3948466905248152,0.44313032417420467,0.5568696758257953,0.11163959706146644,60614094410660817,71240027024871,0.07269236027413449,2485.779881086268,0.034657552238059205,2026-06-26 04:33:00
3.7142857142857144,9,0.39482861491136134,0.44312634671711243,0.556873656212675,0.11164237146398388,60616075268589326,71242399564223,0.07269402508557242,2488.913949970369,0.034331141672916995,2026-06-26 04:48:00
4.142857142857143,10,0.39483524391417446,0.44312500116084363,0.5568749988391564,0.11164486242591126,60618049632028464,71244765438496,0.07269566006284453,2486.992642962822,0.03506609114930858,2026-06-26 05:03:00
4.142857142857143,11,0.39481024219079347,0.44312224959625085,0.5568777562624773,0.11164735500205905,60620059624975680,71247162594671,0.07269740743677566,2483.7387004968405,0.03547158026233604,2026-06-26 05:18:00
4.285714285714286,12,0.3948093029489491,0.4431186976041394,0.5568813082541845,0.11164973265800898,60622115298459158,71249606068322,0.07269917592511384,2479.9143239749947,0.03589586781758927,2026-06-26 05:33:00
4.285714285714286,13,0.3948279408296295,0.443115916775129,0.5568840861538387,0.11165206891368178,60624275938816133,71252168996958,0.07270117430718716,2475.7456341815555,0.03590983088622095,2026-06-26 05:48:00
4.571428571428571,12,0.39482230857326345,0.44311394921621117,0.5568860507837888,0.1116544013855947,60626573730284373,71254893861384,0.0727033132134172,2469.3634219411438,0.03745524691597516,2026-06-26 06:03:00
5.142857142857143,12,0.3948290557799822,0.44311086333472044,0.5568891425224158,0.11165669607970254,60629023856866571,71257786294773,0.07270560582696677,2461.3951375395113,0.03789462292446121,2026-06-26 06:18:00
5.714285714285714,15,0.3948056993271789,0.4431085530870172,0.5568914469129829,0.11165858183750367,60631694404631271,71260926323029,0.07270810252477176,2454.5853560871683,0.03875279289336814,2026-06-26 06:33:00
5.857142857142857,18,0.3948211393130082,0.4431065491976999,0.5568934595867956,0.11166008965302263,60634627834488189,71264365918849,0.07271079002402903,2445.9513030599373,0.039594554711134065,2026-06-26 06:48:00
6.571428571428571,14,0.39481244653389763,0.44310461094546155,0.5568953949104427,0.11166143686541258,60637779815441960,71268061994482,0.0727136232495172,2437.346560846561,0.04082285651297942,2026-06-26 07:03:00
6.714285714285714,16,0.3948133250764391,0.443104325882859,0.556895674117141,0.11166293263928637,60641177780873906,71272048727947,0.07271647673079717,2427.962274863362,0.04211564022701365,2026-06-26 07:18:00
7.142857142857143,17,0.39482233413086465,0.4431020078245974,0.5568979921754026,0.1116642336870912,60644801293470125,71276297369002,0.07271931136895943,2418.145146493807,0.04322457058742213,2026-06-26 07:33:00
7.857142857142857,18,0.39482716132279266,0.44309865516299823,0.5569013477642909,0.11166556208805418,60648616856920055,71280785422585,0.07272223564765279,2409.377146584619,0.04485307689747306,2026-06-26 07:48:00
8.0,18,0.39482200188204897,0.4430961095102244,0.5569038963439,0.11166599805634772,60652673402796978,71285568657154,0.07272530433299311,2398.3740299298406,0.046632983187895646,2026-06-26 08:03:00
8.571428571428571,17,0.394819970052753,0.44309256984609735,0.5569074330807308,0.11166618383897786,60656996629135203,71290683585228,0.07272876095235464,2386.5614088022508,0.04850907325144327,2026-06-26 08:18:00
9.428571428571429,18,0.39481224526778813,0.443092221410295,0.5569077815162956,0.11166575056409186,60661569562598740,71296102670710,0.07273220227596433,2375.638505906482,0.05026490945632015,2026-06-26 08:33:00
9.714285714285714,23,0.3948219188198451,0.4430900474754694,0.5569099554508882,0.11166494704873975,60666357261128898,71301809168659,0.07273575492644878,2363.340819463989,0.052153421047164236,2026-06-26 08:48:00
10.142857142857142,25,0.39489860759696754,0.4430891134339216,0.5569108894921999,0.11166396538605092,60671371672274559,71307805451268,0.07273957785402252,2351.4647440519107,0.05384477896786182,2026-06-26 09:03:00
10.714285714285714,23,0.3948200179732553,0.4430872257889152,0.5569127800628524,0.11166265780573725,60676616048165319,71314102832783,0.07274328292593,2343.1902161682315,0.055889216173826556,2026-06-26 09:18:00
10.857142857142858,25,0.3948130663057269,0.4430844410327553,0.5569155589672448,0.11166151494357586,60682076025336086,71320677358846,0.07274712699272308,2331.6235573938966,0.05723520774808194,2026-06-26 09:33:00
11.571428571428571,26,0.3948085234421123,0.44308158142342835,0.5569184185765716,0.11165978986507569,60687712158067703,71327494718534,0.07275078682456006,2323.8440678064662,0.0586354053442855,2026-06-26 09:48:00
12.142857142857142,26,0.3948228963980912,0.4430797150447775,0.5569202878803795,0.11165851735270611,60693590851201924,71334607092731,0.07275434920823796,2314.766709792136,0.06004136874435831,2026-06-26 10:03:00
12.428571428571429,28,0.3948096831182671,0.44307803707290166,0.5569219629270983,0.11165591171205257,60699596313574313,71341923987624,0.07275809365038227,2310.623272273196,0.060495973805059014,2026-06-26 10:18:00
12.857142857142858,24,0.3948019008286995,0.44307906571308503,0.556920934286915,0.11165353541858025,60705783103449834,71349468601363,0.07276160066020206,2308.6489678135727,0.061900294224698345,2026-06-26 10:33:00
13.0,25,0.39481787113475386,0.443077110526307,0.5569228923980906,0.11165099198930313,60712208318553754,71357307173471,0.07276553718371533,2303.964843952624,0.06304830906691974,2026-06-26 10:48:00
13.428571428571429,26,0.39479536127749054,0.4430754261825167,0.5569245738174833,0.11164921372232593,60718769643899370,71365330774144,0.07276932375730714,2298.792860479993,0.06348825858548518,2026-06-26 11:03:00
13.428571428571429,33,0.39480732223485554,0.44307373020243945,0.5569262697975605,0.11164698131349572,60725427170109854,71373480097345,0.0727731040180877,2296.5397018118892,0.06357956315552632,2026-06-26 11:18:00
14.285714285714286,29,0.3948051019182507,0.44307223754263686,0.5569277624573632,0.11164472508034182,60732273266320464,71381846407361,0.07277675584264924,2291.718969209397,0.06367863099289565,2026-06-26 11:33:00
14.285714285714286,35,0.39479167459351644,0.4430697675237141,0.5569302324762859,0.1116432478357815,60739206352514688,71390338067002,0.07278059133005582,2292.039990857595,0.06352424493322294,2026-06-26 11:48:00
14.285714285714286,29,0.3948096288083645,0.4430701150924751,0.5569298849075248,0.11164364788552568,60746070432739360,71398843781186,0.07278371466157205,2292.382366934796,0.0640424588341675,2026-06-26 12:03:00
14.0,27,0.3947910612110874,0.4430682213500197,0.5569317844955761,0.1116443710783715,60752940128395969,71407311013010,0.07278669621423,2296.8722059820125,0.06327768515901264,2026-06-26 12:18:00
14.428571428571429,25,0.3948160884920697,0.44306662588133194,0.5569333770412027,0.11164553319538062,60759878606052445,71415849956351,0.07278965777546856,2301.600059127205,0.06235217921806059,2026-06-26 12:33:00
13.714285714285714,29,0.3948171363537191,0.44306418390078744,0.5569358160992125,0.11164743237987625,60766785820387847,71424325772758,0.07279277602145767,2311.3727176857237,0.06108955072021396,2026-06-26 12:48:00
13.857142857142858,36,0.39481197052357514,0.44306371410651324,0.5569362858934868,0.11164955099674127,60773717808049691,71432810729013,0.07279632195020097,2331.5430340782837,0.06094670132246162,2026-06-26 13:03:00
13.714285714285714,28,0.39481670506919875,0.4430615436903366,0.5569384650748956,0.11165200690784186,60780676978833691,71441331513694,0.07280018930769892,2343.282466272564,0.06013713575615337,2026-06-26 13:18:00
13.857142857142858,31,0.3948069356761373,0.4430587018277805,0.5569413010937075,0.11165410976923021,60787741400813384,71449978057411,0.07280387097069865,2347.2931037011613,0.06047457966726974,2026-06-26 13:33:00
14.285714285714286,31,0.3948001149913151,0.4430562157936961,0.5569437871275321,0.11165582292122107,60794972317400303,71458824285722,0.072807687642582,2331.6387647741826,0.060030850221589896,2026-06-26 13:48:00
14.428571428571429,28,0.3948849758114236,0.44305377636710597,0.556946223632894,0.11165792511001545,60802325895025350,71467819203104,0.07281168613901112,2309.4277117994784,0.05915540697135441,2026-06-26 14:03:00
14.857142857142858,32,0.39478289875220185,0.44305084874867817,0.5569491512513218,0.11166048058686921,60809796537328733,71476957656305,0.07281578313775497,2302.9279811590577,0.058048696711362806,2026-06-26 14:18:00
14.714285714285714,28,0.3948050763606495,0.4430501093414497,0.5569498935789833,0.11166240118019291,60817387818775498,71486232587849,0.07281948607831418,2297.4764859149423,0.058009746667669886,2026-06-26 14:33:00
14.714285714285714,31,0.39480101270205753,0.44304631028788116,0.5569536897121188,0.11166533005427084,60824942226899983,71495473826602,0.07282327726724926,2314.339430065745,0.05714360311043615,2026-06-26 14:48:00
14.714285714285714,28,0.3948110312817308,0.44304334782245636,0.5569566521775436,0.11166719671450638,60832671330336194,71504826011514,0.07282785322501813,2311.898703269586,0.057045031655398835,2026-06-26 15:03:00
14.571428571428571,30,0.39481847173838225,0.443041110385624,0.5569588925340242,0.11166782481109397,60840402260128638,71514151270714,0.07283255093165,2313.28892213298,0.056590950675693336,2026-06-26 15:18:00
14.571428571428571,32,0.3948032745497644,0.4430375400640587,0.5569624599359413,0.11166797470915218,60848099148485908,71523433043321,0.07283725300655824,2315.3612807611116,0.0563534499533849,2026-06-26 15:33:00
14.428571428571429,30,0.39481034761589845,0.44303457843540794,0.5569654244837278,0.11166846726775011,60855760365028113,71532659119831,0.07284187586438363,2315.7452502382293,0.056642814411253926,2026-06-26 15:48:00
14.285714285714286,32,0.3948039007109939,0.4430311888895135,0.5569688140293619,0.1116695365001658,60863354422174183,71541812039373,0.07284692088828836,2313.452503714061,0.0565451271238705,2026-06-26 16:03:00
13.857142857142858,28,0.3948184206231798,0.44302778396928433,0.5569722189493256,0.1116702853345842,60870854512816258,71550851063936,0.07285178709681801,2315.10734975284,0.05563486127952484,2026-06-26 16:18:00
13.714285714285714,26,0.3948062392315044,0.44302587012450584,0.5569741357121677,0.1116708291380539,60877985347175911,71559442851735,0.07285658698045039,2317.107255582107,0.05667411728994834,2026-06-26 16:33:00
13.857142857142858,26,0.3948249186432867,0.44302145923067393,0.5569785436873942,0.11167110896799351,60885168702400835,71568102415759,0.07286120456087125,2312.2229283412657,0.05790259457892448,2026-06-26 16:48:00
14.0,28,0.39482191243044473,0.44301810024250526,0.5569819026753074,0.11167042638116526,60892402946555085,71576827189297,0.07286575315985622,2308.557952814678,0.05834923049999783,2026-06-26 17:03:00
14.0,28,0.3948113731146469,0.4430136253005429,0.5569863834521038,0.11166995502362517,60899609593864934,71585534703084,0.07287027713666387,2304.0648632286156,0.05899305921541845,2026-06-26 17:18:00
14.0,26,0.3948074532175617,0.4430105722053815,0.556989430711905,0.11166960460876435,60906748932245900,71594172662348,0.07287473237050031,2301.3422264351475,0.059631955980066445,2026-06-26 17:33:00
13.857142857142858,39,0.39482615818694533,0.4430064234173291,0.5569935824167183,0.11166983177887473,60913784603688125,71602695620341,0.07287913773885303,2298.433446499313,0.05933941529092863,2026-06-26 17:48:00
13.857142857142858,33,0.3949016585356117,0.4430028747074582,0.5569971311260526,0.1116689542737513,60920756899640430,71611146331994,0.07288317992450814,2297.176130324629,0.05977445449492724,2026-06-26 18:03:00
13.571428571428571,29,0.394826870605079,0.44299956698667897,0.557000433013321,0.11166847235145876,60927620999119703,71619453433154,0.07288714169149886,2299.4693756039264,0.05986922644851871,2026-06-26 18:18:00
13.571428571428571,27,0.39481944612192826,0.44299751460004394,0.5570024912323595,0.11166844995419654,60934451415834744,71627713512051,0.0728906369895724,2296.93023757372,0.05946510764341661,2026-06-26 18:33:00
13.428571428571429,26,0.3948083221760028,0.44299513569103716,0.5570048672249076,0.11166804906807568,60941273290953166,71635970824205,0.07289417698600655,2296.6057252438827,0.05910053207029603,2026-06-26 18:48:00
13.428571428571429,28,0.3948106063866107,0.44299247477104736,0.5570075339760117,0.1116673770794165,60948084739864505,71644240620161,0.07289759544154219,2299.229859595704,0.059316065757922705,2026-06-26 19:03:00
13.571428571428571,25,0.3948108076527202,0.4429894875562303,0.5570105095283451,0.11166696203588297,60954850460837793,71652480907424,0.0729010640586875,2298.8920700266135,0.05890364219294596,2026-06-26 19:18:00
13.571428571428571,30,0.39482022562876506,0.4429875246233936,0.5570124753766064,0.11166619972519397,60961567543342661,71660672008386,0.07290464295607808,2300.4791886519165,0.058682220782026354,2026-06-26 19:33:00
12.857142857142858,26,0.39481021663319227,0.44298513782365856,0.5570148650912424,0.1116656038151652,60968210431806729,71668781172272,0.07290827578592338,2300.562440772318,0.05751626261767245,2026-06-26 19:48:00
13.714285714285714,38,0.39481610127087025,0.4429827618578992,0.557017246886019,0.1116651603444012,60974725643558138,71676736799610,0.07291189954564778,2302.933107051408,0.05815816609819941,2026-06-26 20:03:00
14.571428571428571,47,0.3948073190401554,0.44298106428625744,0.5570189415424807,0.11166522534784253,60981746352890636,71685287478052,0.07291567552917122,2299.1043527065717,0.059610504208333755,2026-06-26 20:18:00
15.285714285714286,28,0.3948075746161675,0.442981058965653,0.557018941034347,0.1116653279125093,60989218835373659,71694372648594,0.07291945211004681,2294.5359785460655,0.0598466781952704,2026-06-26 20:33:00
15.857142857142858,30,0.3948998088042243,0.44297886042751533,0.557021145400096,0.11166535861806275,60997030777961939,71703889565765,0.07292308987485557,2289.0599187972284,0.05983507009091482,2026-06-26 20:48:00
16.428571428571427,32,0.3948169606452108,0.4429779329504409,0.5570220728766335,0.11166588811995955,61005195240271867,71713823617392,0.07292677328642197,2279.336955301587,0.059131206053009464,2026-06-26 21:03:00
16.857142857142858,35,0.39481728011522593,0.4429777264150807,0.5570222794114665,0.11166671530707747,61013576249817888,71724031604223,0.07293054068223927,2266.5201314499336,0.05815149026932202,2026-06-26 21:18:00
16.857142857142858,33,0.3948058526727861,0.4429770473870992,0.5570229671779411,0.11166821322653502,61022176137214016,71734508350631,0.07293403050635083,2262.1571524451547,0.056256938308525344,2026-06-26 21:33:00
16.571428571428573,31,0.3948166827062977,0.44297805697482484,0.5570219459379291,0.11166900496933164,61030784152075620,71744991177955,0.07293733079893253,2260.247855433805,0.05496985820620949,2026-06-26 21:48:00
17.857142857142858,35,0.3948160086245659,0.4429773076937102,0.5570226923062899,0.11167145787228122,61039659442283278,71755790173170,0.07294065909609337,2252.9731854776433,0.055968539287819266,2026-06-26 22:03:00
17.857142857142858,34,0.39480749155396355,0.4429773053090803,0.5570226976031298,0.11167332815527362,61048808649329272,71766919961451,0.07294449832825399,2249.4136361597507,0.05503527559188204,2026-06-26 22:18:00
17.857142857142858,35,0.3948244522170647,0.4429782204854952,0.5570217824264417,0.11167640693194845,61058159596398573,71778244620176,0.07294853682868124,2252.5017863396074,0.053525561004921354,2026-06-26 22:33:00
17.714285714285715,34,0.3947966391575509,0.4429759657998182,0.5570240400235431,0.11167901031607172,61067553302897643,71789591711271,0.0729523857184962,2257.605208337729,0.051905958383557146,2026-06-26 22:48:00
17.142857142857142,36,0.394814932010615,0.44297394598766904,0.557026054012331,0.11168202154615552,61076908892014379,71800846629652,0.07295636425195992,2266.1394570212406,0.05058126489375903,2026-06-26 23:03:00
16.571428571428573,34,0.39481577541145485,0.4429712236688911,0.5570287821534703,0.11168598401926373,61086090888348810,71811857255754,0.0729604561020344,2282.1962399050876,0.04872483336621688,2026-06-26 23:18:00
15.714285714285714,37,0.3948110600340321,0.4429680872432587,0.5570319214895532,0.1116896323896004,61094960492198861,71822476799444,0.07296466934092934,2298.2708655442934,0.04745489746411676,2026-06-26 23:33:00
14.714285714285714,32,0.3948152003654277,0.4429638197772913,0.5570361831334056,0.11169344707267398,61103489489747904,71832661280502,0.0729691369971107,2316.4608368634285,0.046218590979028994,2026-06-26 23:48:00
14.714285714285714,33,0.3948144080797903,0.44295999336833625,0.5570400095421264,0.11169658129488819,61111642416071562,71842378455174,0.07297357489648137,2333.816595238424,0.04507185176953625,2026-06-27 00:03:00
12.857142857142858,25,0.39479377670621574,0.442956117754783,0.5570438880656826,0.11169983973209009,61119865235700598,71851759055550,0.07297305962152362,2353.6159908655454,0.04404240116094909,2026-06-27 00:18:00
12.0,23,0.3948080985469922,0.4429538789375254,0.5570461210624746,0.11170278396622066,61127060693410228,71860166304035,0.07297624035046996,2372.096457325346,0.042553381113297935,2026-06-27 00:33:00
10.714285714285714,25,0.39480345984237314,0.4429494679781095,0.5570505320218905,0.11170612012454056,61133719043368445,71868005175205,0.07298034224518239,2388.556517898109,0.041565410113342534,2026-06-27 00:48:00
10.285714285714286,26,0.39478281888469813,0.4429441157264195,0.5570558842735805,0.11170958228337965,61139951206539948,71875341366750,0.07298437247599258,2405.7687399877027,0.04030542899588637,2026-06-27 01:03:00
9.714285714285714,27,0.39477761152345214,0.4429375284678101,0.5570624715321899,0.11171261959631658,61145869825909808,71882306837970,0.07298806958620926,2419.2222394589994,0.039218891916439604,2026-06-27 01:18:00
8.714285714285714,19,0.39479740588558715,0.44293086772204926,0.5570691322779507,0.11171641585959727,61151309298676486,71888696186582,0.07299152815135351,2434.4776360187893,0.0384485979316466,2026-06-27 01:33:00
8.142857142857142,24,0.3947868058704864,0.4429245832758134,0.5570754167241866,0.11171958053041615,61156311246736231,71894568521612,0.0729947018369884,2448.7088149644737,0.037726050690503,2026-06-27 01:48:00
7.428571428571429,19,0.3947906363159674,0.4429186678820136,0.557081335026749,0.11172280945713049,61160872106700866,71899950432050,0.07299796850010644,2463.805792443079,0.03778517183480444,2026-06-27 02:03:00
6.714285714285714,20,0.39479364891820967,0.4429121485502483,0.5570878514497517,0.11172638451219366,61164993117067197,71904824756712,0.07300078229934102,2479.055317563361,0.036438394350492474,2026-06-27 02:18:00
6.285714285714286,21,0.39477770736445666,0.44290739901868914,0.5570926038896655,0.11172936040353773,61168753544827712,71909264457750,0.07300340884410511,2485.99613302577,0.0365590194560754,2026-06-27 02:33:00
5.857142857142857,19,0.39474853975207885,0.4429023883388299,0.5570976116611701,0.1117323931651189,61172190699537554,71913332776263,0.07300572161910616,2492.1603384492037,0.037008703347657136,2026-06-27 02:48:00
5.571428571428571,16,0.39474678586169604,0.4428979326880842,0.5571020673119158,0.1117355126538658,61175329143079620,71917066594046,0.07300788204407505,2497.720686592425,0.03691903755436157,2026-06-27 03:03:00
5.0,16,0.39476345580708344,0.44289316358724046,0.5571068364127596,0.11173821338157201,61178124600537710,71920439157921,0.07301015535513018,2506.0757502403153,0.03645839854754899,2026-06-27 03:18:00
4.428571428571429,11,0.3947572261417892,0.44288812425232704,0.557111875747673,0.11174087611867412,61180616889755678,71923453929117,0.07301214291797388,2511.7351124855263,0.036090150056567384,2026-06-27 03:33:00
4.285714285714286,13,0.3947730462969365,0.44288343539928327,0.5571165675080857,0.11174332566902959,61182934129272135,71926257009346,0.07301406805913188,2516.0339181350623,0.03569300899909616,2026-06-27 03:48:00
4.428571428571429,14,0.39477439446040014,0.4428786787467818,0.5571213212532182,0.11174589096078485,61185161918740942,71928963352484,0.0730159684744105,2520.4060696326314,0.035615981316206524,2026-06-27 04:03:00
4.285714285714286,11,0.39477134991115637,0.4428748807024782,0.5571251222045143,0.11174830299777883,61187345999374376,71931589473710,0.07301768229226514,2524.2860729324652,0.035557387779763854,2026-06-27 04:18:00
4.0,17,0.3947703435806088,0.44287214595963026,0.5571278569471751,0.11175079635214678,61189458461350236,71934132754173,0.07301931545985435,2525.1274413805613,0.03566336058954169,2026-06-27 04:33:00
3.857142857142857,15,0.3947801257524709,0.44286867154229553,0.5571313313643225,0.1117532777683333,61191472681990391,71936553137254,0.07302092178167872,2529.3895102189126,0.03578171370840437,2026-06-27 04:48:00
3.857142857142857,16,0.3947607562854559,0.4428656415891366,0.5571343613172929,0.1117555988679452,61193446520899292,71938945025257,0.07302257882982116,2528.563762351796,0.036283927413207843,2026-06-27 05:03:00
4.285714285714286,10,0.3947669540037487,0.4428621321216922,0.5571378678783078,0.11175816823834042,61195476227794759,71941395532671,0.07302411827096444,2527.739805280484,0.036648884516918265,2026-06-27 05:18:00
4.428571428571429,10,0.39474306084132005,0.44285826770452225,0.5571417322954777,0.11176062636073243,61197583421219649,71943917707321,0.07302562752448466,2522.0689728709217,0.036790429263640616,2026-06-27 05:33:00
4.428571428571429,12,0.3947475302268312,0.4428545446923666,0.5571454553076334,0.11176307503938722,61199818499205627,71946575767643,0.07302730090619468,2516.402770737904,0.03691885104379218,2026-06-27 05:48:00
4.571428571428571,12,0.3947425432998956,0.4428517862792543,0.5571482137207456,0.111765132785508,61202153994341444,71949358678097,0.0730290692864585,2508.3734323177605,0.038082646179843846,2026-06-27 06:03:00
4.857142857142857,11,0.39474290430101266,0.44284871533268255,0.5571512875727735,0.11176730662257336,61204551771260392,71952220854688,0.07303125229888759,2505.7106299933102,0.03840234266465617,2026-06-27 06:18:00
5.428571428571429,14,0.3947596061934016,0.44284455813662965,0.5571554418633704,0.1117695354886819,61207158519701887,71955315827175,0.0730336576729236,2498.0038069893653,0.03898726844642657,2026-06-27 06:33:00
5.714285714285714,14,0.39475264813647293,0.44284260581233154,0.5571573970927036,0.1117713065093952,61209989395840194,71958677872340,0.0730362886410005,2491.565748418616,0.04001647024091612,2026-06-27 06:48:00
6.428571428571429,14,0.39475368960872215,0.44283854913752063,0.5571614537673072,0.11177291779621504,61213060983347657,71962325382842,0.07303912837145762,2484.6808204615095,0.041024926243408366,2026-06-27 07:03:00
6.571428571428571,18,0.39475392282183314,0.44283519389221254,0.5571648061077875,0.11177463857602954,61216380988468155,71966268377215,0.07304211977892777,2474.619897712053,0.04211349074696447,2026-06-27 07:18:00
7.142857142857143,16,0.3947494502416219,0.44283227160541927,0.5571677312989908,0.11177619415442265,61219899273651329,71970444203665,0.0730453849539571,2463.9970000428675,0.04340333772588627,2026-06-27 07:33:00
7.428571428571429,18,0.39475875001376115,0.4428299240177271,0.557170075982273,0.1117774366731691,61223664859993374,71974904833757,0.07304870918886015,2454.1346117193943,0.04434321168575489,2026-06-27 07:48:00
8.142857142857142,16,0.39476594767320117,0.44282737543194917,0.5571726274720401,0.11177798508021979,61227644639587902,71979626952942,0.07305202165506751,2443.0206772466054,0.046039142023408496,2026-06-27 08:03:00
8.428571428571429,17,0.3947653981847752,0.44282435244048096,0.5571756475595191,0.11177890584727385,61231902845775920,71984691441881,0.07305563720576506,2430.9806321305336,0.04749984477669803,2026-06-27 08:18:00
9.285714285714286,21,0.39475867334095754,0.44282124283303936,0.5571787600705067,0.11177876784550038,61236430725486232,71990092971910,0.07305939843434066,2417.7568364522685,0.049174203577949036,2026-06-27 08:33:00
9.142857142857142,20,0.39477075250222815,0.442820877623207,0.5571791310867302,0.11177876252974771,61241211535381785,71995799708988,0.07306326815129893,2405.146800194496,0.05078960071719192,2026-06-27 08:48:00
9.714285714285714,20,0.394834873328957,0.4428176366790522,0.5571823662240268,0.111778616261031,61246197703996945,72001783289563,0.0730672132873076,2394.266125218953,0.05293024297391109,2026-06-27 09:03:00
10.428571428571429,21,0.3947632705144747,0.44281481791763416,0.5571851878880569,0.11177840074406635,61251409170263536,72008059259197,0.07307109868073504,2387.315218978562,0.053928317607771885,2026-06-27 09:18:00
10.714285714285714,23,0.3947566095646601,0.44281415460359136,0.5571858482990087,0.11177741939220194,61256838641097404,72014612356010,0.07307499565965267,2378.6533326046692,0.05558734497715609,2026-06-27 09:33:00
11.428571428571429,24,0.39475824525113734,0.4428117892019084,0.5571882107980917,0.11177634823637751,61262449650399754,72021413994163,0.07307902562167916,2370.4679028508476,0.05726089998494416,2026-06-27 09:48:00
12.0,25,0.3947752314718397,0.44280874415386623,0.5571912558461337,0.11177505162717065,61268297234954120,72028514423037,0.07308294170049394,2356.994898052509,0.05877833212864858,2026-06-27 10:03:00
12.0,23,0.3947622130687248,0.4428080405250215,0.5571919623768361,0.111773945226636,61274330717687472,72035842377078,0.0730871124951029,2350.3142631610817,0.059745106684028666,2026-06-27 10:18:00
12.428571428571429,25,0.3947494502416219,0.4428065614058989,0.5571934385941011,0.11177240889829371,61280555462751363,72043424217715,0.07309132837679844,2346.4401957328546,0.06075513736681442,2026-06-27 10:33:00
12.857142857142858,25,0.39476402446371034,0.4428040643995717,0.5571959443045191,0.11177111397184127,61286955741517676,72051224897007,0.07309562449228778,2341.978444839038,0.06152972552408507,2026-06-27 10:48:00
13.285714285714286,24,0.39476410752591423,0.4428033209053307,0.5571966790946693,0.11176942914814196,61293511438777740,72059210046197,0.07309979236469577,2340.088596747945,0.062446607829588226,2026-06-27 11:03:00
13.428571428571429,27,0.39478471653658775,0.4428029928944364,0.5571970100063915,0.1117680615421691,61300198763812126,72067379691555,0.07310409262076117,2334.7172507724686,0.06217783130287057,2026-06-27 11:18:00
13.714285714285714,30,0.39476540137947536,0.4428022346732857,0.5571977653267143,0.11176807979511932,61307029746063145,72075724671609,0.07310837512680077,2329.6378969114494,0.06261947719609429,2026-06-27 11:33:00
14.142857142857142,27,0.39477123490195093,0.4427998424761786,0.5572001575238213,0.11176693698352687,61314047729333210,72084304478437,0.07311279213269695,2327.1829113234016,0.06215849866262676,2026-06-27 11:48:00
14.0,28,0.39475879793426344,0.44279727925704504,0.557202723643002,0.11176555877691029,61321180427258176,72093002620828,0.0731173014881213,2323.755684501088,0.06244857040204907,2026-06-27 12:03:00
14.142857142857142,29,0.39475728684109207,0.44279919024908715,0.5572008097509129,0.11176476168912154,61328279506655683,72101665686411,0.0731218533353752,2323.472219479339,0.06215312140099889,2026-06-27 12:18:00
14.142857142857142,31,0.394757306009293,0.44279916444036566,0.5572008442581614,0.11176425068868209,61335434530238379,72110404247212,0.0731265506408096,2321.7750302293543,0.061074780629684376,2026-06-27 12:33:00
14.0,28,0.3947518782137366,0.44279900233362945,0.5572010034648416,0.11176377121073708,61342592515229014,72119147246066,0.07313106763396593,2326.847875303201,0.060319609417808714,2026-06-27 12:48:00
14.571428571428571,29,0.3947512584419073,0.4427964735245899,0.557203529374385,0.11176372915118862,61349887235537619,72128051203330,0.07313572700333068,2330.6958145277176,0.06043650522874204,2026-06-27 13:03:00
14.571428571428571,30,0.39476477521824577,0.4427947538101691,0.55720524908855,0.11176390307646822,61357288010612311,72137104015313,0.07314040411332566,2331.8548166424657,0.059955723931157105,2026-06-27 13:18:00
15.0,27,0.39474810527285836,0.44279209386075,0.5572079090377089,0.1117641819019328,61364835866128228,72146312888266,0.0731452759869491,2334.119530759187,0.0590132482576688,2026-06-27 13:33:00
14.857142857142858,29,0.3947553572422009,0.44278980002927415,0.5572101999707259,0.11176475356353169,61372484931925123,72155634854138,0.07315023257978173,2335.469099058978,0.05813094334243834,2026-06-27 13:48:00
14.857142857142858,31,0.3947559610405294,0.442786918202699,0.5572130933890939,0.1117656256534236,61380243613870680,72165057545326,0.07315511127064746,2334.6790573577964,0.057557179087461316,2026-06-27 14:03:00
14.857142857142858,29,0.39476092560456394,0.4427859293232466,0.5572140735744344,0.11176670633212887,61388067459022230,72174553430858,0.07316005665105269,2334.7118872737065,0.056701653143765476,2026-06-27 14:18:00
14.714285714285714,29,0.3947634078865812,0.4427824128396802,0.5572175900577466,0.11176833636115245,61395963437496384,72184108040686,0.07316495721913209,2336.7945362759665,0.05594273298921514,2026-06-27 14:33:00
14.857142857142858,29,0.3947651426087631,0.4427807575095179,0.5572192453876447,0.11176962204932503,61403896826169479,72193688636709,0.0731699531716129,2337.985040869111,0.0551620266181905,2026-06-27 14:48:00
14.571428571428571,28,0.394765267202069,0.442777663760092,0.5572223391368215,0.11177134733522019,61411830936572240,72203245677846,0.07317493064319569,2338.6014751695734,0.05450463305397173,2026-06-27 15:03:00
14.714285714285714,29,0.3948331098544737,0.44277544585307455,0.5572245570435744,0.11177270003444469,61419715596402024,72212729195537,0.07317996700649007,2340.350314567591,0.053892555842112166,2026-06-27 15:18:00
14.571428571428571,29,0.39475340847510887,0.4427743455618697,0.5572256544381303,0.11177392555115946,61427599628726027,72222185217065,0.0731849204080175,2343.790025152473,0.053696466254732046,2026-06-27 15:33:00
14.0,32,0.3947469711543048,0.44277209641575244,0.5572279035842476,0.11177526202411271,61435409920934087,72231546264581,0.07319018372366373,2346.567498569383,0.05325395376018116,2026-06-27 15:48:00
14.285714285714286,28,0.3947672894472645,0.442769553432723,0.5572304436713882,0.1117766517619487,61443165662364803,72240840594536,0.07319552352704684,2348.6185444651355,0.05396574424650348,2026-06-27 16:03:00
14.0,34,0.3947604080631395,0.4427678168238923,0.5572321860717492,0.11177812047079319,61450797179438279,72250006334116,0.07320088177288753,2347.75561461852,0.053671461788824634,2026-06-27 16:18:00
13.571428571428571,28,0.3947512041320047,0.4427646287307976,0.5572353712692024,0.11178039273757494,61458157728116450,72258827563886,0.07320604978432785,2349.0244969869063,0.054093308765833834,2026-06-27 16:33:00
14.0,30,0.39474318543462594,0.44276455896786987,0.5572354410321302,0.11178077754441212,61465490687054800,72267615643659,0.07321136049285491,2346.6912386553217,0.05499473731078771,2026-06-27 16:48:00
14.0,34,0.3948296755518115,0.44276195853862693,0.557238041461373,0.11178114432401122,61472861096044866,72276444479772,0.07321671233452869,2342.072468183859,0.055702570092437106,2026-06-27 17:03:00
13.857142857142858,28,0.39483329195238226,0.44275904973598446,0.5572409502640155,0.11178179801886147,61480174126057846,72285228885875,0.07322165601588426,2339.545219641988,0.056186036496116726,2026-06-27 17:18:00
13.857142857142858,28,0.39474619164746794,0.4427554679389677,0.5572445320610323,0.11178214781711039,61487420066381151,72293927762026,0.07322636392313571,2334.857182730729,0.056651936988905575,2026-06-27 17:33:00
13.714285714285714,27,0.3947407638519116,0.44275306500644945,0.5572469349935505,0.11178223278262377,61494557192471639,72302509980040,0.07323063226837745,2327.4557417647366,0.05700685783732168,2026-06-27 17:48:00
13.571428571428571,27,0.394749220223211,0.4427498147412192,0.5572501881526579,0.11178179850619482,61501568497677581,72310967188924,0.07323475010698167,2326.8901846179783,0.0577821301537202,2026-06-27 18:03:00
13.571428571428571,26,0.3947554882249071,0.44274962777662424,0.5572503809041944,0.11178152238616236,61508427280186135,72319248262762,0.07323847027331801,2325.6627499126903,0.05773281059951636,2026-06-27 18:18:00
13.142857142857142,28,0.39475107953869887,0.44274836931949735,0.5572516335738424,0.11178127423648244,61515163279034076,72327382355611,0.07324197733836608,2321.1024833048646,0.05802089167855225,2026-06-27 18:33:00
13.285714285714286,31,0.39474638013477686,0.4427455330540017,0.5572544698390853,0.11178095461185274,61521931385033325,72335571668595,0.07324525741203573,2320.9355853655034,0.058289783412206676,2026-06-27 18:48:00
13.714285714285714,29,0.394755612818213,0.44274214575303417,0.5572578600326281,0.11178113237777364,61528638546050106,72343728803451,0.07324876483338275,2318.922009682032,0.058798514648814776,2026-06-27 19:03:00
13.571428571428571,32,0.39475751685950294,0.4427387353575003,0.5572612646424997,0.1117809406112442,61535305196784517,72351862198959,0.0732523927670414,2318.6158866015785,0.05904302272583037,2026-06-27 19:18:00
13.428571428571429,30,0.3947561016073361,0.44273671253864566,0.5572632903536838,0.11177978433651156,61541944420951872,72359953659749,0.07325584659754449,2319.046260681077,0.05844238215087801,2026-06-27 19:33:00
12.857142857142858,28,0.39475707279618194,0.44273423831779296,0.5572657645742827,0.11177911177309402,61548496561850903,72367955582679,0.07325893213716704,2322.194215107672,0.05743670177658193,2026-06-27 19:48:00
13.571428571428571,32,0.39476481674934777,0.44273393217974066,0.5572660736038866,0.11177805331262833,61554902252596202,72375785890162,0.07326216565109178,2323.3017009886426,0.05820727822050715,2026-06-27 20:03:00
14.142857142857142,27,0.3947611492335745,0.44273206755184774,0.5572679324481522,0.11177790044252517,61561624674516815,72384010330016,0.07326567498352406,2318.0196897806945,0.05965535915931141,2026-06-27 20:18:00
14.428571428571429,29,0.39474656223268545,0.44272976509940487,0.5572702406831842,0.11177709535281803,61568684484068307,72392630796637,0.07326933410892708,2313.2094150940966,0.05999850485347564,2026-06-27 20:33:00
15.0,29,0.39474616608986673,0.4427274271660547,0.5572725728339454,0.11177698282955227,61576044126768196,72401602166989,0.07327322782445031,2311.464874880573,0.059769150775913084,2026-06-27 20:48:00
15.142857142857142,32,0.3947476931565389,0.4427267409255266,0.5572732590744734,0.11177730629795675,61583565533365217,72410777626302,0.07327696631779672,2311.3626163198937,0.059032404429332844,2026-06-27 21:03:00
15.428571428571429,32,0.39474757814733347,0.4427243492694358,0.5572756536210572,0.11177783853580613,61591268829496046,72420170367396,0.07328065542009886,2312.0166446506896,0.05803273884764772,2026-06-27 21:18:00
15.0,29,0.3947514724868174,0.4427216736320902,0.557278329258141,0.11177924601895944,61599106773932567,72429723914389,0.0732842869097353,2317.17037061459,0.05674752945921807,2026-06-27 21:33:00
15.714285714285714,32,0.39474753661623146,0.4427192780363945,0.5572807248535703,0.11178118448953507,61606978709687040,72439353834530,0.0732882130856109,2322.9748168616597,0.05711892192476294,2026-06-27 21:48:00
16.285714285714285,32,0.3947465750114861,0.44271958169654874,0.5572804183034513,0.11178247580852306,61615127483228356,72449279996634,0.07329207889801943,2322.7697713560383,0.05691190526648127,2026-06-27 22:03:00
17.142857142857142,32,0.39474275734480574,0.44272030311640853,0.5572796997730077,0.11178479387238763,61623734437429282,72459710692299,0.07329570636083771,2307.5761802820116,0.055815065786082106,2026-06-27 22:18:00
17.571428571428573,43,0.3947546352399668,0.4427179380654041,0.5572820648237531,0.11178750699664905,61632785631517257,72470613669377,0.07329916645626033,2296.520695999699,0.054560475545668966,2026-06-27 22:33:00
17.285714285714285,34,0.3947451405911183,0.4427151490890365,0.5572848509109635,0.11179045680708159,61641964612220404,72481648622104,0.07330270866661437,2297.2491428620133,0.05297532345434547,2026-06-27 22:48:00
17.142857142857142,34,0.39474130056153695,0.44271167253588545,0.5572883274641145,0.11179273348116082,61651150304096288,72492654726763,0.07330631339830218,2295.9747425955175,0.051852126632015834,2026-06-27 23:03:00
16.857142857142858,41,0.39476174664250274,0.4427089332033271,0.5572910667966728,0.11179547343633454,61660284471165160,72503547243482,0.07331005563053793,2302.9753282600136,0.05071249312431243,2026-06-27 23:18:00
15.857142857142858,33,0.39474410231356927,0.44270587347745205,0.557294126522548,0.11179823476358576,61669297388043569,72514230523305,0.07331359447764431,2316.536344796869,0.0495290456640665,2026-06-27 23:33:00
15.571428571428571,30,0.3947324512421189,0.4427021956031945,0.5572978043968055,0.11180095792268657,61678091567443597,72524615458496,0.0733172618738111,2330.5340558981648,0.048600877250181494,2026-06-27 23:48:00
15.0,32,0.39474753661623146,0.4426977811612894,0.5573022188387107,0.11180427025313086,61686574797697184,72534610277995,0.07332088954637185,2349.1705801375742,0.047760091558301264,2026-06-28 00:03:00
13.285714285714286,30,0.39474759092613404,0.44269574534328665,0.5573042546567133,0.11180717752844901,61695009729868958,72544194276940,0.07332008151383881,2366.9158305756227,0.04651289400810455,2026-06-28 00:18:00
12.714285714285714,34,0.3947398373888678,0.44269324125379345,0.5573067616334197,0.11181031592155127,61702516213481963,72552929117212,0.07332315577329271,2384.2462705646667,0.04538097369661433,2026-06-28 00:33:00
11.857142857142858,25,0.39475566712811555,0.44268860136989857,0.5573114015170985,0.11181302693121961,61709646179522998,72561243634322,0.07332691579660679,2402.363726792912,0.04388131745446567,2026-06-28 00:48:00
11.285714285714286,26,0.3947513223359103,0.44268398198140635,0.5573160209053801,0.11181563442357843,61716425238017169,72569121480023,0.07333055194073039,2418.174582076237,0.042428458317495275,2026-06-28 01:03:00
10.714285714285714,29,0.3947450415554136,0.4426792010719509,0.5573207989280491,0.1118192659847549,61722901457500987,72576662727907,0.07333424515144399,2435.294393775008,0.041189938271044856,2026-06-28 01:18:00
9.285714285714286,23,0.39474723311971716,0.4426741302416569,0.5573258697583431,0.11182235310638819,61728784953079348,72583537240807,0.0733379440294527,2451.0739196312084,0.04047890015458208,2026-06-28 01:33:00
9.0,32,0.3947361411207932,0.44266907726815274,0.5573309227318473,0.11182538282214718,61734200569719348,72589871291247,0.07334125321340743,2464.6465171485474,0.040330209483484966,2026-06-28 01:48:00
8.714285714285714,18,0.3947415497481487,0.4426636918982156,0.5573363109877498,0.11182807801293256,61739315464650766,72595845305145,0.07334431664792039,2461.545014039444,0.040010999587515465,2026-06-28 02:03:00
7.571428571428571,16,0.39473634877630304,0.44265783817915494,0.5573421618208451,0.11183121039889127,61744000746246537,72601313589290,0.07334698322390334,2472.5506884464708,0.03943955527861083,2026-06-28 02:18:00
7.0,17,0.394747124499912,0.44265300368652166,0.5573469991990334,0.11183390460921187,61748285743540020,72606320052626,0.07334936909939681,2481.828693735988,0.03876633244048812,2026-06-28 02:33:00
6.142857142857143,15,0.39474363269264706,0.44264796763771475,0.5573520323622853,0.11183668107913138,61752053404513444,72610766532616,0.07335192512973339,2493.5167002910694,0.038454394611060205,2026-06-28 02:48:00
5.857142857142857,14,0.39473923039583914,0.4426437318217854,0.5573562681782146,0.1118394096428687,61755488370777455,72614825789891,0.0733542453595136,2504.3091816802535,0.03825191748563729,2026-06-28 03:03:00
5.428571428571429,13,0.39473421791130237,0.4426394956590657,0.5573605043409343,0.11184191269269934,61758651773359445,72618572664397,0.07335627330215626,2508.9345415530493,0.038279842281012416,2026-06-28 03:18:00
4.857142857142857,14,0.39472526955617965,0.4426343389837123,0.5573656639010554,0.11184449948979788,61761534135381544,72621982185965,0.07335801585325744,2520.972936938732,0.03748216158594247,2026-06-28 03:33:00
5.0,11,0.39473249916262115,0.44262952874903966,0.5573704712509604,0.11184730349401514,61764261595133083,72625193121115,0.0733595953556647,2526.198814588362,0.037026883497533476,2026-06-28 03:48:00
4.285714285714286,13,0.3947448498734046,0.4426248028346218,0.5573752000497684,0.11184975265570744,61766821293648942,72628229577491,0.07336122550469394,2535.1624532406754,0.03699590662197356,2026-06-28 04:03:00
4.428571428571429,10,0.3947316589564815,0.44262063339105373,0.5573793694931433,0.11185216418323682,61769228768088040,72631069111492,0.07336280549177425,2538.096616067763,0.03808795507364731,2026-06-28 04:18:00
4.428571428571429,14,0.39473554690656515,0.4426169259003978,0.5573830740996022,0.11185461367840341,61771516737698850,72633763566263,0.0733642484939069,2540.996899032693,0.037086957138600794,2026-06-28 04:33:00
4.142857142857143,13,0.39473994600867296,0.4426137667855468,0.5573862360982624,0.11185694320821593,61773705645331323,72636335601478,0.07336560263881987,2547.966746009466,0.0370892344792104,2026-06-28 04:48:00
4.142857142857143,13,0.39473652129011116,0.44260999835394305,0.5573900016460569,0.11185926586295247,61775827747861922,72638839877343,0.0733668416703785,2547.4476182240546,0.03730805214639234,2026-06-28 05:03:00
3.7142857142857144,11,0.39474453359808964,0.4426065211354658,0.5573934788645343,0.11186141960513034,61777818400975811,72641203446853,0.07336822112438295,2547.958442487617,0.03731582344299107,2026-06-28 05:18:00
3.857142857142857,12,0.39474643444467944,0.4426023382824251,0.5573976646008109,0.11186362508840157,61779773013883273,72643527286713,0.07336967065938252,2549.7200091258105,0.03797040463012106,2026-06-28 05:33:00
4.142857142857143,13,0.3947481723615615,0.44259879605490554,0.557401209711173,0.11186613156624813,61781781233370083,72645915071209,0.07337150719813067,2548.0062307695935,0.038161733134645014,2026-06-28 05:48:00
4.285714285714286,10,0.3947327355704323,0.4425946911831587,0.5574053088168414,0.11186863121494153,61783856172542687,72648377188665,0.07337318113679331,2547.082658421307,0.03859126515044053,2026-06-28 06:03:00
4.428571428571429,14,0.39472086086997143,0.44259061409390793,0.5574093887887301,0.11187091459723238,61785996806811904,72650916491017,0.07337509999357171,2543.211350510013,0.03919480511296863,2026-06-28 06:18:00
4.428571428571429,14,0.39473466836402366,0.4425880677060529,0.5574119351763804,0.11187317548527437,61788280273776097,72653612606452,0.0733771159383418,2537.00197434216,0.040355085997389996,2026-06-28 06:33:00
5.142857142857143,13,0.3947347546209277,0.4425867151081985,0.5574132877740228,0.11187545435825212,61790745977192802,72656516538496,0.07337942070097987,2519.026677450457,0.040809804704063056,2026-06-28 06:48:00
5.428571428571429,14,0.39471219684316217,0.44258486857002044,0.5574151314299796,0.11187739464339896,61793413952153471,72659652225387,0.07338187532876815,2512.0894478816585,0.04189958021185163,2026-06-28 07:03:00
6.0,14,0.39472339107249094,0.4425819320456349,0.5574180708361709,0.11187955576043584,61796334569201967,72663091429569,0.07338457288300965,2505.769219237899,0.04276405567685589,2026-06-28 07:18:00
6.428571428571429,17,0.3947268062069523,0.4425787478980898,0.5574212521019102,0.11188112829902941,61799492714781148,72666797836812,0.07338739191662115,2500.0279608420246,0.043251949997137475,2026-06-28 07:33:00
6.428571428571429,16,0.39471389642364246,0.4425751808685652,0.5574248220128163,0.11188312317974987,61802863382168936,72670757991473,0.07339040527933946,2493.8862241100373,0.044095824270751385,2026-06-28 07:48:00
7.142857142857143,15,0.39472501717486774,0.4425718737591969,0.5574281320031441,0.11188471864573779,61806492523553776,72675032576416,0.07339362982789932,2488.9766991796178,0.045241063047258515,2026-06-28 08:03:00
7.714285714285714,16,0.39471532764931005,0.4425705914548058,0.5574294114261436,0.11188640000154486,61810453638436974,72679690781498,0.073397148530563,2476.786679616276,0.04639197371969307,2026-06-28 08:18:00
8.0,16,0.3947160336780434,0.44256801436364157,0.5574319856363584,0.11188789988664599,61814672660752030,72684673380808,0.07340080355184905,2469.7080750637583,0.04765635738831615,2026-06-28 08:33:00
8.428571428571429,20,0.3947231259123784,0.4425651428715356,0.5574348571284644,0.11188915623552927,61819161671801103,72689974691815,0.07340461797497114,2460.6462554541517,0.04898669726306307,2026-06-28 08:48:00
9.285714285714286,20,0.39472861440723767,0.4425621121047913,0.5574378907755033,0.11189050148664256,61823950484491646,72695651625080,0.07340870457064463,2450.35552444088,0.05025105820426678,2026-06-28 09:03:00
9.714285714285714,19,0.39471905586438616,0.44255960251415855,0.5574403974858415,0.11189149176312502,61829005510302974,72701656291989,0.07341291071262858,2443.8000590453926,0.05149744394124162,2026-06-28 09:18:00
10.428571428571429,22,0.3947160272886431,0.44255685941826794,0.5574431521010704,0.11189216506479509,61834301152121485,72707973522262,0.07341716822274777,2431.773352447125,0.05286893932902493,2026-06-28 09:33:00
11.0,24,0.3947241034906246,0.4425544364799502,0.5574455663996466,0.11189312567005194,61839853453301389,72714624822727,0.07342171558784341,2420.168681131839,0.053801101317300024,2026-06-28 09:48:00
11.0,24,0.39472779017459875,0.44255159420671597,0.5574484086726396,0.11189412763361879,61845640588819510,72721587977652,0.0734261402763912,2413.311048900092,0.055055931682485876,2026-06-28 10:03:00
11.714285714285714,24,0.3947195702111104,0.44255093412586355,0.5574490687532391,0.11189466486611142,61851645178157895,72728832980953,0.07343072692641218,2407.50651110526,0.0566872890721109,2026-06-28 10:18:00
12.285714285714286,23,0.3947260778153178,0.4425478923981173,0.5574521104807383,0.11189587154460014,61857896424043910,72736376751651,0.07343545512808015,2401.887108147484,0.0570200900645418,2026-06-28 10:33:00
12.714285714285714,25,0.3947110179988065,0.44254468551832343,0.5574553173602814,0.11189750570714802,61864361760478152,72744205060853,0.07344011616897797,2394.2294808123747,0.05782971629252577,2026-06-28 10:48:00
13.0,26,0.39471297954469914,0.4425424933209593,0.5574575153141029,0.1118982593908668,61870990527626525,72752247758959,0.07344464778826039,2386.5111094449576,0.0584826482730932,2026-06-28 11:03:00
13.142857142857142,26,0.39471882904067546,0.4425404029964508,0.5574595970035492,0.11189939783500878,61877838738187866,72760561887878,0.07344914183225061,2386.34673483172,0.05895955805804254,2026-06-28 11:18:00
13.714285714285714,26,0.39472154134110354,0.4425399156323872,0.5574600872454585,0.11190056493942205,61884846793928644,72769093368802,0.07345377035478651,2390.8087653743783,0.05975792012547906,2026-06-28 11:33:00
14.0,31,0.3947191005901883,0.4425380574749924,0.5574619425250076,0.11190162945926621,61891988809223808,72777802865237,0.07345828151060645,2393.9179676615117,0.059961200704903225,2026-06-28 11:48:00
14.428571428571429,29,0.39471416158375494,0.44253598034045843,0.55746402253688,0.1119035656332956,61899269734699062,72786682310983,0.07346287176294553,2391.471882552367,0.060780572880470625,2026-06-28 12:03:00
14.285714285714286,28,0.3947095835784387,0.4425336853716199,0.55746631462838,0.1119051029272799,61906612421991572,72795606977125,0.07346739017579133,2363.1784115134715,0.0597734746072342,2026-06-28 12:18:00
14.0,28,0.3947150880467987,0.44253123574593844,0.5574687700077208,0.11190673437867912,61914008817125610,72804596180905,0.07347210935677094,2361.256294820862,0.058677324309343915,2026-06-28 12:33:00
14.285714285714286,30,0.3947198513447237,0.4425311226039605,0.5574688773960395,0.11190880623243708,61921449059293596,72813634407856,0.07347697980092537,2357.015098734214,0.05762895595325342,2026-06-28 12:48:00
14.714285714285714,33,0.3947226754596571,0.4425298543039057,0.5574701485724095,0.11191012301957544,61929059253819443,72822862687747,0.07348181638589131,2385.6183345462077,0.05797739507379878,2026-06-28 13:03:00
15.0,29,0.39471986092882416,0.4425278122672825,0.5574721963609057,0.11191196962357637,61936867554932531,72832340489013,0.07348646964560196,2374.7297997203495,0.057589142294676036,2026-06-28 13:18:00
15.285714285714286,32,0.3947236147015015,0.44252721906000353,0.5574727838157981,0.11191437894597424,61944792404461023,72841941403903,0.07349107374177104,2369.3211965561422,0.05625087891998312,2026-06-28 13:33:00
15.285714285714286,34,0.39471986092882416,0.4425279838940472,0.5574720161059529,0.11191619850697021,61952893090658452,72851744196244,0.07349598516318091,2365.01458250696,0.05559013471260337,2026-06-28 13:48:00
15.285714285714286,32,0.39471953187470865,0.44252645872875124,0.5574735470217977,0.11191920556985346,61961140437044584,72861694678971,0.07350074403853589,2363.170136689648,0.05491996858880232,2026-06-28 14:03:00
16.142857142857142,33,0.3947179792504353,0.44252561415862257,0.5574743915914081,0.111921641773182,61969552532111590,72871805415418,0.07350535370706891,2328.4540391907935,0.05513344882365204,2026-06-28 14:18:00
15.571428571428571,31,0.3947202890186444,0.4425247769610526,0.5574752230389474,0.11192382196272384,61978153471588695,72882104581399,0.07350993310720555,2324.6045913021585,0.05443586660760615,2026-06-28 14:33:00
15.714285714285714,32,0.39472402042842064,0.4425223783042802,0.5574776245702233,0.11192638915991125,61986739024252281,72892365020281,0.07351483522067154,2332.79378099866,0.05362409767143341,2026-06-28 14:48:00
15.857142857142858,44,0.3947210685254812,0.4425192943354587,0.5574807085387953,0.1119287614827115,61995346102529026,72902636057710,0.07351952991352999,2336.2348197544597,0.05350694429404129,2026-06-28 15:03:00
15.714285714285714,31,0.39471584838543466,0.4425161737828104,0.5574838319652086,0.11193169685705379,62003880325024441,72912825103908,0.07352452214109402,2341.4977323552607,0.05317047455741959,2026-06-28 15:18:00
15.428571428571429,33,0.3947163403692579,0.44251320744226114,0.5574867925577389,0.11193348567288826,62012392190244733,72922988671575,0.07352958508177652,2346.0281705283496,0.0531512440608884,2026-06-28 15:33:00
15.285714285714286,31,0.3947079095555596,0.4425106879328434,0.5574893120671566,0.11193567178363113,62020837733883248,72933051367562,0.07353461581031992,2343.163009131048,0.05269359830685625,2026-06-28 15:48:00
15.571428571428571,31,0.3948050795553496,0.4425080197337547,0.5574919831395201,0.11193839262127732,62029202663174023,72943026802941,0.0735396905215307,2343.9957442452883,0.05318204299800137,2026-06-28 16:03:00
14.857142857142858,30,0.39470831847717897,0.44250522857214986,0.5574947771739048,0.11194028214134165,62037436322342164,72952853076992,0.07354483870316403,2340.9582244585054,0.05306729576658543,2026-06-28 16:18:00
14.714285714285714,28,0.39471972675141787,0.44250355282707476,0.5574964471729252,0.1119425786887785,62045333792717610,72962262959643,0.07354971936916549,2341.7525789229257,0.053376466999998554,2026-06-28 16:33:00
14.857142857142858,31,0.39472425683623186,0.4425005696923225,0.5574994303076776,0.1119439955255696,62053247346324773,72971698784373,0.07355447911712089,2337.384627324729,0.05396008953660047,2026-06-28 16:48:00
15.0,33,0.39473447029261427,0.4424974127838903,0.557502595832911,0.111946105669062,62061190430291929,72981190998735,0.0735595028013321,2333.926007959929,0.054996623368021205,2026-06-28 17:03:00
15.142857142857142,29,0.3947121553120602,0.44249386744652575,0.5575061382975084,0.11194769570251904,62069098829967903,72990640471172,0.07356436383116427,2330.5265876052026,0.05548239623916387,2026-06-28 17:18:00
14.857142857142858,28,0.3947299817389023,0.4424909395144476,0.5575090604855524,0.11194934530833862,62076880039774569,72999945929650,0.07356895915385439,2325.0061337592592,0.056098785982837296,2026-06-28 17:33:00
14.571428571428571,29,0.3947265059051381,0.44248791271482235,0.5575120930281948,0.11195026925660212,62084526686403521,73009111639949,0.07357348328319904,2322.8589746884786,0.05659266179669342,2026-06-28 17:48:00
14.571428571428571,34,0.3947211164459835,0.442485675569264,0.5575143273019877,0.11195043114207254,62091993512091848,73018090142462,0.07357791209337225,2301.1233442947564,0.05738918598923057,2026-06-28 18:03:00
14.571428571428571,30,0.39471337568751785,0.44248238730980677,0.5575176155611924,0.11195060403894305,62099333835602268,73026909170369,0.07358210511655218,2296.182370100042,0.05757635445642485,2026-06-28 18:18:00
14.428571428571429,29,0.39472171066021156,0.442480586155751,0.5575194167149835,0.11195045277494119,62106580010095599,73035612539584,0.07358593751881214,2296.15033513483,0.05797269938128428,2026-06-28 18:33:00
14.428571428571429,30,0.394721317712093,0.4424774114688982,0.5575225885311018,0.11195112347163218,62113780502533515,73044307777771,0.07358970939279441,2296.9099366257815,0.05782284480742491,2026-06-28 18:48:00
14.0,28,0.39471500178989466,0.44247367498592555,0.5575263250140744,0.11195125813626748,62120933696233740,73052972504946,0.07359314362349881,2298.0719734250233,0.058104539381681926,2026-06-28 19:03:00
14.142857142857142,28,0.3947054560258437,0.4424717121384963,0.5575282878615037,0.11195045095605996,62128018641661948,73061571373504,0.07359642130733053,2298.6906555902206,0.058225843978231634,2026-06-28 19:18:00
14.285714285714286,28,0.39471550655251847,0.4424697122985355,0.5575302877014645,0.11194983298493368,62135052963215973,73070123018605,0.07359963807057884,2297.701036334159,0.05802539842755437,2026-06-28 19:33:00
13.714285714285714,26,0.3947120147452536,0.4424657826497343,0.5575342173502656,0.11194930831131793,62141960343704483,73078540702080,0.07360276430986404,2300.3941762266936,0.05692071387606539,2026-06-28 19:48:00
14.571428571428571,28,0.3947070533759192,0.4424616193584121,0.5575383835107722,0.1119490499910523,62148752244981742,73086812656854,0.07360588960624903,2302.096394963824,0.05780307448669865,2026-06-28 20:03:00
15.285714285714286,29,0.3947292118161659,0.4424582413764696,0.5575417586235304,0.1119489164961401,62155940063793429,73095549351405,0.07360919996691398,2296.1195287560495,0.05945025651485407,2026-06-28 20:18:00
15.857142857142858,37,0.39473121169846037,0.4424548950947424,0.5575451077739269,0.11194866155761557,62163599830037611,73104830369859,0.07361264459535301,2293.070708962712,0.05961101002517959,2026-06-28 20:33:00
16.285714285714285,32,0.3947141264420533,0.4424528782291613,0.5575471217708386,0.1119489643820303,62171672092573971,73114612355032,0.07361598897050795,2281.745624532326,0.05921227431646515,2026-06-28 20:48:00
17.0,35,0.39472060529395936,0.4424508363253732,0.5575491665427746,0.11195003861196658,62180039702582213,73124796930318,0.07361954862397714,2271.461262657365,0.05870823953678505,2026-06-28 21:03:00
17.285714285714285,34,0.39472151578350234,0.44245297540273015,0.5575470274651344,0.11195076039906833,62188599319530197,73135191382738,0.07362277628824085,2268.395775616999,0.05759042888127055,2026-06-28 21:18:00
17.571428571428573,32,0.3947137494674355,0.44245245898348656,0.5575475496193084,0.1119526394772526,62197442408256826,73145896224425,0.07362616641109226,2263.796876998004,0.05646489983859585,2026-06-28 21:33:00
17.857142857142858,33,0.3947104940679817,0.44245204084651535,0.5575479620208098,0.11195450349012066,62206264382306683,73156571372210,0.07362974501092011,2265.815798954767,0.05586216142240296,2026-06-28 21:48:00
18.285714285714285,35,0.39470834722948034,0.44244960588512944,0.5575503969819351,0.11195689604683313,62215393130126273,73167615609965,0.07363361349509716,2262.611182604529,0.055878737307422356,2026-06-28 22:03:00
18.0,36,0.3947183370568522,0.44244633181558857,0.5575536710512162,0.11195977415645986,62224582032643554,73178768924944,0.07363809682796087,2261.078763670128,0.05506009000609053,2026-06-28 22:18:00
18.714285714285715,36,0.3947244772705422,0.44244356893850767,0.5575564339280332,0.111962802676135,62234097240492375,73190280903176,0.07364281865335907,2242.289793938226,0.05412004322197135,2026-06-28 22:33:00
18.714285714285715,39,0.3947285600973351,0.44244133636998023,0.5575586636300198,0.11196591164674226,62243877866330154,73202055110061,0.07364762556903995,2242.5257678751086,0.052812863547518296,2026-06-28 22:48:00
17.857142857142858,45,0.3947353360563552,0.4424375669648995,0.5575624330351006,0.11196957278839802,62253582648561351,73213711048862,0.07365266036666525,2247.837730240129,0.05118508396512378,2026-06-28 23:03:00
17.285714285714285,50,0.3947375851252614,0.4424327090639496,0.5575672909360504,0.11197308639137038,62262988887014192,73224965597309,0.07365794545343171,2263.7164502224637,0.049542412429615344,2026-06-28 23:18:00
16.428571428571427,34,0.39473172604518464,0.44242740711756207,0.5575725986135015,0.11197642379051993,62272125545371431,73235851816247,0.07366304831610078,2280.348226103893,0.048149686978444114,2026-06-28 23:33:00
15.428571428571429,30,0.3947363168293015,0.4424256205660408,0.5575743822992272,0.11197947642814703,62280873742017615,73246250003932,0.07366792342723809,2305.6317074154053,0.04688717834934831,2026-06-28 23:48:00
14.857142857142858,28,0.3947198257871225,0.4424210123727897,0.5575789876272104,0.11198310419580142,62289221299165524,73256132893035,0.07367247122132936,2326.6138210453746,0.04608415242226545,2026-06-29 00:03:00
13.142857142857142,26,0.3947417126778564,0.4424150187182331,0.5575849870113808,0.1119868985568922,62297583493706436,73265614914421,0.0736718951859855,2347.358323487462,0.04464191277360576,2026-06-29 00:18:00
12.0,34,0.39472401403902035,0.44240931675917633,0.5575906832408236,0.11199010282080292,62304830684038006,73274036585182,0.07367568791376954,2366.2605029758643,0.04333877979750824,2026-06-29 00:33:00
10.714285714285714,34,0.3947343904251105,0.44240573852930387,0.5575942643350628,0.11199341735123973,62311444947148256,73281786163568,0.07368023793339686,2381.632994869727,0.042283732957216734,2026-06-29 00:48:00
9.857142857142858,22,0.3947368631230273,0.4424002379400883,0.5575997649240648,0.1119965941876843,62317566510589133,73288959006449,0.07368464851457104,2402.645799794438,0.0412995912852959,2026-06-29 01:03:00
9.428571428571429,22,0.39474225577688205,0.4423941118983224,0.5576058881016775,0.11199994235486344,62323269276004000,73295646061794,0.0736888494542837,2420.5021004255773,0.03982749873160832,2026-06-29 01:18:00
8.142857142857142,19,0.3947364669802086,0.4423883471655101,0.5576116642894874,0.11200284197527403,62328423907940633,73301687585571,0.07369277675937591,2437.298424334817,0.039010572031828804,2026-06-29 01:33:00
7.428571428571429,18,0.3947365915735145,0.44238338047948034,0.5576166195205197,0.11200593546384663,62333049794393690,73307123698021,0.07369625991080653,2452.198780724348,0.03883715099577404,2026-06-29 01:48:00
7.0,20,0.39474213118357615,0.44237814038189294,0.5576218596181071,0.1120084499829953,62337250673193081,73312104469319,0.07369965694999492,2461.926755065552,0.03874667722070836,2026-06-29 02:03:00
6.142857142857143,17,0.39472939710877464,0.4423725942525622,0.557627411473782,0.11201110778458565,62341004560117445,73316577445422,0.0737027224416408,2473.0824801664767,0.03737605927523714,2026-06-29 02:18:00
5.571428571428571,17,0.39474320460282686,0.4423668279733757,0.5576331720266243,0.11201407066676264,62344394799521881,73320604552858,0.07370544086769058,2486.3547188389275,0.037000127058773105,2026-06-29 02:33:00
5.285714285714286,14,0.3947185511017623,0.4423632244241315,0.5576367784386523,0.11201674786494312,62347456601556413,73324253482969,0.07370791229015812,2498.1083935894258,0.036605839022941546,2026-06-29 02:48:00
5.0,17,0.3947349814446384,0.44235876413305614,0.5576412358669439,0.11201949495770325,62350252319301965,73327590794798,0.07371013152269609,2508.0566159701957,0.03664920657471293,2026-06-29 03:03:00
4.428571428571429,13,0.394711663328237,0.44235490190843624,0.5576450980915638,0.11202205279254553,62352788043708371,73330650695368,0.07371210521229474,2514.1278733285462,0.036538920041987014,2026-06-29 03:18:00
4.428571428571429,13,0.3947195159012079,0.44234972280484164,0.5576502829195694,0.1120246741016737,62355046068444830,73333394640939,0.07371395393855427,2518.332152693056,0.036217160375004456,2026-06-29 03:33:00
4.142857142857143,12,0.3947326397294278,0.4423451445413454,0.5576548554586547,0.11202720654782863,62357189946593606,73335991686845,0.07371562601286442,2523.4676472589395,0.03622143100040217,2026-06-29 03:48:00
4.142857142857143,13,0.39473274195983266,0.4423412275355943,0.5576587724644056,0.11202956763594844,62359262721224717,73338508918111,0.07371739419805554,2530.801162113608,0.035944512507413845,2026-06-29 04:03:00
3.7142857142857144,10,0.39472674231294924,0.4423372993398335,0.5576627006601665,0.11203204709432343,62361259915683845,73340908417635,0.07371910801122507,2532.809254973041,0.035867849222564564,2026-06-29 04:18:00
3.857142857142857,11,0.3947386936862138,0.4423335740547393,0.5576664288067337,0.1120344448190998,62363147006291228,73343187217119,0.07372079799092741,2537.7679997077075,0.036226034466337,2026-06-29 04:33:00
3.7142857142857144,10,0.39472386708281343,0.4423324727768081,0.5576675272231919,0.11203653474634596,62364985005663243,73345407843445,0.07372245035936835,2541.073990821975,0.036296767319160636,2026-06-29 04:48:00
3.857142857142857,10,0.39471302746520137,0.44232950572365004,0.5576705028596084,0.11203878931530738,62366795740718849,73347616839614,0.07372413116212512,2538.226325650095,0.03677982014803632,2026-06-29 05:03:00
3.857142857142857,14,0.39470802775946523,0.4423274785040267,0.5576725243568562,0.11204123291601455,62368703641139882,73349934579950,0.0737259378135588,2533.9001164008846,0.037239013813342305,2026-06-29 05:18:00
4.571428571428571,12,0.39473334575816116,0.4423254834111572,0.5576745165888428,0.11204330063472122,62370688502805355,73352330294273,0.07372770379683818,2524.8406142674453,0.03774739659803597,2026-06-29 05:33:00
4.428571428571429,12,0.39471459925767566,0.4423229309514145,0.557677071909063,0.11204536835277477,62372809193102650,73354872727225,0.07372957138906891,2506.903046357819,0.03812438740221552,2026-06-29 05:48:00
5.142857142857143,13,0.39472360511740107,0.44232013885312155,0.5576798640071543,0.11204754295979076,62375064742645555,73357574633949,0.07373158683002431,2500.8901147115826,0.03925436069955529,2026-06-29 06:03:00
5.142857142857143,14,0.3947067211271035,0.4423175429860389,0.5576824713142998,0.11204953250155066,62377500069567735,73360472264637,0.07373378732818556,2494.1490140561145,0.039818046435236114,2026-06-29 06:18:00
5.571428571428571,13,0.39472131451739284,0.4423143071044718,0.5576856928955283,0.11205147040765619,62380171239848736,73363641686495,0.07373630450351279,2486.9684285056283,0.04079643340595675,2026-06-29 06:33:00
6.142857142857143,14,0.39472115158768517,0.44231360097998196,0.557686399020018,0.11205300244152443,62383136541541596,73367151591557,0.07373895084902789,2481.1768065529195,0.04151088847652739,2026-06-29 06:48:00
6.857142857142857,17,0.3947181996847457,0.4423113051302779,0.5576886948697222,0.11205462724312605,62386336873712948,73370956730711,0.07374184465158153,2472.1390120786964,0.042465176974950516,2026-06-29 07:03:00
7.142857142857143,16,0.39471282939379204,0.44231236008926406,0.5576876427699192,0.11205598121202338,62389821491201370,73375112602672,0.07374508289708509,2461.161994025246,0.04432761190078143,2026-06-29 07:18:00
9.0,19,0.3962961195938813,0.44231007014010854,0.5576899327188544,0.11205696672877441,62393383785665401,73379374800535,0.07374845230979733,2452.029981135162,0.046557874945764834,2026-06-29 07:33:00
9.857142857142858,22,0.39603303923115424,0.4423122547725966,0.5576877452274034,0.11205788800713405,62396018862408401,73382801393864,0.07375345815583093,2446.4305873404796,0.048364292550705956,2026-06-29 07:48:00
11.428571428571429,23,0.39628907528004853,0.4423135940836465,0.5576864087748356,0.11205910226961945,62398576581618645,73386251800994,0.07375881633350681,2417.90538138123,0.05089159060357824,2026-06-29 08:03:00
11.571428571428571,28,0.3968468539528961,0.44231660342413637,0.5576834022923107,0.11205865986415092,62401265286407698,73389888787297,0.07376420480353728,2409.1120657757992,0.05307268354303059,2026-06-29 08:18:00
12.285714285714286,24,0.3973294453576921,0.442316654829762,0.557683345170238,0.11205796583524896,62404064677915796,73393689850264,0.07376978786779889,2401.742280365317,0.055826979744754694,2026-06-29 08:33:00
12.857142857142858,32,0.3978679567939295,0.44231764456213124,0.5576823582956116,0.11205669037934134,62406956264897447,73397646381469,0.073775566968795,2392.6356179623144,0.05828173545160082,2026-06-29 08:48:00
13.714285714285714,32,0.39856350691078496,0.442317200615616,0.55768280509937,0.11205543954238809,62409983360427773,73401799903887,0.07378157095334675,2382.3548621454534,0.06112896025292925,2026-06-29 09:03:00
14.285714285714286,27,0.39936491341714064,0.4423177030262367,0.5576822969737634,0.1120533644801783,62413182617131203,73406191751672,0.0737878042198617,2377.3238042748794,0.0625039246582444,2026-06-29 09:18:00
15.0,35,0.3996287125874016,0.44231912487570957,0.5576808779812786,0.11205212007951407,62416474569645763,73410740377985,0.07379451131697871,2371.1322453324515,0.06407302658981089,2026-06-29 09:33:00
15.142857142857142,35,0.399901242873175,0.44232198929512656,0.557678013561612,0.11205001618236234,62419901852552805,73415472699720,0.07380125378501669,2367.3293824332745,0.065307237962049,2026-06-29 09:48:00
16.142857142857142,37,0.4001281720089944,0.4423240500947057,0.5576759499052943,0.1120473816751961,62423447111745367,73420372523350,0.07380798379148218,2363.00405197335,0.06709198377909838,2026-06-29 10:03:00
16.714285714285715,36,0.4004981214811696,0.44232864284284956,0.5576713600133625,0.11204477842059878,62427097345946627,73425437684202,0.07381562910430071,2360.7512928946912,0.06793121601807632,2026-06-29 10:18:00
17.0,40,0.4006825387420808,0.442330500282588,0.5576695025733656,0.11204285062518794,62430888902631451,73430679826763,0.07382344896545903,2361.3392113067307,0.06833340105530177,2026-06-29 10:33:00
16.857142857142858,36,0.4008790479430632,0.44233228230192184,0.5576677205537719,0.11204105462209464,62434779638662914,73436056690776,0.07383135225242861,2359.155285675651,0.06861012999097063,2026-06-29 10:48:00
17.428571428571427,48,0.40109518857647297,0.4423345558365051,0.5576654470189278,0.11203902092740291,62438774544485711,73441562073002,0.07383945640058108,2359.598890716058,0.06934218729610996,2026-06-29 11:03:00
17.571428571428573,34,0.401327085471027,0.4423378820731273,0.5576621179268727,0.11203703239544596,62442874717516567,73447204121602,0.07384764983042756,2359.292104432,0.06951935945493415,2026-06-29 11:18:00
18.0,42,0.40156322492738145,0.44234280096990114,0.5576572075947406,0.11203567473194265,62447060717409749,73452951625833,0.07385615126781474,2357.699135270598,0.06972360717822212,2026-06-29 11:33:00
18.0,35,0.40175908879893335,0.4423469311277858,0.5576530688722142,0.11203400169891144,62451324956324892,73458804982745,0.07386487449555623,2357.1997805859637,0.06918542127118804,2026-06-29 11:48:00
19.571428571428573,36,0.4019653066936744,0.4423505460240513,0.5576494568302869,0.11203239980761617,62456175379787112,73465355008576,0.07387326057557965,2355.409414033964,0.06842135550791983,2026-06-29 12:03:00
15.571428571428571,30,0.4016349012199672,0.44235235780366305,0.557647642196337,0.1120309820884893,62463530493055658,73474480444255,0.07387775085379904,2329.608893589822,0.06693940819568751,2026-06-29 12:18:00
15.714285714285714,32,0.4016212151245207,0.4423596378963791,0.5576403649574092,0.11202913190954134,62471034355526680,73483816600078,0.07388218504263477,2322.4728715942706,0.06602142907017672,2026-06-29 12:33:00
16.0,36,0.40161155435126433,0.44236321261859446,0.5576367902349214,0.11202787379613786,62478597681441525,73493229116643,0.07388687498842395,2317.2312514113514,0.06462090935088845,2026-06-29 12:48:00
16.285714285714285,40,0.4015308594201526,0.4423656116730605,0.557634394033427,0.11202743961369516,62486298817432376,73502793043293,0.07389148869412372,2312.713790492015,0.06340881663945482,2026-06-29 13:03:00
16.142857142857142,36,0.4013829703607668,0.4423655093061268,0.5576344963998427,0.1120269454165033,62494113542699265,73512481840931,0.07389598674730587,2313.691273038218,0.06344906930664944,2026-06-29 13:18:00
16.0,35,0.40127084596957047,0.44236539560880417,0.5576346072439221,0.1120263045208138,62501999308202386,73522232565953,0.07390116198310485,2317.854578803588,0.062227136376314156,2026-06-29 13:33:00
15.714285714285714,37,0.4011995338728019,0.4423650189627088,0.5576349838897593,0.11202638564778596,62509973677509344,73532054486684,0.07390641936540938,2319.3410066928222,0.061229166044014065,2026-06-29 13:48:00
15.857142857142858,38,0.4011753467979594,0.44236455363748933,0.5576354492147207,0.11202664027684606,62517958381408685,73541863260569,0.07391149677725672,2323.5701255400536,0.06124686203204897,2026-06-29 14:03:00
15.714285714285714,34,0.40113249628483527,0.44236476668061464,0.5576352390232906,0.11202730242672446,62525940969648093,73551628909836,0.07391678985859897,2323.6664798265933,0.06083569445473773,2026-06-29 14:18:00
15.428571428571429,38,0.4010783333384768,0.44236469166985753,0.5576353083301424,0.11202719252737217,62533895457618156,73561331278922,0.07392213847749016,2324.5492427145878,0.05928209984653914,2026-06-29 14:33:00
15.285714285714286,29,0.4010512870069992,0.4423642513505606,0.5576357543523267,0.1120272069470396,62541821186066641,73570969946393,0.07392700359541277,2328.3676967028937,0.05904380637243346,2026-06-29 14:48:00
15.428571428571429,42,0.4010011749404321,0.4423653458198031,0.5576346541801969,0.11202765477038593,62549760048130660,73580607284621,0.07393180255370083,2333.6653005104386,0.05868742894941055,2026-06-29 15:03:00
15.142857142857142,39,0.4009884568391313,0.4423639912304111,0.557636008769589,0.11202784450725672,62557657894850023,73590185064868,0.07393649138438621,2337.0075759845568,0.0579561371942084,2026-06-29 15:18:00
15.285714285714286,31,0.40094713339267934,0.44236285683719107,0.5576371460134879,0.11202871048615164,62565538903700505,73599728109317,0.07394124775516786,2340.6589779805804,0.057943646288334934,2026-06-29 15:33:00
15.142857142857142,34,0.4009121929571289,0.4423624945551809,0.557637511145678,0.11202938153681019,62573373740919643,73609225719945,0.07394601262416413,2338.975161260847,0.05753542108145773,2026-06-29 15:48:00
15.142857142857142,38,0.4008969414586085,0.4423619565921137,0.5576380491082386,0.11202878723290487,62581167700928698,73618680282425,0.07395098149242005,2336.2678397513137,0.05793614650730503,2026-06-29 16:03:00
14.714285714285714,28,0.4008903380133965,0.4423633685964151,0.5576366314035849,0.11202915225446365,62588835568883468,73628016240483,0.07395609879830004,2334.2252231268385,0.05733586893840855,2026-06-29 16:18:00
14.428571428571429,28,0.4008652851748131,0.44236325715365116,0.5576367456960052,0.1120291913571065,62596123302772753,73636860499166,0.07396070720924725,2335.1570873718615,0.058295713887120196,2026-06-29 16:33:00
14.857142857142858,36,0.40083662551975935,0.44236397477841205,0.557636025221588,0.11202865392727461,62603505812705796,73645836292487,0.0739653242687761,2330.891952514008,0.059498006112397826,2026-06-29 16:48:00
14.857142857142858,30,0.40081968083015895,0.44236394544837265,0.5576360545516273,0.11202785290989561,62610893477339991,73654825432034,0.07397005311466591,2326.4081274015907,0.05963139958981054,2026-06-29 17:03:00
14.571428571428571,31,0.4008879931034858,0.44236358414833465,0.557636418700545,0.11202733273361498,62618205142869308,73663752695167,0.07397476063959092,2323.5698436483285,0.0600923380489423,2026-06-29 17:18:00
14.571428571428571,40,0.40077994514968196,0.44236231614900445,0.5576376838509955,0.11202715203312713,62625498640516753,73672663943041,0.07397960576778932,2321.084403842505,0.06008694774176208,2026-06-29 17:33:00
14.714285714285714,38,0.4007804499123058,0.4423638099822359,0.5576361900177641,0.11202656285943435,62632697337252697,73681472904783,0.07398428386220728,2318.782315186449,0.059860560173724583,2026-06-29 17:48:00
14.714285714285714,31,0.4007498510742604,0.4423627411472938,0.5576372588527062,0.11202620803904817,62639901650589627,73690277811907,0.07398822549107044,2316.512423529711,0.05989744521609758,2026-06-29 18:03:00
14.857142857142858,30,0.4007491482402272,0.44236212808907455,0.5576378747587557,0.1120249304148264,62647229881564494,73699139597529,0.07399169819428711,2314.733125138093,0.05976489197049669,2026-06-29 18:18:00
14.857142857142858,41,0.4007190573595058,0.442362075292043,0.5576379275555319,0.11202363421539216,62654721346337345,73708136167431,0.07399503787007905,2308.914327194485,0.059608389946997166,2026-06-29 18:33:00
15.142857142857142,36,0.4007138787505612,0.4423621447741494,0.5576378609204953,0.11202260241371448,62662366624622285,73717307642629,0.0739980409256501,2306.09139766044,0.05949952928257583,2026-06-29 18:48:00
14.857142857142858,41,0.400702336298916,0.4423626936844897,0.5576373091625765,0.11202134332482275,62669850989458368,73726379989987,0.07400137330704391,2300.5774798743323,0.060081569652483985,2026-06-29 19:03:00
15.285714285714286,32,0.40068343964752334,0.4423627674640257,0.5576372353827873,0.11202101638528053,62677390497469898,73735486260222,0.07400428374144652,2298.532431657822,0.060487743061911264,2026-06-29 19:18:00
15.285714285714286,29,0.4006575370186998,0.44236369110092066,0.5576363117456397,0.11201997532654968,62685210698920243,73744864451180,0.07400675809956922,2297.447405890473,0.059420316362464774,2026-06-29 19:33:00
15.0,30,0.4006624121311301,0.4423657348371893,0.5576342680091086,0.11201936302878304,62693034777667208,73754254064018,0.07400942800784162,2294.788646730512,0.05743208084762877,2026-06-29 19:48:00
15.857142857142858,33,0.4006569779461734,0.44236622397769354,0.5576337788683603,0.11201930997891828,62700726993550966,73763472586111,0.0740121505614956,2298.5757480645952,0.05852700786059659,2026-06-29 20:03:00
15.714285714285714,33,0.4006413015525329,0.44236619601431604,0.5576338096772863,0.11201787761473118,62708273920843508,73772713626642,0.07401646924781215,2296.1373994999226,0.06033639384449305,2026-06-29 20:18:00
16.285714285714285,31,0.4006394039006433,0.44236585220321467,0.5576341506423286,0.11201828691636026,62716028039721982,73782250059721,0.0740204090019812,2295.828813108698,0.06039110079144992,2026-06-29 20:33:00
16.714285714285715,39,0.40062825759181675,0.4423661382723588,0.5576338617276412,0.11201835867215439,62724031149214555,73792118741186,0.07402449973682931,2292.661752479799,0.059912332994354243,2026-06-29 20:48:00
16.714285714285715,34,0.40063093155584306,0.4423661771846048,0.5576338285054371,0.11201923827417064,62732312199242101,73802347552103,0.07402860255020868,2285.9932852808342,0.0587795445619557,2026-06-29 21:03:00
17.714285714285715,36,0.4006103512974709,0.4423672849207029,0.5576327150792971,0.11202074982454092,62740766550627991,73812780712705,0.07403279678817755,2280.552742404945,0.057305656625574915,2026-06-29 21:18:00
17.857142857142858,43,0.4006180249672334,0.4423670361753164,0.557632972358167,0.11202206972986305,62749526173264886,73823558196349,0.07403706752153419,2261.0692271819566,0.05582815803748353,2026-06-29 21:33:00
17.714285714285715,41,0.40062380417980636,0.4423663298534759,0.5576336701465241,0.11202388482444611,62758407475732919,73834420946874,0.07404147258865248,2264.590673786019,0.05539584208752668,2026-06-29 21:48:00
18.0,48,0.40062176276641,0.44236559622956173,0.5576344037704383,0.11202592863820421,62767543303691208,73845550654759,0.07404572335055933,2267.827697734132,0.054822674563833274,2026-06-29 22:03:00
19.0,37,0.4006188332263716,0.4423679072068047,0.5576320899494803,0.11202744806864866,62777120631090698,73857165740402,0.07404969193023399,2261.8857788479095,0.05360225524804409,2026-06-29 22:18:00
19.0,38,0.4006129485886936,0.4423672028682563,0.5576327999752118,0.11202996299968161,62786936482299917,73869049921770,0.0740540069785823,2261.669297212407,0.05246460742897956,2026-06-29 22:33:00
18.714285714285715,36,0.4006054059016373,0.4423660034959543,0.5576339965040458,0.11203330333660497,62796834308827338,73880996857797,0.07405819004456987,2262.433810063841,0.05061034189666963,2026-06-29 22:48:00
18.571428571428573,35,0.40061051103247847,0.44236386366755887,0.5576361391754201,0.11203710777373897,62806738023720335,73892860357257,0.07406199752893355,2266.6501650301693,0.04934718995168331,2026-06-29 23:03:00
17.142857142857142,36,0.40061426161045566,0.44236095185648855,0.5576390481435114,0.11204028212677716,62816434922754352,73904409127388,0.07406591277608203,2280.2482583465367,0.047337939514185315,2026-06-29 23:18:00
16.428571428571427,33,0.4005836212413083,0.44235768992888563,0.5576423129136213,0.11204347267249751,62825815538340951,73915544890741,0.07406995289343817,2298.8588139529347,0.04589987070458956,2026-06-29 23:33:00
15.571428571428571,30,0.40058188012972606,0.4423546758964877,0.5576453269457917,0.11204661110565031,62834764328452325,73926124345727,0.07407428665478957,2320.7598534375134,0.04473136441964819,2026-06-29 23:48:00
15.0,33,0.4005917837001938,0.44235157347910425,0.5576484293629511,0.11204998774204668,62843339933369574,73936211729673,0.074078518503618,2345.623469977936,0.043811861975386016,2026-06-30 00:03:00
13.142857142857142,29,0.40056298986773375,0.4423529063859823,0.5576470964558315,0.11205300166380526,62852011742641893,73945985772219,0.07407769139569646,2366.4569663555076,0.042445013558300694,2026-06-30 00:18:00
12.142857142857142,26,0.4005413106325097,0.4423487870621003,0.5576512157795016,0.1120562672290899,62859631144603475,73954768369737,0.07408058820140799,2384.939005384013,0.04108975070222669,2026-06-30 00:33:00
10.714285714285714,24,0.4005252221225497,0.44234500757541323,0.5576549981073756,0.11205871623959791,62866243367692474,73962531046829,0.07408509542565099,2402.833464844187,0.04002628916909758,2026-06-30 00:48:00
10.428571428571429,22,0.400497051256619,0.4423415852658037,0.5576584175753835,0.11206215268933184,62872334728607473,73969688202190,0.07408944530813562,2419.3059602483227,0.039152280244785,2026-06-30 01:03:00
9.285714285714286,23,0.40048960441056725,0.44233762034272966,0.557662382498256,0.1120653743462281,62877977504429660,73976333392566,0.07409363378251473,2434.2568613318736,0.038145527668131375,2026-06-30 01:18:00
8.428571428571429,22,0.40046468255469003,0.44233484268269807,0.5576651601580879,0.11206789942119358,62883098966740704,73982367264435,0.07409775665892063,2451.068965928719,0.03730754815980811,2026-06-30 01:33:00
7.714285714285714,20,0.4004493735515669,0.442331687287364,0.557668312712636,0.11207055801694644,62887748497006794,73987849457245,0.07410156054427845,2465.344552173985,0.03673613351139676,2026-06-30 01:48:00
7.428571428571429,17,0.40041465674502696,0.44232835285613725,0.5576716471438627,0.11207329735149725,62892123165850674,73992991454854,0.07410477957886774,2478.156580080248,0.0362401077826868,2026-06-30 02:03:00
6.857142857142857,17,0.40038037122300746,0.44232698648930396,0.5576730163508788,0.11207589318849638,62896313957907462,73997857020030,0.07410723775393431,2493.585979902585,0.03579280974546895,2026-06-30 02:18:00
6.428571428571429,19,0.40034118503095645,0.4423224259315716,0.5576775740684284,0.11207847691497975,62900235541690531,74002397934817,0.07410967932660359,2503.9444409323596,0.03573238063312317,2026-06-30 02:33:00
6.142857142857143,19,0.4003242914565584,0.44231786640317045,0.5576821392764105,0.11208118828647849,62903873450701836,74006590066231,0.074111615841407,2514.03298543539,0.035291388968676125,2026-06-30 02:48:00
5.571428571428571,17,0.40033600961671195,0.44231550603785386,0.5576844996413244,0.11208366638416653,62907181277424076,74010446868809,0.07411364856320951,2522.109874347132,0.035537592340441265,2026-06-30 03:03:00
5.142857142857143,35,0.4003198060975465,0.4423120913987858,0.5576879171193887,0.11208597105509867,62910218667491782,74014010108323,0.07411555474562966,2526.6229206766325,0.035277610124831556,2026-06-30 03:18:00
5.0,13,0.4002788244840107,0.44230784895509306,0.557692151044907,0.11208863457019815,62913110678782205,74017373568003,0.07411711849044215,2534.6993967926574,0.03482575518464195,2026-06-30 03:33:00
5.0,16,0.4002760930153817,0.44230516122006164,0.5576948416189496,0.11209106927567324,62915921116258393,74020623628703,0.07411857735129342,2538.2501553234856,0.03482183815415897,2026-06-30 03:48:00
5.0,13,0.400259502937498,0.4423025641855743,0.5576974358144257,0.11209327721760656,62918740021581072,74023886586847,0.07411997522102413,2541.303825069057,0.03494644538423534,2026-06-30 04:03:00
4.857142857142857,11,0.40022638667573374,0.44230096890383247,0.5576990310961676,0.11209553775151654,62921423831613387,74026977446273,0.07412128131704843,2545.1280207740115,0.034839064495381204,2026-06-30 04:18:00
5.0,12,0.4002276741398946,0.44229752719266957,0.5577024728073304,0.11209790840778776,62924104957138253,74030058421726,0.0741224818805035,2548.0296565794897,0.03473674553701236,2026-06-30 04:33:00
5.0,12,0.40021389539814367,0.4422937810726051,0.5577062189273949,0.11210027410877381,62926840377969898,74033173009597,0.07412353419991383,2549.8963110977106,0.034625859969108774,2026-06-30 04:48:00
4.428571428571429,14,0.40018902146276875,0.4422912023066221,0.5577088033694788,0.11210268399056036,62929445089676205,74036181500164,0.07412483161149855,2549.249718346746,0.035593241419625256,2026-06-30 05:03:00
4.428571428571429,14,0.4001949156845472,0.44228763246553615,0.5577123675344638,0.11210550222578766,62931712491502045,74038865360938,0.0741267450998991,2546.010604810816,0.0353288801522901,2026-06-30 05:18:00
4.428571428571429,11,0.40016637423339896,0.4422845049823262,0.5577154950176738,0.11210783203658758,62933983011555352,74041550677385,0.07412877127638849,2542.1838125316754,0.03585859368943329,2026-06-30 05:33:00
4.714285714285714,13,0.40014875226736657,0.44228089477861715,0.5577191108962821,0.11211034686725731,62936318153290567,74044311436038,0.07413077945833223,2537.346197587731,0.03627303709914713,2026-06-30 05:48:00
5.142857142857143,13,0.40013434416968596,0.442277956914338,0.5577220459229045,0.1121126084615838,62938726068601202,74047172729642,0.07413300508458913,2529.0665411511563,0.03748772943638755,2026-06-30 06:03:00
5.142857142857143,17,0.4001298268636726,0.4422767895799851,0.5577232160940642,0.1121145556383141,62941249392018536,74050164516121,0.07413546331557254,2522.8306738186634,0.038082972906021174,2026-06-30 06:18:00
5.857142857142857,18,0.400118022446615,0.4422733452844045,0.557726657552416,0.11211661803059815,62943967975857727,74053370980298,0.07413810928104365,2514.858425977356,0.0384907730642744,2026-06-30 06:33:00
6.0,16,0.40011375432721336,0.44227304051682187,0.5577269594831781,0.11211808246459104,62946932788665809,74056865621639,0.074140992456946,2507.1493735672016,0.04009763060844899,2026-06-30 06:48:00
6.571428571428571,15,0.40011012514784194,0.44227075124429804,0.5577292515920984,0.1121195488598185,62950127314362510,74060637285807,0.0741441339032918,2499.17015983633,0.04139588874569269,2026-06-30 07:03:00
7.142857142857143,19,0.40008420015611734,0.4422681879177393,0.5577318120822607,0.11212049931208731,62953598098944577,74064738254697,0.07414758032468614,2489.582618946617,0.042627074161612426,2026-06-30 07:18:00
9.142857142857142,21,0.40010656944657397,0.44226773244417983,0.557732270391787,0.11212150503705239,62957165279504278,74068963097929,0.0741513034123812,2481.813017493689,0.04431503906368197,2026-06-30 07:33:00
10.0,23,0.4009556536579818,0.4422663889537236,0.5577336138820265,0.11212262726084214,62959913949714622,74072499918558,0.07415641250569978,2473.4686056381406,0.0459550096085007,2026-06-30 07:48:00
10.714285714285714,22,0.40096942601033236,0.4422676640463376,0.5577323359536623,0.11212278958625449,62962594833607321,74076041439902,0.07416135433701529,2465.5391408252144,0.04808687126306798,2026-06-30 08:03:00
10.857142857142858,22,0.40096291521142485,0.4422685490277521,0.5577314509722479,0.11212315948405337,62965345623650712,74079719055758,0.0741663504837219,2459.821073693771,0.04980931936607683,2026-06-30 08:18:00
11.857142857142858,25,0.40095058047414217,0.44226950684361,0.557730495991445,0.11212234330600565,62968190998933806,74083540522563,0.0741716283903503,2448.5903028681028,0.052062135597873115,2026-06-30 08:33:00
12.285714285714286,23,0.4009697167280461,0.4422685720659217,0.5577314279340783,0.1121213263600207,62971162159269526,74087535727352,0.07417688025469193,2441.2193050067144,0.054349345731564025,2026-06-30 08:48:00
13.142857142857142,27,0.40096053835451256,0.4422696510250024,0.5577303518095994,0.11211968038516348,62974249417920179,74091699255735,0.07418251040821638,2429.98405492847,0.056343302913900425,2026-06-30 09:03:00
13.428571428571429,30,0.4009553693296684,0.44226937657450843,0.5577306234254915,0.11211846623862445,62977512097336860,74096102464129,0.07418850676267642,2418.3557185663467,0.05784936479128856,2026-06-30 09:18:00
13.714285714285714,38,0.4009654326351438,0.44227100602186814,0.5577289968122576,0.11211683049406983,62980858025141384,74100638708752,0.07419498097254114,2408.5164610798315,0.05954834807324149,2026-06-30 09:33:00
14.285714285714286,32,0.40096512274922913,0.44227340370371404,0.557726599130163,0.11211451562680665,62984331342279896,74105341699400,0.07420143715268128,2402.3784955659944,0.06065130112394744,2026-06-30 09:48:00
15.0,34,0.4009677583768536,0.44227456478020405,0.557725435219796,0.11211236804881196,62987955228027399,74110244515453,0.07420807385909059,2394.060087152744,0.06235096332055911,2026-06-30 10:03:00
15.428571428571429,36,0.4009733650756185,0.44227736867939854,0.5577226313206014,0.11210938474396959,62991718350705393,74115344461266,0.07421509712268351,2389.8509461040153,0.06370824282211432,2026-06-30 10:18:00
15.714285714285714,36,0.40101796628442526,0.442279791784906,0.5577202082150939,0.11210643180098795,62995573411198672,74120584161117,0.07422265556117945,2387.8240211381844,0.06464584157724448,2026-06-30 10:33:00
16.428571428571427,42,0.4010542644675399,0.44228327287094554,0.5577167299619231,0.11210453083283922,62999555961550900,74125985042358,0.07423033069666125,2383.8512427476853,0.06559020724168897,2026-06-30 10:48:00
14.857142857142858,37,0.4010926551792533,0.44228479291587397,0.5577152099167395,0.11210245701271385,63004046252147094,74131995347959,0.07423759897712667,2381.6754287283197,0.06477289376758004,2026-06-30 11:03:00
13.428571428571429,33,0.40044706697805793,0.44228479097572104,0.5577152146890156,0.11210091037138323,63010380069876303,74139804816139,0.07424192065694257,2373.904891867914,0.06405327048072126,2026-06-30 11:18:00
13.714285714285714,32,0.40047083874188083,0.44228419341939756,0.5577158122448487,0.11209852323492525,63017017700201138,74147971140239,0.07424652977191704,2367.687118066852,0.06417299774072269,2026-06-30 11:33:00
18.0,36,0.4014952065664685,0.44228460765173216,0.5577153951801396,0.11209657423721396,63023193115002233,74155688960339,0.07425230618523308,2367.10451204094,0.06556977400029716,2026-06-30 11:48:00
18.428571428571427,42,0.40150925366303203,0.44228753729508846,0.5577124655365207,0.11209496553501391,63028043071004935,74162138344729,0.07426071719883773,2369.671560496737,0.06684186207693196,2026-06-30 12:03:00
18.142857142857142,36,0.4016075290290742,0.4422970188993408,0.5577029839319753,0.11209336487343032,63032636339955124,74168325050126,0.07426901403908193,2372.3225991639133,0.06624756612831184,2026-06-30 12:18:00
17.714285714285715,38,0.401783087386467,0.44230214274783813,0.5576978600832089,0.1120923787596991,63037189124853132,74174483044320,0.07427720424010281,2374.2094334501753,0.06570769419915674,2026-06-30 12:33:00
17.571428571428573,50,0.4018679226489743,0.442306222700223,0.5576937801305515,0.11209157376367115,63041668766867983,74180552597406,0.07428571028874618,2378.0362842463037,0.0644680703056161,2026-06-30 12:48:00
18.0,36,0.4019601153059292,0.44231059237491355,0.5576894104555886,0.1120908951001354,63046174349926256,74186665131100,0.074294215498837,2382.456169496006,0.06404617802277848,2026-06-30 13:03:00
18.0,37,0.4020545889787918,0.4423138601727707,0.5576861398272293,0.11209117512189219,63050761840095398,74192910386683,0.0743021638518238,2382.1889288638995,0.06337789947284292,2026-06-30 13:18:00
15.142857142857142,36,0.40214769851468996,0.4423186183091244,0.5576813845208538,0.11209192336172237,63055971156882612,74199842720971,0.07430951625403723,2386.9208306050464,0.06137191937839372,2026-06-30 13:33:00
15.0,32,0.40169925206510687,0.4423200259231966,0.5576799825659695,0.11209125923598938,63063331133616550,74208868045095,0.07431416706866897,2365.134366234137,0.06065431905001202,2026-06-30 13:48:00
15.285714285714286,40,0.40169569955853907,0.44232239789252714,0.5576776021074729,0.11209207057367088,63070932899093953,74218160490976,0.07431911943601265,2359.19413768818,0.059510247292896515,2026-06-30 14:03:00
14.857142857142858,36,0.40168612184748664,0.44232302276848845,0.5576769800607025,0.11209200381019048,63078650186089345,74227579012360,0.07432400346057838,2362.8030566337934,0.05859273199015727,2026-06-30 14:18:00
15.142857142857142,38,0.4016606377243829,0.4423209600981946,0.5576790455596886,0.11209211082349263,63086410957726046,74237028983877,0.0743289180005359,2363.9639309737177,0.057660898896471066,2026-06-30 14:33:00
15.285714285714286,39,0.4016268984960892,0.44231863122562903,0.5576813716030591,0.11209318906192904,63094205690362282,74246518064429,0.07433408551329948,2367.7697849055817,0.057697439307417255,2026-06-30 14:48:00
15.142857142857142,34,0.40159039265746477,0.4423165174089178,0.5576834825910821,0.11209354235531808,63101986370991839,74255984152848,0.07433937730912535,2371.2219766798617,0.057509684048884964,2026-06-30 15:03:00
14.714285714285714,42,0.40156529828777937,0.4423140383151822,0.5576859645130008,0.112094132027875,63109712612679634,74265366504650,0.07434463222852737,2371.816588464385,0.057628029386019394,2026-06-30 15:18:00
14.857142857142858,36,0.4015531009226032,0.4423121322119886,0.5576878706159413,0.11209534700029979,63117426727830036,74274704939025,0.07435012289587012,2375.485987448611,0.05685371654101098,2026-06-30 15:33:00
14.857142857142858,34,0.4015298371161043,0.44231248711447674,0.5576875185408666,0.11209526149414431,63125094285755497,74283995168329,0.07435543683600786,2373.824506175547,0.05707949899596943,2026-06-30 15:48:00
14.714285714285714,31,0.40151110339441937,0.4423124842396116,0.5576875157603884,0.11209549864773662,63132720630159419,74293227170146,0.0743606221910355,2373.2888947034353,0.05696791419126656,2026-06-30 16:03:00
14.0,26,0.4015122439023733,0.4423123433141304,0.5576876623401921,0.11209514256823397,63140189365439579,74302287195752,0.0743656482220093,2374.799059676792,0.05646838902789254,2026-06-30 16:18:00
14.142857142857142,28,0.40150329874195073,0.4423107973376246,0.5576892026623754,0.1120956723282471,63147377317467614,74311003161559,0.0743705421706227,2375.0114488663335,0.05716118332663987,2026-06-30 16:33:00
14.142857142857142,29,0.401473814854258,0.4423091231918797,0.5576908768081204,0.11209568824652706,63154537188243935,74319697704903,0.07437526268822993,2371.9283141919313,0.05817427038753518,2026-06-30 16:48:00
14.428571428571429,26,0.4014601958475147,0.4423095560416341,0.5576904439583659,0.11209524904892575,63161699107762716,74328394131493,0.07437975256654386,2367.6431421101342,0.058375177661392864,2026-06-30 17:03:00
14.142857142857142,26,0.4014583461161273,0.4423102102795055,0.5576897897204944,0.11209433143033054,63168800669110325,74337041251752,0.07438419517338106,2363.1959085081053,0.059102126889363255,2026-06-30 17:18:00
14.285714285714286,28,0.40145605871081924,0.442310250591944,0.5576897550598013,0.11209373785157438,63175796511752166,74345564408545,0.07438841656773207,2357.455504541649,0.06002705250880496,2026-06-30 17:33:00
14.0,31,0.4014445450114754,0.44230793205151464,0.557692073599745,0.11209278225894881,63182743842300545,74354038611721,0.07439267534682431,2354.6636690878245,0.060331932983603745,2026-06-30 17:48:00
14.285714285714286,31,0.4014342772451904,0.4423063638873632,0.5576936389380226,0.11209262704889285,63189712696155262,74362525654724,0.0743968880013901,2351.957086919687,0.05988773105783309,2026-06-30 18:03:00
14.285714285714286,32,0.4014402257768714,0.44230525415511623,0.5576947486700266,0.11209154226014442,63196762599028165,74371071436903,0.07440103009348846,2350.522891017683,0.060608399474586176,2026-06-30 18:18:00
14.428571428571429,32,0.40143332841924556,0.4423035347099437,0.5576964652900562,0.11209134824290452,63203882731571520,74379696506506,0.07440451950232042,2347.1492794742144,0.06054171378699094,2026-06-30 18:33:00
14.714285714285714,30,0.40141718559938305,0.4423033785827015,0.5576966270665926,0.11209083761380509,63211149142650513,74388479352954,0.07440766786712383,2343.782879892982,0.05914513205740536,2026-06-30 18:48:00
14.714285714285714,33,0.40140794972124677,0.4423009382904834,0.5576990673583231,0.1120901040944579,63218378371656192,74397258499901,0.07441111325999152,2341.2935120141983,0.059169905998916195,2026-06-30 19:03:00
14.857142857142858,30,0.40139945181884534,0.4422986301679902,0.5577013698320098,0.11208891180396775,63225718804652406,74406144573901,0.0744141783409261,2337.1515788193315,0.05896854745715535,2026-06-30 19:18:00
15.0,29,0.40138639188462844,0.4422979047583246,0.557702098065597,0.1120884667927216,63233155246080666,74415152267124,0.07441689703989936,2337.3318918574882,0.05866959886803389,2026-06-30 19:33:00
14.714285714285714,30,0.40139652866820724,0.4422958857385642,0.5577041142614358,0.11208831662659306,63240572810426761,74424165469377,0.07441950416295831,2337.6478905214026,0.05685582135574675,2026-06-30 19:48:00
14.857142857142858,35,0.40140167852485054,0.4422940708873857,0.5577059319360554,0.1120879958309025,63247874377288676,74433038130860,0.07442238181331638,2338.390713270092,0.058006881835307625,2026-06-30 20:03:00
15.428571428571429,30,0.4013919794151924,0.4422919880697436,0.5577080119302563,0.1120881714723192,63255231736363698,74442075088517,0.07442602103514756,2334.2816213208607,0.059841240130683364,2026-06-30 20:18:00
16.428571428571427,31,0.40137085286309443,0.442292089828111,0.5577079129948355,0.11208787709043108,63262982871238307,74451606876667,0.0744299250023128,2325.134102206331,0.059948464810158024,2026-06-30 20:33:00
16.857142857142858,32,0.40136734827702886,0.44229351718345844,0.5577064828165416,0.11208717717059957,63271076127267850,74461572608608,0.07443387884651355,2318.1983358024727,0.05951995722948352,2026-06-30 20:48:00
17.142857142857142,34,0.40137672152727166,0.4422923500106317,0.5577076528118086,0.11208783653737693,63279477472230452,74471900727200,0.07443783491722121,2308.5940309261364,0.05885195883682944,2026-06-30 21:03:00
17.428571428571427,35,0.40137105093450376,0.4422905838589255,0.5577094161410745,0.11208898266771862,63288057934265706,74482445566179,0.0744417515814719,2299.2891070590485,0.057588324773120605,2026-06-30 21:18:00
17.285714285714285,35,0.4013659521930629,0.442288516128706,0.557711483871294,0.11209007279582871,63296726431923051,74493079484204,0.07444550389466636,2299.0861545178113,0.05559195316396106,2026-06-30 21:33:00
17.428571428571427,36,0.4013782422045435,0.44228729954654866,0.5577127060968541,0.11209184653194189,63305460386117616,74503802773737,0.07444958962425298,2302.195747127477,0.054870666394512935,2026-06-30 21:48:00
18.571428571428573,37,0.4013585564622136,0.44228614460819354,0.5577138582132655,0.11209404305270859,63314551717870451,74514902575161,0.07445375262528166,2294.896160509425,0.05497943945535792,2026-06-30 22:03:00
19.571428571428573,39,0.401368916874803,0.44228608541699665,0.557713923046677,0.11209590217227958,63324260866664328,74526635599732,0.0744572178705992,2275.844777801399,0.05357384379701064,2026-06-30 22:18:00
19.428571428571427,40,0.4013661630432729,0.4422853707154417,0.5577146349265298,0.11209858141130002,63334491319678721,74538947192765,0.07446042260471745,2264.208516958288,0.052376860413157804,2026-06-30 22:33:00
19.142857142857142,38,0.40136793610185667,0.4422858366578561,0.5577141661628927,0.11210124973981275,63344844037297515,74551335087613,0.07446345359543237,2265.984135529141,0.05033477562734281,2026-06-30 22:48:00
18.142857142857142,34,0.40134704915227004,0.4422826241060918,0.557717378714424,0.11210451807470992,63354996852706783,74563471457078,0.074467131913316,2272.540432224897,0.048872455754199365,2026-06-30 23:03:00
17.714285714285715,35,0.4013541637495061,0.44228034087990803,0.5577196591200919,0.11210765914689635,63364898955665661,74575255122200,0.07447051350507221,2289.841016258081,0.047004099850800535,2026-06-30 23:18:00
17.0,34,0.401351007385757,0.4422764251486739,0.5577235776713924,0.11211104192137214,63374574328833477,74586678067033,0.07447385453395303,2312.0051407164588,0.04516496418101418,2026-06-30 23:33:00
15.714285714285714,35,0.40134684788616054,0.44227332958300447,0.5577266704169955,0.1121139638372069,63383774532224730,74597507695659,0.07447750674740447,2331.5806055490816,0.0438168114232738,2026-06-30 23:48:00
15.142857142857142,32,0.4014202045910256,0.4422728009516653,0.5577272075071608,0.11211697232170682,63392460274110178,74607687378644,0.07448146528303498,2356.1583156902584,0.04323488927370829,2026-07-01 00:03:00
13.714285714285714,30,0.40131830004561203,0.44227050489622033,0.5577294979231436,0.11212080743585955,63402462847124963,74618483318204,0.0744741528823365,2378.181278726145,0.042125531570675785,2026-07-01 00:18:00
12.428571428571429,27,0.40128704948873584,0.4422683203714356,0.5577316880859472,0.11212432668040573,63412013479389913,74628600318429,0.07446527592206066,2399.444043355318,0.04076948634848096,2026-07-01 00:33:00
11.285714285714286,25,0.40126753306551394,0.4422660060285152,0.5577339967903816,0.1121278255385644,63420837300653144,74637917152174,0.07445699923989814,2418.5090549786128,0.03985203191572227,2026-07-01 00:48:00
10.714285714285714,26,0.40129056365890187,0.4422639224055153,0.5577360775944846,0.11213093027022755,63429063996856026,74646581618849,0.07444943374781013,2437.0031843476727,0.03871308469421116,2026-07-01 01:03:00
9.428571428571429,24,0.4012394612352879,0.44226362879210734,0.5577363768447688,0.11213427805898614,63436798976453090,74654693904473,0.07444234898747631,2452.9241921814064,0.0374456788118688,2026-07-01 01:18:00
8.857142857142858,24,0.40122505952700765,0.4422611814227864,0.5577388185772135,0.11213729608766206,63443798035285495,74662018516488,0.07443600513567282,2466.675150068609,0.037049067449031525,2026-07-01 01:33:00
7.857142857142857,23,0.40119410607724554,0.4422582932212801,0.5577417095967188,0.11214039223066315,63450195172502450,74668707424143,0.0744302889192378,2481.913810432117,0.0361964178448355,2026-07-01 01:48:00
7.428571428571429,20,0.4011891670708122,0.44225685465721504,0.5577431509783475,0.11214335415408276,63456048153161940,74674832028028,0.07442516136334945,2498.99020018427,0.03591436620059429,2026-07-01 02:03:00
6.714285714285714,18,0.4011624402093497,0.44225451771905827,0.5577454879160701,0.11214613974479039,63461417785924533,74680463538253,0.07442041911492951,2507.631846773998,0.035616000730210165,2026-07-01 02:18:00
6.142857142857143,19,0.4011418918979791,0.4422524292422778,0.5577475763924152,0.11214914938897087,63466238455117992,74685546994568,0.07441615306266992,2519.687767677152,0.03529510626270034,2026-07-01 02:33:00
5.714285714285714,20,0.4011282665018355,0.44224798834117285,0.5577520144759924,0.11215159956754331,63470614295963383,74690155494213,0.0744123706882579,2526.565432383143,0.035150529134572374,2026-07-01 02:48:00
5.285714285714286,20,0.40110853283900333,0.4422443228215966,0.5577556771784035,0.11215434928461389,63474577243609582,74694353091854,0.07440901993535219,2534.587273339352,0.03535314740105513,2026-07-01 03:03:00
4.714285714285714,17,0.40108773534102093,0.4422419119927647,0.5577580880072353,0.11215671084093831,63478130107528803,74698138360608,0.07440599953357072,2537.717737561968,0.03514734344854749,2026-07-01 03:18:00
4.428571428571429,12,0.4010576732126009,0.4422374291466426,0.5577625708533573,0.11215892769223745,63481317900169102,74701543449531,0.07440317731467026,2544.2612787223375,0.03474952304425008,2026-07-01 03:33:00
4.428571428571429,12,0.4010316619639722,0.44223235283990847,0.5577676471600915,0.11216137300031899,63484325824828354,74704751137967,0.07440056049964182,2549.8802568102187,0.03475182239125561,2026-07-01 03:48:00
4.285714285714286,16,0.4010169343962765,0.44222814782438064,0.5577718549918959,0.11216374054439535,63487292415597703,74707900540377,0.07439801381729408,2554.1900059041795,0.034661141269025794,2026-07-01 04:03:00
4.0,10,0.4010026221396005,0.4422233423125326,0.5577766605035729,0.1121659238117399,63490047380055525,74710836186780,0.07439556699423623,2557.1144415998074,0.03446609161213563,2026-07-01 04:18:00
4.0,16,0.40098528130718136,0.4422191802540841,0.5577808225618462,0.11216818019816942,63492735571646481,74713697798583,0.07439319409634969,2560.1770030450643,0.03449848944004543,2026-07-01 04:33:00
4.0,16,0.4009654869450463,0.44221442681056555,0.5577855760051895,0.11217036331780138,63495331823859082,74716468269753,0.0743909847018439,2560.6641077065465,0.034843248791090894,2026-07-01 04:48:00
4.142857142857143,11,0.40093599347325315,0.4422119013762828,0.5577880986237171,0.11217247997052084,63497896253471402,74719207140461,0.07438876613970595,2559.738685671439,0.03499900791190258,2026-07-01 05:03:00
4.0,12,0.4009276009959567,0.4422067300501431,0.5577932727652436,0.11217471750403589,63500518705214433,74722006664942,0.07438652307584297,2555.9155235915136,0.035336400052006264,2026-07-01 05:18:00
4.428571428571429,19,0.400905081554593,0.4422020943469371,0.5577979112834758,0.1121768905585875,63503279847064510,74724938483777,0.07438414118068139,2554.1588000952233,0.03576171636449091,2026-07-01 05:33:00
4.571428571428571,14,0.4009014491805214,0.4421970278942926,0.5578029777357458,0.11217957604608439,63506227679019851,74728054270693,0.07438160696557708,2550.6007037399454,0.036211832503096016,2026-07-01 05:48:00
5.142857142857143,13,0.40087566795030355,0.44219345813340555,0.5578065418665945,0.11218178727572727,63509350963131649,74731360414015,0.07437890826693126,2544.2671726848403,0.03715956182535822,2026-07-01 06:03:00
5.285714285714286,12,0.4008782269051245,0.44218926200299197,0.5578107379970081,0.11218375441280883,63512740094110199,74734935837209,0.0743759826774153,2539.722226051633,0.03817015555982332,2026-07-01 06:18:00
5.857142857142857,17,0.40086258245848544,0.4421850354624834,0.5578149673519648,0.11218546984308603,63516385089843193,74738770552710,0.07437284501108841,2531.2385991024,0.03929885597820677,2026-07-01 06:33:00
6.285714285714286,19,0.4008626878835904,0.442179902900313,0.5578200999139358,0.11218731866506966,63520307469666200,74742897077621,0.07436930437869407,2523.1214210996786,0.040259845270623845,2026-07-01 06:48:00
6.857142857142857,16,0.4008508259619301,0.4421768870390657,0.5578231129609342,0.1121887355202474,63524540420482217,74747361167585,0.07436552121202586,2512.293679492093,0.04157761301269461,2026-07-01 07:03:00
7.142857142857143,18,0.4008475290313744,0.4421735688335342,0.5578264339802878,0.11219039019535906,63529100135125426,74752185991587,0.07436139199867148,2502.078761414397,0.042642260728695904,2026-07-01 07:18:00
9.142857142857142,20,0.4008420501206156,0.4421687006213468,0.5578312993786533,0.11219134814072358,63533872087656484,74757235721931,0.07435737905167443,2493.5551586737834,0.04464288408784324,2026-07-01 07:33:00
10.142857142857142,20,0.40167828524801646,0.4421651186670769,0.5578348813329231,0.11219214358562817,63537523003007269,74761384394044,0.07435717883855654,2487.5892877227134,0.04682725080615889,2026-07-01 07:48:00
10.714285714285714,29,0.40167262743404925,0.44216237794497215,0.5578376248682243,0.11219284437526662,63541045457586830,74765473847115,0.07435789239768889,2480.2134703708357,0.04855746066245285,2026-07-01 08:03:00
11.285714285714286,27,0.40167618633001734,0.4421597419819413,0.5578402580180587,0.1121931298995515,63544678330166761,74769733831231,0.07435890627218866,2473.0184626621503,0.050633517186920475,2026-07-01 08:18:00
12.142857142857142,26,0.4016706594987563,0.4421564574036149,0.5578435425963851,0.11219254531204953,63548487597390905,74774218944187,0.07435971790503407,2461.390944215782,0.052712767383063186,2026-07-01 08:33:00
12.571428571428571,28,0.4016782501063148,0.4421534149261363,0.5578465878864065,0.11219178884889346,63552460173259554,74778923031661,0.07436059448836498,2454.4132018454065,0.05633819543202216,2026-07-01 08:48:00
13.428571428571429,37,0.40165623542757495,0.4421515689636668,0.5578484366609672,0.11219030445295772,63556605893539379,74783849018378,0.07436150446407733,2447.1919313321177,0.05800071315384149,2026-07-01 09:03:00
13.571428571428571,30,0.40165788069815267,0.4421528023150051,0.5578471976849949,0.11218942150391238,63560910165224515,74788975282017,0.07436234227702085,2436.7695649205393,0.05949014346165755,2026-07-01 09:18:00
14.285714285714286,33,0.40166152265632465,0.4421510380228047,0.5578489619771954,0.11218775794074136,63565407330500551,74794318932696,0.0743630132705925,2429.794353994557,0.060827275624877906,2026-07-01 09:33:00
14.714285714285714,35,0.40167467523684597,0.44214963885287173,0.5578503695819461,0.11218574775326,63570076451524655,74799860426321,0.0743637588537755,2418.7374200810937,0.06246133370384725,2026-07-01 09:48:00
15.428571428571429,32,0.4016743941032327,0.4421488817539171,0.5578511238688245,0.11218398131993144,63574906656366659,74805604179509,0.07436438166378449,2411.0643591680223,0.06369053262637386,2026-07-01 10:03:00
15.714285714285714,37,0.4016723654686369,0.44215011115995984,0.5578498888400402,0.11218186618943972,63579887610070100,74811546686437,0.07436528900601672,2405.779903876322,0.06544141606926729,2026-07-01 10:18:00
16.285714285714285,34,0.4016774642100777,0.4421505006563617,0.5578494993436384,0.11218012817270605,63585025340941402,74817666523799,0.07436602425832357,2401.8239993692487,0.06565636754316,2026-07-01 10:33:00
16.428571428571427,34,0.40169800613204804,0.442150868366645,0.5578491344440077,0.11217838403569227,63590252129908865,74823910133798,0.07436686069304402,2399.799829738277,0.06674174817025118,2026-07-01 10:48:00
14.0,28,0.40170934092818344,0.4421532010250759,0.5578468074061373,0.11217587246659307,63596197042986373,74830928874220,0.07436591691324246,2396.4891259325113,0.06603237881123177,2026-07-01 11:03:00
14.0,33,0.40071757182393564,0.4421556827002118,0.5578443172997881,0.11217386322185835,63604401578008846,74840025818613,0.07435834602017158,2390.6434914426345,0.06573294554369571,2026-07-01 11:18:00
14.0,32,0.4007093358869466,0.442154883375735,0.5578451166242651,0.11217227289274824,63612931047129425,74849485211381,0.07435006337072071,2387.5016600716644,0.06544930072201698,2026-07-01 11:33:00
14.0,31,0.4007089269653273,0.4421565649541583,0.557843437855528,0.11217061896605111,63621664419024948,74859184541262,0.07434145281988108,2384.7783249180306,0.06545902951547886,2026-07-01 11:48:00
14.714285714285714,28,0.4006914807078032,0.44215752156090743,0.5578424840579672,0.1121686073882262,63630575992142714,74869090970514,0.07433255022616435,2384.3337436399484,0.06622995920827428,2026-07-01 12:03:00
15.0,36,0.400658578490949,0.44215842637403047,0.5578415736259695,0.11216683193205859,63639671310000986,74879210074152,0.07432347669013556,2384.8212342194442,0.06582380670924215,2026-07-01 12:18:00
15.0,33,0.4006629999559579,0.442160361206554,0.5578396416024001,0.11216493199556066,63648897812321061,74889500320929,0.07431435918093146,2383.6688034034737,0.06530675169256969,2026-07-01 12:33:00
15.0,31,0.40066153039388847,0.4421612820780981,0.5578387235393306,0.11216707221918518,63658161580748270,74899816302501,0.07430522807055487,2382.3477633984585,0.06471560494239535,2026-07-01 12:48:00
15.428571428571429,36,0.40064557606133483,0.4421643445785477,0.5578356582299163,0.1121690238278438,63667599076975257,74910323672006,0.0742959207905257,2376.8363528034256,0.06393725142979523,2026-07-01 13:03:00
15.428571428571429,31,0.4006458060797457,0.4421654158324471,0.5578345869757858,0.11217232362370895,63677328137599082,74921130878028,0.07428633268433778,2370.567149178152,0.06288460739048231,2026-07-01 13:18:00
15.857142857142858,30,0.40064349311683645,0.4421641821796474,0.5578358262443271,0.11217467345443033,63687259371128842,74932144695087,0.07427645123030784,2368.2930871326835,0.06227792890576816,2026-07-01 13:33:00
16.0,33,0.4006319985856935,0.4421628999367444,0.5578371056787639,0.11217832351569651,63697329888990298,74943309625790,0.07426630602438289,2361.7179705990816,0.061259242342059435,2026-07-01 13:48:00
16.0,32,0.4006227147870549,0.44216131017133914,0.5578386926361744,0.11218422264590504,63707504846342435,74954568590678,0.0742559885025636,2359.0419026071677,0.060596898705203,2026-07-01 14:03:00
15.857142857142858,30,0.40062575933629874,0.4421590164287636,0.5578409835712365,0.11218763051972057,63717706126659648,74965842568660,0.07424575425695092,2355.765474634836,0.05991544965411222,2026-07-01 14:18:00
16.142857142857142,35,0.40061133845981756,0.4421561797235937,0.557843834311547,0.11219048600125428,63727935171468682,74977124126637,0.07423564688696276,2351.8703354711465,0.059093168937058765,2026-07-01 14:33:00
15.857142857142858,31,0.40060786901545364,0.442153926135278,0.5578460794783026,0.11219422371717279,63738241405587577,74988483234111,0.07422546140866729,2351.5762136815006,0.05794326956259933,2026-07-01 14:48:00
16.0,32,0.40060328462073713,0.4421534895109529,0.5578465132955998,0.11219725061312417,63748570244921078,74999831119035,0.07421523917004279,2349.8186167536364,0.05724320949110209,2026-07-01 15:03:00
16.285714285714285,33,0.400615814234729,0.44215365612183877,0.5578463466844701,0.1122006052019883,63758938892437585,75011198352109,0.0742049946203466,2350.4409440303652,0.05680484291057222,2026-07-01 15:18:00
16.0,31,0.40061015961546187,0.4421516005558266,0.5578484106684811,0.1122030115211907,63769353933740949,75022577903266,0.07419464062733414,2351.104130449383,0.056124165718983064,2026-07-01 15:33:00
15.857142857142858,34,0.40060215689158385,0.4421481120061446,0.5578518936055482,0.11220543082106856,63779894421270204,75034070691687,0.07418433230082896,2348.263895390503,0.05523254989089692,2026-07-01 15:48:00
15.857142857142858,31,0.4006018406162689,0.4421440222226789,0.5578559777773211,0.11220773999487216,63790426234400919,75045532785200,0.07417406761653075,2346.995271625732,0.05522228963139781,2026-07-01 16:03:00
15.285714285714286,29,0.40060175755406496,0.44214268036484766,0.5578573224405163,0.11220973087047487,63800786847721761,75056832937190,0.07416371400267079,2345.1718312778526,0.05522355698715668,2026-07-01 16:18:00
15.428571428571429,31,0.40059645115711434,0.4421398747415871,0.5578601280635477,0.11221114310507574,63810818618537048,75067735157672,0.07415377013602484,2349.149144592683,0.054733517948950754,2026-07-01 16:33:00
15.571428571428571,38,0.4006026169284056,0.4421387738338169,0.557861228971076,0.11221241807455402,63820869052540903,75078692342312,0.07414384852015897,2349.2830684580176,0.055933555174958814,2026-07-01 16:48:00
15.857142857142858,33,0.400592294852218,0.44213633762710436,0.5578636651775545,0.11221394338041397,63831014045719258,75089775596674,0.07413380582274065,2343.6261179558305,0.05650025953233264,2026-07-01 17:03:00
16.0,34,0.4005895154630867,0.442133339238326,0.557866660761674,0.11221490006456583,63841247301604325,75100936295649,0.07412357301560715,2336.076530891639,0.0567890138313249,2026-07-01 17:18:00
16.0,30,0.40057973968062494,0.4421303402905519,0.5578696653178279,0.11221665788649367,63851465019840144,75112093205979,0.07411346863450047,2326.7352170404856,0.056602343588815114,2026-07-01 17:33:00
16.285714285714285,30,0.40057883238578207,0.44212710609498546,0.5578728967089708,0.11221750598051974,63861731172967861,75123300955134,0.07410316702982359,2317.4504259648447,0.05734351418376724,2026-07-01 17:48:00
16.0,32,0.40056892881531425,0.44212450689932375,0.5578754959043978,0.11221810267892099,63871900159979892,75134440533921,0.07409296912173975,2313.9700800387122,0.057679688830685805,2026-07-01 18:03:00
16.142857142857142,36,0.4005795703615169,0.44212259797221054,0.5578774020277895,0.11221810243669739,63881918856103216,75145444615934,0.07408302140989077,2312.371925561116,0.057596305442774824,2026-07-01 18:18:00
16.428571428571427,32,0.4005695837288452,0.44212042601276796,0.5578795767904906,0.11221793291621905,63892013959763208,75156515415563,0.07407289380238088,2311.709719715347,0.05858398915199059,2026-07-01 18:33:00
16.285714285714285,32,0.40055138352208547,0.44212093645291084,0.5578790635470892,0.11221815634051778,63902131293297959,75167628590684,0.0740626769233873,2306.3109860060454,0.05795554788745329,2026-07-01 18:48:00
16.142857142857142,30,0.4005605555062187,0.4421216616502503,0.5578783411525275,0.11221784627569263,63912172792438164,75178687877198,0.07405251187628861,2306.934351676115,0.058815098876266916,2026-07-01 19:03:00
15.714285714285714,32,0.4005630857087383,0.4421189360731683,0.5578810723344705,0.1122176714760239,63921778303201187,75189348716060,0.07404277086251544,2309.6019498158953,0.05872902410442697,2026-07-01 19:18:00
15.428571428571429,29,0.4005410358882967,0.4421160982520995,0.5578839017479005,0.1122168313546657,63931243239819980,75199853051771,0.0740332765591606,2313.1718368018965,0.058688577664402254,2026-07-01 19:33:00
15.0,37,0.40056644333859687,0.4421139921139393,0.5578860050839791,0.11221648692510879,63940518282141955,75210187988419,0.07402414218232341,2314.9959838017276,0.057206144632664206,2026-07-01 19:48:00
15.285714285714286,35,0.4005488916559678,0.4421113427642015,0.5578886628395029,0.112215390821717,63949567904008331,75220270006628,0.07401546647916081,2318.698026502682,0.05842406704382785,2026-07-01 20:03:00
16.0,40,0.40054658188775866,0.44210979416029195,0.5578902142445432,0.11221547317954526,63959078693595921,75230884862893,0.07400656529680354,2317.159485478645,0.05995669181335569,2026-07-01 20:18:00
16.714285714285715,34,0.4005582010122075,0.4421078743036366,0.5578921256963634,0.11221510317913974,63968983768356441,75241953473222,0.07399705747399944,2315.166679526025,0.06012206931773466,2026-07-01 20:33:00
17.428571428571427,34,0.40053427270807723,0.4421058767531495,0.5578941260479822,0.11221583045593163,63979237127844433,75253474276290,0.07398698562378841,2311.978267327626,0.05965138493586352,2026-07-01 20:48:00
18.428571428571427,46,0.4005209348349472,0.4421064839584452,0.5578935160415548,0.11221709050864301,63989978641548048,75265584389933,0.0739765762825024,2295.5887730483696,0.058951301339199354,2026-07-01 21:03:00
18.857142857142858,37,0.4005236024095732,0.4421053589694532,0.5578946438311924,0.11221968540491711,64001195648762676,75278199565108,0.07396540952828262,2281.189376011701,0.05792587936077434,2026-07-01 21:18:00
19.142857142857142,36,0.4005263242941018,0.4421044746230313,0.5578955253769687,0.11222218868416987,64012780904100959,75291217965736,0.07395370017596142,2265.78667637794,0.05614317137556785,2026-07-01 21:33:00
19.428571428571427,37,0.4006188364210717,0.4421064175564002,0.5578935824435998,0.11222486709039263,64024646994550478,75304453774707,0.07394173317077042,2268.2606711115163,0.05509705582506004,2026-07-01 21:48:00
19.714285714285715,39,0.4005372405845174,0.442105185497137,0.5578948173027765,0.11222890613009333,64036735618112261,75317971377251,0.07392951336007202,2262.9601418518705,0.05521597836399524,2026-07-01 22:03:00
21.142857142857142,45,0.4005183375437245,0.44210385333017665,0.5578961466698233,0.11223449700759969,64049251852899921,75331998735768,0.07391678276700422,2248.1296689063383,0.05389295392953929,2026-07-01 22:18:00
21.142857142857142,39,0.40053788910864807,0.4421017816265429,0.5578982239723378,0.1122404832955691,64062366388421811,75346608826535,0.07390339571102202,2245.0270948437415,0.05236785542194767,2026-07-01 22:33:00
20.571428571428573,44,0.4006097347203418,0.442099169128421,0.5579008336707899,0.11224690107392866,64075671938458859,75361375590574,0.0738901794949121,2247.5566110957143,0.05030286104724307,2026-07-01 22:48:00
20.142857142857142,42,0.40052536907875663,0.44209595497176807,0.557904045028232,0.11225327993338244,64088911521769200,75376008191657,0.07387680828637135,2259.0942368883875,0.04938495428051101,2026-07-01 23:03:00
19.428571428571427,36,0.4005129353057693,0.4420923063003291,0.5579076936996709,0.11225868205307879,64101773583812177,75390128280388,0.07386385278241551,2279.381420501982,0.047939053927481434,2026-07-01 23:18:00
18.428571428571427,40,0.4005045044920711,0.44208843849832924,0.5579115643002278,0.11226311238107338,64114466895005911,75403955320180,0.07385115650557503,2296.202981521838,0.046350468616870207,2026-07-01 23:33:00
17.571428571428573,40,0.40050999298693035,0.44208584572660536,0.5579141598700705,0.11226717788987728,64126658945171254,75417177750428,0.07383909249407569,2317.4041431905794,0.044711297796595474,2026-07-01 23:48:00
15.714285714285714,32,0.4005159702709127,0.4420812748568947,0.5579187335375027,0.11227068928714186,64138045607353546,75429464610015,0.07382814423773082,2340.700353532021,0.04414520121259871,2026-07-02 00:03:00
14.571428571428571,30,0.40049969007894365,0.4420762692398658,0.5579237391539157,0.11227436535905573,64148710649088839,75440886710830,0.07381793567065208,2362.1491202158036,0.04303619324907377,2026-07-02 00:18:00
13.285714285714286,31,0.40049665191910017,0.4420703045379553,0.5579296982597709,0.11227821239848258,64158739550461551,75451554012597,0.07380854163426818,2381.4342533829695,0.04165685435465621,2026-07-02 00:33:00
12.285714285714286,29,0.4004893168875537,0.44206458390653,0.5579354160934701,0.1122812524649302,64168107974426047,75461463911590,0.07379979796622604,2400.9120449627158,0.04004353596565753,2026-07-02 00:48:00
11.714285714285714,27,0.4004783846236373,0.4420604911380326,0.5579395116593003,0.11228431289815519,64176828999750946,75470663601479,0.07379166840980132,2421.787291204977,0.03887300986868529,2026-07-02 01:03:00
10.285714285714286,24,0.4004615805008435,0.4420545710847148,0.5579454289152852,0.11228756183139996,64185103608790048,75479357882112,0.07378405583073792,2441.532206861164,0.03791668690401023,2026-07-02 01:18:00
9.428571428571429,22,0.4004282757517703,0.44204922249852907,0.5579507775014709,0.11229024486460988,64192477303370939,75487090522826,0.07377730001684141,2460.485878815014,0.038829163249476856,2026-07-02 01:33:00
8.857142857142858,21,0.4004123725344191,0.44204348926998854,0.5579565135267965,0.11229328450759984,64199205979949881,75494140893509,0.07377120286624586,2478.2497086045782,0.03749205202527829,2026-07-02 01:48:00
8.0,22,0.40041231502981633,0.4420379532271749,0.5579620495694303,0.1122959673597744,64205456437964314,75500682723497,0.07376559457771274,2491.5116687900754,0.03693195458037257,2026-07-02 02:03:00
7.285714285714286,19,0.40040560615949944,0.4420328097646126,0.5579671930318155,0.11229877881495201,64211051488148251,75506553961785,0.07376062597049207,2505.000185444624,0.03666524857360959,2026-07-02 02:18:00
6.428571428571429,19,0.4003941052389562,0.44202724834516627,0.5579727544510868,0.11230131604968661,64216117214253843,75511869585574,0.07375617781655358,2512.7140446328726,0.03552270001557748,2026-07-02 02:33:00
6.428571428571429,18,0.40036130844720696,0.442021755636966,0.5579782499551922,0.11230377232725086,64220692153246812,75516682647807,0.07375226957828687,2522.6431874449563,0.035202369200394865,2026-07-02 02:48:00
5.571428571428571,18,0.4003703334751333,0.44201978556804267,0.5579802144319573,0.11230625494046849,64224882344510764,75521093931298,0.0737487804453639,2530.2207019062876,0.03583203694627021,2026-07-02 03:03:00
5.285714285714286,17,0.40034851686780276,0.4420151983040441,0.5579848016959559,0.11230838619380146,64228634357794030,75525088355195,0.07374566191121697,2535.7493120231456,0.03556996300675031,2026-07-02 03:18:00
5.142857142857143,15,0.4003331439706766,0.4420097304748402,0.5579902723207029,0.11231070401866686,64232045108608736,75528717135379,0.07374291238165423,2541.091761768087,0.034803305946941476,2026-07-02 03:33:00
4.571428571428571,12,0.40031797233965993,0.4420042149237718,0.5579957878716004,0.11231285429969591,64235212677635173,75532083445401,0.07374040293815214,2547.82667727118,0.03488577001993604,2026-07-02 03:48:00
4.428571428571429,12,0.4003100303150848,0.441999235646441,0.5580007643535589,0.11231511878708458,64238243355583996,75535304494901,0.07373794510286233,2551.881554777017,0.03471290345363373,2026-07-02 04:03:00
4.142857142857143,13,0.40030307864755643,0.4419949325694126,0.5580050674305874,0.11231726909796527,64241055559313180,75538297918507,0.07373568237344906,2557.2585415549597,0.034495857575016574,2026-07-02 04:18:00
4.428571428571429,14,0.4002739142298788,0.44198999762333413,0.5580100023766659,0.11231956342065338,64243714798726430,75541134809499,0.07373354014898391,2562.5501652847524,0.03460897067722777,2026-07-02 04:33:00
3.857142857142857,13,0.40025390901753377,0.44198483578833636,0.5580151642116636,0.11232203215605482,64246272847937420,75543857761421,0.0737315208254494,2563.487709622018,0.03468655152757021,2026-07-02 04:48:00
4.0,12,0.4002354979605641,0.4419821078197134,0.5580178921802865,0.1123242151926386,64248802630153580,75546580189425,0.07372953547584526,2563.0458903047634,0.03550465370949086,2026-07-02 05:03:00
4.428571428571429,15,0.4002257637092043,0.44197760144071135,0.5580223985592887,0.11232629626500044,64251429730655128,75549390139576,0.07372738449399031,2559.2200452910006,0.03569802077691891,2026-07-02 05:18:00
4.428571428571429,12,0.40022272874406095,0.4419733741491424,0.5580266314391655,0.11232841141648969,64254146178762088,75552280472686,0.07372514755767999,2557.7130849932187,0.03591852668108264,2026-07-02 05:33:00
4.571428571428571,11,0.40020548375264636,0.44196936573348355,0.5580306342665164,0.1123304609717756,64257049742994540,75555356537275,0.07372281458607084,2551.9780851852274,0.03630096341536343,2026-07-02 05:48:00
5.0,16,0.4001908520259552,0.44196528488472203,0.5580347179090788,0.11233258116109855,64260148144847852,75558635125704,0.0737203556068748,2546.115486082474,0.037432525602434964,2026-07-02 06:03:00
5.428571428571429,16,0.4002005703038143,0.44196172294490826,0.5580382770550918,0.11233430100505865,64263520026670955,75562189215193,0.07371753846898879,2539.3923761958517,0.0380796393643125,2026-07-02 06:18:00
5.857142857142857,16,0.40019310748426173,0.4419583578076674,0.5580416421923325,0.11233610889008638,64267145708530752,75566014476020,0.07371453459963373,2530.923776579787,0.03895126416368137,2026-07-02 06:33:00
6.285714285714286,21,0.4001933311132723,0.4419548770035739,0.5580451202031769,0.11233787337346386,64271062454620632,75570135099698,0.0737111821305221,2524.0773683431194,0.04028215850651211,2026-07-02 06:48:00
6.857142857142857,15,0.40019811038469805,0.44195360519777044,0.5580463975952811,0.11233938298472085,64275305792445875,75574609636444,0.0737075516695597,2515.1442711207096,0.04129764095497962,2026-07-02 07:03:00
7.142857142857143,17,0.40019201170211,0.44194932052446256,0.5580506822683948,0.11234057209467593,64279910912333633,75579468119650,0.07370363802094188,2505.795371239685,0.04278816194687868,2026-07-02 07:18:00
8.0,22,0.400184983361778,0.44194725748371794,0.5580527397236346,0.11234185887923599,64284819571691912,75584657267315,0.07369933940615833,2497.981070513161,0.044450577719511664,2026-07-02 07:33:00
9.714285714285714,26,0.4001650899639383,0.4419445752009801,0.5580554247990199,0.11234250103168154,64289861955691898,75589998156513,0.07369524786408561,2487.549943432178,0.046390481612817905,2026-07-02 07:48:00
11.0,26,0.40117694095333467,0.4419443362219273,0.55805566936251,0.11234316523904916,64293677502738456,75594351755073,0.07369521198341573,2478.0769995002825,0.04874058902506914,2026-07-02 08:03:00
11.285714285714286,22,0.4011783530108014,0.4419423599942572,0.5580576400057429,0.11234303892800701,64297373302322461,75598683529298,0.07369586371144755,2469.9611942041065,0.051048979064932984,2026-07-02 08:18:00
12.142857142857142,25,0.4011895632136309,0.4419395585947475,0.5580604414052526,0.11234236418607467,64301088957998652,75603084888946,0.07369669407351978,2462.563338966345,0.053094424456438895,2026-07-02 08:33:00
12.571428571428571,27,0.4012785963121365,0.4419396912804885,0.5580603143026638,0.1123414693284482,64304964309115010,75607686220875,0.0736974296992118,2455.7516470843175,0.055310184898345736,2026-07-02 08:48:00
13.428571428571429,33,0.4012711430766845,0.44193887113108554,0.5580611344516176,0.11234031059824542,64309005678993156,75612499472868,0.07369843225490233,2446.3289575735935,0.05727032191680141,2026-07-02 09:03:00
13.285714285714286,33,0.40117992480327563,0.4419405588245618,0.5580594467576728,0.11233838456698048,64313194046046574,75617511117398,0.0736995552396431,2439.531872188762,0.059089130501686064,2026-07-02 09:18:00
14.285714285714286,35,0.4011693183987746,0.4419404918515176,0.5580595081484824,0.11233616557142087,64317524903384429,75622695128463,0.073700679220308,2429.697532460927,0.060512152790448845,2026-07-02 09:33:00
14.428571428571429,28,0.4011834549469424,0.44193921111894646,0.5580607916717251,0.1123342437316517,64322023682150597,75628071138305,0.07370132530715663,2421.6784299611713,0.06214882529331276,2026-07-02 09:48:00
